ticker,date,window_start,current_close,rubix_last_informational_only,entry,buy_low,stop,target1,target2,support_displayed,support_raw_used_by_entry,resistance_displayed_includes_current_bar,target_resistance_raw_excludes_current_bar,atr_engine,rr_engine,risk_distance,reward_distance,risk_distance_percent_of_entry,reward_distance_percent_of_entry,support_below_close_percent,prior_resistance_vs_entry_percent,independent_entry,independent_stop,independent_target1,independent_target2,independent_support,independent_displayed_resistance,independent_atr,independent_rr,rr_before_intermediate_level_rounding,rounding_changes_risk_gate,ema20_engine,ema20_independent,ema50_engine,ema50_independent,ema200_engine,ema200_independent,ema20_verified,ema50_verified,ema200_verified,support_verified,resistance_verified,atr_verified,entry_verified,stop_verified,target1_verified,target2_verified,rr_verified,phase8_same_candles_rr,phase8_same_candles_all_values_match,phase8_archived_dataset_date,phase8_archived_dataset_rr,phase8_archived_dataset_close,phase8_archived_dataset_support,phase8_archived_dataset_resistance,phase8_archived_dataset_atr,phase8_archived_dataset_entry,phase8_archived_dataset_stop,phase8_archived_dataset_target1,phase8_archived_dataset_target2,rr_formula,risk_boolean,chart_path
BIOC.CA,2026-07-16,2026-06-15,105.69999694824219,126.84,105.7,104.36,65.41,88.09,97.01,66.75,66.75,105.7,88.08999633789062,4.461017366466256,-0.22,40.290000000000006,-8.689999999999998,38.11731315042574,-8.221381267738881,36.84957244352118,-16.66036297266734,105.7,65.41,88.09,97.01,66.75,105.7,4.461017366466256,-0.22,-0.2156448748648651,False,76.74971862941663,76.74971862941663,72.76402991835239,72.76402991835239,64.403325306402,64.403325306402,True,True,True,True,True,True,True,True,True,True,True,-0.22,True,2026-07-12,1.13,73.5999984741211,66.75,76.95,2.656739349375592,73.6,65.95,76.95,82.26,(97.01 - 105.7) / (105.7 - 65.41) = -0.22,1.5 <= -0.22 <= 100.0 is False,reports/rr_audit_charts/BIOC_CA.png
NINH.CA,2026-07-16,2026-06-15,21.559999465942383,22.9,21.56,21.27,16.74,19.2,21.12,17.03,17.030000686645508,22.89,19.200000762939453,0.9600992265586156,-0.09,4.82,-0.4399999999999977,22.356215213358073,-2.0408163265306016,21.01112658399071,-10.94619312180216,21.56,16.74,19.2,21.12,17.03,22.89,0.9600992265586156,-0.09,-0.09128220091917173,False,18.29213094354665,18.29213094354665,17.527539062611748,17.527539062611748,13.664179586565135,13.664179586565135,True,True,True,True,True,True,True,True,True,True,True,-0.09,True,2026-07-12,2.5,17.639999389648438,16.8,18.85,0.7079716963244537,17.64,16.59,18.85,20.27,(21.12 - 21.56) / (21.56 - 16.74) = -0.09,1.5 <= -0.09 <= 100.0 is False,reports/rr_audit_charts/NINH_CA.png
OFH.CA,2026-07-16,2026-06-15,0.7020000219345093,0.698,0.7,0.7,0.57,0.67,0.7,0.57,0.5730000138282776,0.71,0.6650000214576721,0.01843558569004445,0.0,0.13,0.0,18.571428571428573,0.0,18.376068956628366,-4.999996934618263,0.7,0.57,0.67,0.7,0.57,0.71,0.01843558569004445,0.0,-0.000957618686656741,False,0.6327978284867918,0.6327978284867918,0.6186561933025652,0.6186561933025652,0.5874072326079259,0.5874072326079259,True,True,True,True,True,True,True,True,True,True,True,0.0,True,2026-07-12,0.67,0.6340000033378601,0.57,0.64,0.014954883373052274,0.63,0.57,0.64,0.67,(0.7 - 0.7) / (0.7 - 0.57) = 0.0,1.5 <= 0.0 <= 100.0 is False,reports/rr_audit_charts/OFH_CA.png
AMER.CA,2026-07-16,2026-06-15,3.880000114440918,4.2,3.88,3.83,2.23,3.6,3.96,2.28,2.2799999713897705,3.89,3.5999999046325684,0.17860821919614847,0.05,1.65,0.08000000000000007,42.52577319587629,2.061855670103095,41.23711587265499,-7.216497303284318,3.88,2.23,3.6,3.96,2.28,3.89,0.17860821919614847,0.05,0.04669632359009646,False,2.9214542932495275,2.9214542932495275,2.6380918907506405,2.6380918907506405,2.107833254432884,2.107833254432884,True,True,True,True,True,True,True,True,True,True,True,0.05,True,2026-07-12,0.2,3.1600000858306885,2.28,3.24,0.14736643935456084,3.16,2.24,3.05,3.34,(3.96 - 3.88) / (3.88 - 2.23) = 0.05,1.5 <= 0.05 <= 100.0 is False,reports/rr_audit_charts/AMER_CA.png
FTNS.CA,2026-07-16,2026-06-15,1.399999976158142,1.33,1.4,1.39,1.13,1.34,1.42,1.14,1.1399999856948853,1.4,1.340000033378601,0.040278606327031674,0.07,0.27,0.020000000000000018,19.28571428571429,1.42857142857143,18.57142820650217,-4.285711901528488,1.4,1.13,1.34,1.42,1.14,1.4,0.040278606327031674,0.07,0.07555498369897692,False,1.2203235375922579,1.2203235375922579,1.2020323621097124,1.2020323621097124,1.30035505942442,1.30035505942442,True,True,True,True,True,True,True,True,True,True,True,0.07,True,2026-07-12,2.2,1.1799999475479126,1.14,1.23,0.030929334623196886,1.18,1.13,1.23,1.29,(1.42 - 1.4) / (1.4 - 1.13) = 0.07,1.5 <= 0.07 <= 100.0 is False,reports/rr_audit_charts/FTNS_CA.png
ELKA.CA,2026-07-16,2026-06-15,1.9600000381469727,2.16,1.96,1.93,1.16,1.87,2.04,1.19,1.190000057220459,1.96,1.8700000047683716,0.08718929594081119,0.1,0.8,0.08000000000000007,40.816326530612244,4.081632653061228,39.285712547969574,-4.5918364914096115,1.96,1.16,1.87,2.04,1.19,1.96,0.08718929594081119,0.1,0.10598234130934771,False,1.5196789671820135,1.5196789671820135,1.365822728308627,1.365822728308627,1.5526720503653608,1.5526720503653608,True,True,True,True,True,True,True,True,True,True,True,0.1,True,2026-07-12,0.21,1.6399999856948853,1.19,1.73,0.07653738277856018,1.64,1.17,1.59,1.74,(2.04 - 1.96) / (1.96 - 1.16) = 0.1,1.5 <= 0.1 <= 100.0 is False,reports/rr_audit_charts/ELKA_CA.png
BIDI.CA,2026-07-16,2026-05-21,1.9299999475479126,2.02,1.93,1.9,1.26,1.84,2.01,1.29,1.2899999618530273,1.93,1.840000033378601,0.08383407355197388,0.12,0.6699999999999999,0.07999999999999985,34.71502590673575,4.145077720207246,33.160621921674796,-4.663210705771962,1.93,1.26,1.84,2.01,1.29,1.93,0.08383407355197388,0.12,0.11676796012158003,False,1.5219453284828408,1.5219453284828408,1.4043365018448588,1.4043365018448588,1.316531737339843,1.316531737339843,True,True,True,True,True,True,True,True,True,True,True,0.12,True,2026-06-24,0.15,1.7599999904632568,1.24,1.77,0.0774643698344235,1.76,1.22,1.69,1.84,(2.01 - 1.93) / (1.93 - 1.26) = 0.12,1.5 <= 0.12 <= 100.0 is False,reports/rr_audit_charts/BIDI_CA.png
DTPP.CA,2026-07-16,2026-06-15,242.39999389648438,238.91,242.4,238.26,109.86,234.5,262.12,114.0,114.0,242.4,234.5,13.8123490512035,0.15,132.54000000000002,19.72,54.678217821782184,8.135313531353134,52.9702958455176,-3.259075907590761,242.4,109.86,234.5,262.12,114.0,242.4,13.8123490512035,0.15,0.14881661227582382,False,182.468874450844,182.468874450844,154.25282192430768,154.25282192430768,120.73185639014487,120.73185639014487,True,True,True,True,True,True,True,True,True,True,True,0.15,True,2026-07-12,0.47,212.0,114.0,234.5,12.668464920897224,212.0,110.2,234.5,259.84,(262.12 - 242.4) / (242.4 - 109.86) = 0.15,1.5 <= 0.15 <= 100.0 is False,reports/rr_audit_charts/DTPP_CA.png
OCDI.CA,2026-07-16,2026-06-15,28.5,28.0,28.5,28.21,20.26,28.0,29.94,20.55,20.549999237060547,28.69,28.0,0.9689893093880116,0.17,8.239999999999998,1.4400000000000013,28.912280701754376,5.0526315789473735,27.8947395190858,-1.7543859649122806,28.5,20.26,28.0,29.94,20.55,28.69,0.9689893093880116,0.17,0.17449719626849314,False,25.567782985048428,25.567782985048428,23.557181726541195,23.557181726541195,24.815389581068363,24.815389581068363,True,True,True,True,True,True,True,True,True,True,True,0.17,True,2026-07-12,0.41,26.950000762939453,20.0,28.0,0.9510524910315363,26.95,19.71,28.0,29.9,(29.94 - 28.5) / (28.5 - 20.26) = 0.17,1.5 <= 0.17 <= 100.0 is False,reports/rr_audit_charts/OCDI_CA.png
GGCC.CA,2026-07-16,2026-06-15,0.7289999723434448,0.851,0.73,0.72,0.4,0.72,0.79,0.41,0.4059999883174896,0.73,0.7200000286102295,0.032830444796770684,0.18,0.32999999999999996,0.06000000000000005,45.20547945205479,8.219178082191789,44.307269722883355,-1.3698590944891083,0.73,0.4,0.72,0.79,0.41,0.73,0.032830444796770684,0.18,0.1702301219599489,False,0.543559319083825,0.543559319083825,0.48471455952808185,0.48471455952808185,0.49376461229775354,0.49376461229775354,True,True,True,True,True,True,True,True,True,True,True,0.18,True,2026-07-12,0.22,0.5740000009536743,0.4,0.6,0.022289464897264025,0.57,0.39,0.56,0.61,(0.79 - 0.73) / (0.73 - 0.4) = 0.18,1.5 <= 0.18 <= 100.0 is False,reports/rr_audit_charts/GGCC_CA.png
MAAL.CA,2026-07-16,2026-06-15,8.699999809265137,8.68,8.7,8.6,5.65,8.59,9.24,5.75,5.75,8.75,8.59000015258789,0.32415519672652376,0.18,3.049999999999999,0.5400000000000009,35.057471264367805,6.206896551724149,33.90804452804137,-1.2643660622081456,8.7,5.65,8.59,9.24,5.75,8.75,0.32415519672652376,0.18,0.1766548128102625,False,7.537579825674191,7.537579825674191,6.400058945775436,6.400058945775436,4.800418943546666,4.800418943546666,True,True,True,True,True,True,True,True,True,True,True,0.18,True,2026-07-12,0.32,8.130000114440918,5.52,8.36,0.31290978571512623,8.13,5.43,8.36,8.99,(9.24 - 8.7) / (8.7 - 5.65) = 0.18,1.5 <= 0.18 <= 100.0 is False,reports/rr_audit_charts/MAAL_CA.png
AIFI.CA,2026-07-16,2026-06-15,2.240000009536743,2.19,2.24,2.22,1.84,2.17,2.32,1.86,1.8600000143051147,2.24,2.1700000762939453,0.07261733593995623,0.2,0.40000000000000013,0.07999999999999963,17.85714285714286,3.5714285714285547,16.96428542918697,-3.1249965940203075,2.24,1.84,2.17,2.32,1.86,2.24,0.07261733593995623,0.2,0.18725114659168554,False,2.053552333820013,2.053552333820013,1.9502343316691577,1.9502343316691577,1.892225240920353,1.892225240920353,True,True,True,True,True,True,True,True,True,True,True,0.2,True,2026-07-12,0.59,2.069999933242798,1.77,2.12,0.07234468583002884,2.07,1.75,2.12,2.26,(2.32 - 2.24) / (2.24 - 1.84) = 0.2,1.5 <= 0.2 <= 100.0 is False,reports/rr_audit_charts/AIFI_CA.png
ASPI.CA,2026-07-16,2026-06-15,0.3499999940395355,0.345,0.35,0.35,0.3,0.33,0.36,0.3,0.3009999990463257,0.37,0.33000001311302185,0.015672165598650943,0.2,0.04999999999999999,0.010000000000000009,14.285714285714283,2.85714285714286,13.999998807907085,-5.714281967708037,0.35,0.3,0.33,0.36,0.3,0.37,0.015672165598650943,0.2,0.21124772509124065,False,0.3184539844103875,0.3184539844103875,0.31185789696709687,0.31185789696709687,0.3014817706799421,0.3014817706799421,True,True,True,True,True,True,True,True,True,True,True,0.2,True,2026-07-12,5.0,0.3160000145435333,0.3,0.39,0.01443723169678665,0.32,0.3,0.39,0.42,(0.36 - 0.35) / (0.35 - 0.3) = 0.2,1.5 <= 0.2 <= 100.0 is False,reports/rr_audit_charts/ASPI_CA.png
CAED.CA,2026-07-16,2026-06-15,112.11000061035156,131.04,112.11,110.01,65.9,107.16,121.13,68.0,68.0,127.0,107.16000366210938,6.985619147508898,0.2,46.209999999999994,9.019999999999996,41.21844616894121,8.045669431808042,39.345286210156985,-4.415303128972103,112.11,65.9,107.16,121.13,68.0,127.0,6.985619147508898,0.2,0.19524093371413967,False,80.18287779315082,80.18287779315082,73.50845460761161,73.50845460761161,62.66902668076412,62.66902668076412,True,True,True,True,True,True,True,True,True,True,True,0.2,True,2026-07-12,1.24,74.77999877929688,67.21,78.4,3.5165814680874306,74.78,66.16,78.4,85.43,(121.13 - 112.11) / (112.11 - 65.9) = 0.2,1.5 <= 0.2 <= 100.0 is False,reports/rr_audit_charts/CAED_CA.png
EDFM.CA,2026-07-16,2026-06-15,374.9800109863281,396.59,374.98,371.36,306.58,365.0,389.15,310.2,310.20001220703125,377.0,365.0,12.076626427183125,0.21,68.40000000000003,14.169999999999959,18.24097285188544,3.778868206304325,17.275587199675762,-2.6614752786815346,374.98,306.58,365.0,389.15,310.2,377.0,12.076626427183125,0.21,0.20720209087732863,False,342.9122732472929,342.9122732472929,334.4341405962942,334.4341405962942,314.5569610979988,314.5569610979988,True,True,True,True,True,True,True,True,True,True,True,0.21,True,2026-07-12,0.89,343.0400085449219,310.2,355.0,10.039477614635974,343.04,307.19,355.0,375.08,(389.15 - 374.98) / (374.98 - 306.58) = 0.21,1.5 <= 0.21 <= 100.0 is False,reports/rr_audit_charts/EDFM_CA.png
CERA.CA,2026-07-16,2026-06-15,1.4199999570846558,1.37,1.42,1.41,1.16,1.39,1.48,1.17,1.1699999570846558,1.46,1.3899999856948853,0.044866113086513226,0.23,0.26,0.06000000000000005,18.30985915492958,4.2253521126760605,17.605634334895676,-2.1126770637404704,1.42,1.16,1.39,1.48,1.17,1.46,0.044866113086513226,0.23,0.22672243390255778,False,1.2797717989971267,1.2797717989971267,1.2221169325238268,1.2221169325238268,1.2007206888715294,1.2007206888715294,True,True,True,True,True,True,True,True,True,True,True,0.23,True,2026-07-12,0.5,1.3200000524520874,1.15,1.35,0.03983915073420401,1.32,1.14,1.33,1.41,(1.48 - 1.42) / (1.42 - 1.16) = 0.23,1.5 <= 0.23 <= 100.0 is False,reports/rr_audit_charts/CERA_CA.png
MPRC.CA,2026-07-16,2026-06-15,43.970001220703125,43.1,43.97,43.51,31.26,43.9,46.94,31.72,31.719999313354492,44.88,43.900001525878906,1.5219063108342223,0.23,12.709999999999997,2.969999999999999,28.906072322037744,6.754605412781439,27.859908044716548,-0.15919598390059725,43.97,31.26,43.9,46.94,31.72,44.88,1.5219063108342223,0.23,0.2340373552707072,False,39.50549655857423,39.50549655857423,35.75658697942406,35.75658697942406,30.743862428138808,30.743862428138808,True,True,True,True,True,True,True,True,True,True,True,0.23,True,2026-07-12,0.34,42.25,31.15,43.2,1.503800200174478,42.25,30.7,43.2,46.21,(46.94 - 43.97) / (43.97 - 31.26) = 0.23,1.5 <= 0.23 <= 100.0 is False,reports/rr_audit_charts/MPRC_CA.png
ZMID.CA,2026-07-16,2026-06-15,7.5,7.5,7.5,7.43,6.04,7.38,7.86,6.11,6.110000133514404,7.57,7.380000114440918,0.24091401879636498,0.25,1.46,0.3600000000000003,19.466666666666665,4.800000000000004,18.533331553141277,-1.5999984741210938,7.5,6.04,7.38,7.86,6.11,7.57,0.24091401879636498,0.25,0.2474420896405254,False,6.783167915379867,6.783167915379867,6.3671412097011135,6.3671412097011135,5.654155739927795,5.654155739927795,True,True,True,True,True,True,True,True,True,True,True,0.25,True,2026-07-12,0.34,7.050000190734863,6.03,7.16,0.2318694198225471,7.05,5.96,6.96,7.42,(7.86 - 7.5) / (7.5 - 6.04) = 0.25,1.5 <= 0.25 <= 100.0 is False,reports/rr_audit_charts/ZMID_CA.png
MASR.CA,2026-07-16,2026-06-15,8.359999656677246,8.39,8.36,8.28,6.63,8.35,8.87,6.71,6.710000038146973,8.51,8.350000381469727,0.257631406531235,0.29,1.7299999999999995,0.5099999999999998,20.69377990430622,6.100478468899519,19.736838352767112,-0.11961266184536926,8.36,6.63,8.35,8.87,6.71,8.51,0.257631406531235,0.29,0.2925182329135378,False,7.664727272844756,7.664727272844756,7.124688144731975,7.124688144731975,5.774850293498434,5.774850293498434,True,True,True,True,True,True,True,True,True,True,True,0.29,True,2026-07-12,0.28,7.949999809265137,6.54,7.95,0.26406843354234527,7.95,6.46,7.84,8.37,(8.87 - 8.36) / (8.36 - 6.63) = 0.29,1.5 <= 0.29 <= 100.0 is False,reports/rr_audit_charts/MASR_CA.png
GSSC.CA,2026-07-16,2026-06-15,266.0199890136719,276.99,266.02,264.31,238.29,263.63,275.02,240.0,240.0,270.0,263.6300048828125,5.693747147237196,0.32,27.72999999999999,9.0,10.424028268551233,3.383204270355612,9.781215731248901,-0.8984268540664168,266.02,238.29,263.63,275.02,240.0,270.0,5.693747147237196,0.32,0.32449053105043363,False,254.87256276904643,254.87256276904643,252.36447289848408,252.36447289848408,241.4773871991496,241.4773871991496,True,True,True,True,True,True,True,True,True,True,True,0.32,True,2026-07-12,0.82,258.7699890136719,240.0,263.63,5.988652026337695,258.77,238.2,263.63,275.61,(275.02 - 266.02) / (266.02 - 238.29) = 0.32,1.5 <= 0.32 <= 100.0 is False,reports/rr_audit_charts/GSSC_CA.png
HELI.CA,2026-07-16,2026-06-15,7.78000020980835,7.95,7.78,7.71,6.27,7.77,8.26,6.34,6.340000152587891,7.96,7.769999980926514,0.24609807677209308,0.32,1.5100000000000007,0.47999999999999954,19.40874035989718,6.169665809768631,18.508997665643143,-0.1285349495306758,7.78,6.27,7.77,8.26,6.34,7.96,0.24609807677209308,0.32,0.3185272390005606,False,6.997042181668322,6.997042181668322,6.58602835946043,6.58602835946043,6.089417500934705,6.089417500934705,True,True,True,True,True,True,True,True,True,True,True,0.32,True,2026-07-12,0.38,7.460000038146973,6.28,7.62,0.2432542558936022,7.46,6.21,7.45,7.94,(8.26 - 7.78) / (7.78 - 6.27) = 0.32,1.5 <= 0.32 <= 100.0 is False,reports/rr_audit_charts/HELI_CA.png
UEGC.CA,2026-07-16,2026-06-15,2.1700000762939453,2.33,2.17,2.14,1.3,2.26,2.45,1.33,1.3300000429153442,2.26,2.259999990463257,0.09736375689717051,0.32,0.8699999999999999,0.28000000000000025,40.09216589861751,12.903225806451623,38.709677596565015,4.14746499830677,2.17,1.3,2.26,2.45,1.33,2.26,0.09736375689717051,0.32,0.32757067104191834,False,1.721614363091748,1.721614363091748,1.544378180371651,1.544378180371651,1.3466829000022738,1.3466829000022738,True,True,True,True,True,True,True,True,True,True,True,0.32,True,2026-07-12,0.11,1.8600000143051147,1.33,1.88,0.07006216077542458,1.86,1.31,1.78,1.92,(2.45 - 2.17) / (2.17 - 1.3) = 0.32,1.5 <= 0.32 <= 100.0 is False,reports/rr_audit_charts/UEGC_CA.png
MOIL.CA,2026-07-16,2026-06-15,0.550000011920929,0.551,0.55,0.55,0.46,0.55,0.58,0.46,0.460999995470047,0.56,0.550000011920929,0.014198784729060237,0.33,0.09000000000000002,0.029999999999999916,16.363636363636367,5.454545454545439,16.18182082215611,2.1674416201216733e-06,0.55,0.46,0.55,0.58,0.46,0.56,0.014198784729060237,0.33,0.30450005858725754,False,0.5082601396630633,0.5082601396630633,0.48216564835784237,0.48216564835784237,0.4330707267934311,0.4330707267934311,True,True,True,True,True,True,True,True,True,True,True,0.33,True,2026-07-12,0.67,0.5170000195503235,0.46,0.53,0.012528328826934254,0.52,0.46,0.53,0.56,(0.58 - 0.55) / (0.55 - 0.46) = 0.33,1.5 <= 0.33 <= 100.0 is False,reports/rr_audit_charts/MOIL_CA.png
PHTV.CA,2026-07-16,2026-06-15,299.9599914550781,310.1,299.96,296.51,203.55,308.49,331.48,207.0,207.0,308.49,308.489990234375,11.495009522165203,0.33,96.40999999999997,31.52000000000004,32.14095212695025,10.508067742365663,30.990796807313476,2.8437092393569214,299.96,203.55,308.49,331.48,207.0,308.49,11.495009522165203,0.33,0.3269423306385253,False,269.8596940478552,269.8596940478552,240.13500924594192,240.13500924594192,194.39602092786328,194.39602092786328,True,True,True,True,True,True,True,True,True,True,True,0.33,True,2026-07-12,0.18,301.8500061035156,201.55,304.0,11.72504880441384,301.85,198.03,297.0,320.45,(331.48 - 299.96) / (299.96 - 203.55) = 0.33,1.5 <= 0.33 <= 100.0 is False,reports/rr_audit_charts/PHTV_CA.png
PRCL.CA,2026-07-16,2026-06-15,36.31999969482422,37.9,36.32,35.8,23.98,36.99,40.45,24.5,24.5,36.99,36.9900016784668,1.7285877851517273,0.33,12.34,4.130000000000003,33.97577092511013,11.371145374449346,32.54405229664313,1.8447182777169508,36.32,23.98,36.99,40.45,24.5,36.99,1.7285877851517273,0.33,0.334493830064956,False,32.39557133673536,32.39557133673536,27.59856035417192,27.59856035417192,19.578022756630144,19.578022756630144,True,True,True,True,True,True,True,True,True,True,True,0.33,True,2026-07-12,0.42,35.31999969482422,23.75,36.99,1.7634350665291227,35.32,23.22,36.89,40.42,(40.45 - 36.32) / (36.32 - 23.98) = 0.33,1.5 <= 0.33 <= 100.0 is False,reports/rr_audit_charts/PRCL_CA.png
KABO.CA,2026-07-16,2026-06-15,7.699999809265137,7.99,7.7,7.63,5.97,7.83,8.3,6.04,6.039999961853027,7.83,7.829999923706055,0.23456830529774939,0.35,1.7300000000000004,0.6000000000000005,22.46753246753247,7.792207792207799,21.55844011079962,1.6883106974812274,7.7,5.97,7.83,8.3,6.04,7.83,0.23456830529774939,0.35,0.3462476855573978,False,7.012107005574182,7.012107005574182,6.587578584424317,6.587578584424317,6.10375439142511,6.10375439142511,True,True,True,True,True,True,True,True,True,True,True,0.35,True,2026-07-12,0.33,7.550000190734863,5.96,7.64,0.23911335184343713,7.55,5.89,7.61,8.09,(8.3 - 7.7) / (7.7 - 5.97) = 0.35,1.5 <= 0.35 <= 100.0 is False,reports/rr_audit_charts/KABO_CA.png
EPPK.CA,2026-07-16,2026-06-15,15.229999542236328,14.99,15.23,15.03,11.55,15.25,16.59,11.75,11.75,15.27,15.25,0.6684600044297463,0.37,3.6799999999999997,1.3599999999999994,24.162836506894287,8.929743926460928,22.849636551764043,0.13131976362442266,15.23,11.55,15.25,16.59,11.75,15.27,0.6684600044297463,0.37,0.3686745347824241,False,13.912586819517262,13.912586819517262,13.208221405140758,13.208221405140758,11.69117082434214,11.69117082434214,True,True,True,True,True,True,True,True,True,True,True,0.37,True,2026-07-12,0.83,14.289999961853027,11.72,15.25,0.6649072784701782,14.29,11.52,15.25,16.58,(16.59 - 15.23) / (15.23 - 11.55) = 0.37,1.5 <= 0.37 <= 100.0 is False,reports/rr_audit_charts/EPPK_CA.png
MIPH.CA,2026-07-16,2026-06-15,760.0,755.11,760.0,752.18,622.31,760.0,812.11,630.13,630.1300048828125,762.99,760.0,26.05381696767609,0.38,137.69000000000005,52.110000000000014,18.1171052631579,6.8565789473684235,17.088157252261514,0.0,760.0,622.31,760.0,812.11,630.13,762.99,26.05381696767609,0.38,0.3784522818115678,False,694.3363232544546,694.3363232544546,654.1988777783655,654.1988777783655,484.8671469048861,484.8671469048861,True,True,True,True,True,True,True,True,True,True,True,0.38,True,2026-07-12,0.8,698.0800170898438,630.13,710.0,24.232443871706018,698.08,622.86,710.0,758.46,(812.11 - 760.0) / (760.0 - 622.31) = 0.38,1.5 <= 0.38 <= 100.0 is False,reports/rr_audit_charts/MIPH_CA.png
NIPH.CA,2026-07-16,2026-06-15,194.3300018310547,202.0,194.33,192.14,154.82,194.9,209.53,157.01,157.00999450683594,198.49,194.89999389648438,7.312762646176859,0.38,39.51000000000002,15.199999999999989,20.331395049657807,7.821746513662322,19.20444963339411,0.2933123534628531,194.33,154.82,194.9,209.53,157.01,198.49,7.312762646176859,0.38,0.3845619370485189,False,175.0921871394319,175.0921871394319,160.37100253153437,160.37100253153437,120.0728933889804,120.0728933889804,True,True,True,True,True,True,True,True,True,True,True,0.38,True,2026-07-12,1.12,176.0500030517578,157.01,185.5,7.15896547738995,176.05,154.86,185.5,199.82,(209.53 - 194.33) / (194.33 - 154.82) = 0.38,1.5 <= 0.38 <= 100.0 is False,reports/rr_audit_charts/NIPH_CA.png
UNIP.CA,2026-07-16,2026-06-15,0.3619999885559082,0.37,0.36,0.36,0.28,0.37,0.39,0.29,0.28700000047683716,0.37,0.3659999966621399,0.014286669160020582,0.38,0.07999999999999996,0.030000000000000027,22.222222222222214,8.333333333333341,20.71822940610062,1.6666657394833073,0.36,0.28,0.37,0.39,0.29,0.37,0.014286669160020582,0.38,0.4108335773842127,False,0.332338717766162,0.332338717766162,0.31478707484251056,0.31478707484251056,0.3649593855963579,0.3649593855963579,True,True,True,True,True,True,True,True,True,True,True,0.38,True,2026-07-12,0.67,0.34200000762939453,0.29,0.35,0.014957310430855483,0.34,0.28,0.35,0.38,(0.39 - 0.36) / (0.36 - 0.28) = 0.38,1.5 <= 0.38 <= 100.0 is False,reports/rr_audit_charts/UNIP_CA.png
CSAG.CA,2026-07-16,2026-06-15,34.0,33.84,34.0,33.76,30.63,33.83,35.45,30.87,30.8700008392334,34.15,33.83000183105469,0.8111520379328087,0.43,3.370000000000001,1.4500000000000028,9.911764705882357,4.26470588235295,9.20587988460765,-0.4999946145450368,34.0,30.63,33.83,35.45,30.87,34.15,0.8111520379328087,0.43,0.43052400659189216,False,32.3454249076113,32.3454249076113,31.65339440551243,31.65339440551243,30.767985000416697,30.767985000416697,True,True,True,True,True,True,True,True,True,True,True,0.43,True,2026-07-12,1.04,32.59000015258789,30.08,33.83,0.8153081725138025,32.59,29.84,33.83,35.46,(35.45 - 34.0) / (34.0 - 30.63) = 0.43,1.5 <= 0.43 <= 100.0 is False,reports/rr_audit_charts/CSAG_CA.png
IBCT.CA,2026-07-16,2026-06-15,14.699999809265137,14.5,14.7,14.49,11.67,14.63,16.0,11.88,11.880000114440918,16.09,14.630000114440918,0.6874006688195625,0.43,3.0299999999999994,1.3000000000000007,20.61224489795918,8.843537414965992,19.183671642273257,-0.4761896976808253,14.7,11.67,14.63,16.0,11.88,16.09,0.6874006688195625,0.43,0.43116550940929543,False,13.358429750501868,13.358429750501868,12.52677297806021,12.52677297806021,10.529240303995445,10.529240303995445,True,True,True,True,True,True,True,True,True,True,True,0.43,True,2026-07-12,1.23,13.329999923706055,11.6,14.52,0.5752044910565663,13.33,11.43,14.52,15.67,(16.0 - 14.7) / (14.7 - 11.67) = 0.43,1.5 <= 0.43 <= 100.0 is False,reports/rr_audit_charts/IBCT_CA.png
PRDC.CA,2026-07-16,2026-06-15,9.59000015258789,10.15,9.59,9.43,6.24,9.95,11.03,6.4,6.400000095367432,9.99,9.949999809265137,0.5394248744580555,0.43,3.3499999999999996,1.4399999999999995,34.93222106360792,15.015641293013552,33.26381654289784,3.7539083343601343,9.59,6.24,9.95,11.03,6.4,9.99,0.5394248744580555,0.43,0.42927310465639634,False,8.067310707432458,8.067310707432458,6.901512530147192,6.901512530147192,5.051779640931895,5.051779640931895,True,True,True,True,True,True,True,True,True,True,True,0.43,True,2026-07-12,0.5,8.539999961853027,5.91,9.0,0.4641751479918285,8.54,5.77,9.0,9.93,(11.03 - 9.59) / (9.59 - 6.24) = 0.43,1.5 <= 0.43 <= 100.0 is False,reports/rr_audit_charts/PRDC_CA.png
SWDY.CA,2026-07-16,2026-06-15,91.41000366210938,92.62,91.41,90.89,83.78,91.49,94.97,84.3,84.30000305175781,91.5,91.48999786376953,1.7399563438064296,0.47,7.6299999999999955,3.5600000000000023,8.347007985997152,3.894541078656605,7.7781427912782695,0.08751544007169311,91.41,83.78,91.49,94.97,84.3,91.5,1.7399563438064296,0.47,0.4664455861568212,False,88.3433819443417,88.3433819443417,86.90488477437333,86.90488477437333,81.74569032639072,81.74569032639072,True,True,True,True,True,True,True,True,True,True,True,0.47,True,2026-07-12,1.09,88.7699966430664,84.01,90.97,1.8008556137198612,88.77,83.47,90.97,94.57,(94.97 - 91.41) / (91.41 - 83.78) = 0.47,1.5 <= 0.47 <= 100.0 is False,reports/rr_audit_charts/SWDY_CA.png
ICID.CA,2026-07-16,2026-06-15,8.470000267028809,8.26,8.47,8.32,6.4,8.47,9.48,6.55,6.550000190734863,8.7,8.470000267028809,0.503224963876994,0.49,2.0700000000000003,1.0099999999999998,24.439197166469896,11.924439197166468,22.668241036165423,3.1526423607350828e-06,8.47,6.4,8.47,9.48,6.55,8.7,0.503224963876994,0.49,0.4859805361229176,False,7.676576459816364,7.676576459816364,6.580976512776458,6.580976512776458,4.872202035789386,4.872202035789386,True,True,True,True,True,True,True,True,True,True,True,0.49,True,2026-07-12,0.5,8.289999961853027,6.12,8.47,0.483842757247349,8.29,5.97,8.47,9.44,(9.48 - 8.47) / (8.47 - 6.4) = 0.49,1.5 <= 0.49 <= 100.0 is False,reports/rr_audit_charts/ICID_CA.png
KWIN.CA,2026-07-16,2026-06-15,80.80000305175781,79.98,80.8,79.39,63.59,79.89,89.27,65.0,65.0,86.0,79.88999938964844,4.691844295383569,0.49,17.209999999999994,8.469999999999999,21.299504950495045,10.482673267326732,19.554458483914726,-1.1262383791479698,80.8,63.59,79.89,89.27,65.0,86.0,4.691844295383569,0.49,0.49243976082626845,False,70.69845620143514,70.69845620143514,69.85558855313151,69.85558855313151,65.01655261069294,65.01655261069294,True,True,True,True,True,True,True,True,True,True,True,0.49,True,2026-07-12,4.33,68.30999755859375,65.0,79.89,3.936907126579563,68.31,63.82,79.89,87.76,(89.27 - 80.8) / (80.8 - 63.59) = 0.49,1.5 <= 0.49 <= 100.0 is False,reports/rr_audit_charts/KWIN_CA.png
AMIA.CA,2026-07-16,2026-06-15,9.569999694824219,9.94,9.57,9.46,8.29,9.51,10.21,8.4,8.399999618530273,9.93,9.510000228881836,0.35102147028188935,0.5,1.2800000000000011,0.6400000000000006,13.375130616509939,6.687565308254969,12.22570651623658,-0.626956855989178,9.57,8.29,9.51,10.21,8.4,9.93,0.35102147028188935,0.5,0.5034424790215641,False,8.933451518967946,8.933451518967946,8.44352664243136,8.44352664243136,6.174881372691153,6.174881372691153,True,True,True,True,True,True,True,True,True,True,True,0.5,True,2026-07-12,1.88,8.949999809265137,8.4,9.51,0.33179968745684746,8.95,8.3,9.51,10.17,(10.21 - 9.57) / (9.57 - 8.29) = 0.5,1.5 <= 0.5 <= 100.0 is False,reports/rr_audit_charts/AMIA_CA.png
EXPA.CA,2026-07-16,2026-06-15,19.5,19.56,19.5,19.38,17.91,19.49,20.29,18.03,18.030000686645508,19.74,19.489999771118164,0.3979034250985619,0.5,1.5899999999999999,0.7899999999999991,8.153846153846153,4.0512820512820475,7.538458017202523,-0.051283225035056085,19.5,17.91,19.49,20.29,18.03,19.74,0.3979034250985619,0.5,0.49441379463404167,False,18.730143129990903,18.730143129990903,18.358555749027804,18.358555749027804,17.39184139418739,17.39184139418739,True,True,True,True,True,True,True,True,True,True,True,0.5,True,2026-07-12,1.81,18.739999771118164,18.03,19.45,0.3934899878300433,18.74,17.91,19.45,20.24,(20.29 - 19.5) / (19.5 - 17.91) = 0.5,1.5 <= 0.5 <= 100.0 is False,reports/rr_audit_charts/EXPA_CA.png
ACGC.CA,2026-07-16,2026-06-15,10.119999885559082,9.85,10.12,10.02,8.82,10.16,10.81,8.92,8.920000076293945,10.16,10.15999984741211,0.32274534002239885,0.53,1.299999999999999,0.6900000000000013,12.84584980237153,6.818181818181832,11.857705759241147,0.3952554092105747,10.12,8.82,10.16,10.81,8.92,10.16,0.32274534002239885,0.53,0.5285921243706824,False,9.6453389399301,9.6453389399301,9.312656905343742,9.312656905343742,8.62327495016255,8.62327495016255,True,True,True,True,True,True,True,True,True,True,True,0.53,True,2026-07-12,0.9,9.859999656677246,8.92,10.1,0.35348013938675615,9.86,8.81,10.1,10.81,(10.81 - 10.12) / (10.12 - 8.82) = 0.53,1.5 <= 0.53 <= 100.0 is False,reports/rr_audit_charts/ACGC_CA.png
RUBX.CA,2026-07-16,2026-06-15,13.9399995803833,13.48,13.94,13.71,9.57,14.85,16.35,9.8,9.800000190734863,14.85,14.850000381469727,0.750640808023182,0.55,4.369999999999999,2.410000000000002,31.348637015781915,17.288378766140617,29.69870526735412,6.527979780988,13.94,9.57,14.85,16.35,9.8,14.85,0.750640808023182,0.55,0.5523886739417699,False,12.50988571490756,12.50988571490756,11.453568550514875,11.453568550514875,10.388318388842466,10.388318388842466,True,True,True,True,True,True,True,True,True,True,True,0.55,True,2026-07-12,0.69,13.25,9.8,14.29,0.7427360364662545,13.25,9.58,14.29,15.78,(16.35 - 13.94) / (13.94 - 9.57) = 0.55,1.5 <= 0.55 <= 100.0 is False,reports/rr_audit_charts/RUBX_CA.png
TMGH.CA,2026-07-16,2026-06-15,101.1500015258789,99.5,101.15,100.48,91.43,101.99,106.46,92.1,92.0999984741211,103.5,101.98999786376953,2.2330606740235988,0.55,9.719999999999999,5.309999999999988,9.609490855165594,5.249629263470082,8.947111137158409,0.8304477150464908,101.15,91.43,101.99,106.46,92.1,103.5,2.2330606740235988,0.55,0.5459013038581334,False,97.22697829670714,97.22697829670714,94.8963016376936,94.8963016376936,82.30784930887941,82.30784930887941,True,True,True,True,True,True,True,True,True,True,True,0.55,True,2026-07-12,1.42,96.5,92.1,99.43,2.0959787300105592,96.5,91.47,99.43,103.62,(106.46 - 101.15) / (101.15 - 91.43) = 0.55,1.5 <= 0.55 <= 100.0 is False,reports/rr_audit_charts/TMGH_CA.png
AMPI.CA,2026-07-16,2026-06-15,2.990000009536743,2.9,2.99,2.96,2.44,3.08,3.3,2.47,2.4700000286102295,3.08,3.0799999237060547,0.11114903821448666,0.56,0.5500000000000003,0.3099999999999996,18.394648829431446,10.367892976588616,17.39130365444648,3.010030893179079,2.99,2.44,3.08,3.3,2.47,3.08,0.11114903821448666,0.56,0.5643823730357396,False,2.7497310358549134,2.7497310358549134,2.654109907081225,2.654109907081225,2.6012380034708062,2.6012380034708062,True,True,True,True,True,True,True,True,True,True,True,0.56,True,2026-07-12,0.81,2.809999942779541,2.47,2.93,0.09603698554674225,2.81,2.44,2.92,3.11,(3.3 - 2.99) / (2.99 - 2.44) = 0.56,1.5 <= 0.56 <= 100.0 is False,reports/rr_audit_charts/AMPI_CA.png
ELSH.CA,2026-07-16,2026-06-15,14.510000228881836,14.12,14.51,14.28,10.87,15.11,16.62,11.1,11.100000381469727,15.11,15.109999656677246,0.7528629030487091,0.58,3.6400000000000006,2.110000000000001,25.08614748449346,14.54169538249484,23.501032347501827,4.135076889574406,14.51,10.87,15.11,16.62,11.1,15.11,0.7528629030487091,0.58,0.5791548563971468,False,13.266099276605635,13.266099276605635,11.508583877574713,11.508583877574713,8.927405098641943,8.927405098641943,True,True,True,True,True,True,True,True,True,True,True,0.58,True,2026-07-12,0.42,14.800000190734863,11.1,15.11,0.8691920168078988,14.8,10.84,14.72,16.46,(16.62 - 14.51) / (14.51 - 10.87) = 0.58,1.5 <= 0.58 <= 100.0 is False,reports/rr_audit_charts/ELSH_CA.png
GTWL.CA,2026-07-16,2026-06-15,101.05999755859375,95.02,101.06,98.47,43.41,117.15,134.4,46.0,46.0,117.15,117.1500015258789,8.623218848008113,0.58,57.650000000000006,33.34,57.04531961211162,32.99030279042153,54.482484552476286,15.921236419828718,101.06,43.41,117.15,134.4,46.0,117.15,8.623218848008113,0.58,0.5782861716432247,False,87.94835523288742,87.94835523288742,69.83803095139375,69.83803095139375,50.4370308391841,50.4370308391841,True,True,True,True,True,True,True,True,True,True,True,0.58,True,2026-07-12,0.32,112.0,46.0,117.15,8.528707669729034,112.0,43.44,117.15,134.21,(134.4 - 101.06) / (101.06 - 43.41) = 0.58,1.5 <= 0.58 <= 100.0 is False,reports/rr_audit_charts/GTWL_CA.png
UEFM.CA,2026-07-16,2026-06-15,524.5800170898438,559.01,524.58,519.13,454.55,529.0,565.36,460.0,460.0,529.0,529.0,18.181306479206544,0.58,70.03000000000003,40.77999999999997,13.349727400968398,7.773838118113533,12.310803878521218,0.8425788249647258,524.58,454.55,529.0,565.36,460.0,529.0,18.181306479206544,0.58,0.582322267458558,False,495.698009625156,495.698009625156,489.3606585674685,489.3606585674685,470.3308823324207,470.3308823324207,True,True,True,True,True,True,True,True,True,True,True,0.58,True,2026-07-12,1.16,505.6199951171875,460.0,529.0,17.787923482070287,505.62,454.66,529.0,564.58,(565.36 - 524.58) / (524.58 - 454.55) = 0.58,1.5 <= 0.58 <= 100.0 is False,reports/rr_audit_charts/UEFM_CA.png
ARAB.CA,2026-07-16,2026-06-15,0.2540000081062317,0.247,0.25,0.25,0.2,0.26,0.28,0.2,0.20200000703334808,0.26,0.2630000114440918,0.0097354147837271,0.6,0.04999999999999999,0.030000000000000027,19.999999999999996,12.00000000000001,20.472440713913436,5.200004577636719,0.25,0.2,0.26,0.28,0.2,0.26,0.0097354147837271,0.6,0.5183996475270704,False,0.22879795973120312,0.22879795973120312,0.21654607636327608,0.21654607636327608,0.22158495774729983,0.22158495774729983,True,True,True,True,True,True,True,True,True,True,True,0.6,True,2026-07-12,0.5,0.2409999966621399,0.2,0.24,0.008890329807743692,0.24,0.2,0.24,0.26,(0.28 - 0.25) / (0.25 - 0.2) = 0.6,1.5 <= 0.6 <= 100.0 is False,reports/rr_audit_charts/ARAB_CA.png
GDWA.CA,2026-07-16,2026-06-15,0.8479999899864197,0.838,0.85,0.84,0.75,0.87,0.91,0.76,0.7559999823570251,0.87,0.8700000047683716,0.021053223412155504,0.6,0.09999999999999998,0.06000000000000005,11.764705882352938,7.058823529411772,10.849057631577079,2.352941737455483,0.85,0.75,0.87,0.91,0.76,0.87,0.021053223412155504,0.6,0.6520452228897258,False,0.8033109586189916,0.8033109586189916,0.8010700988379699,0.8010700988379699,1.6919773366083735,1.6919773366083735,True,True,True,True,True,True,True,True,True,True,True,0.6,True,2026-07-12,0.57,0.8169999718666077,0.76,0.83,0.017970674393827664,0.82,0.75,0.83,0.86,(0.91 - 0.85) / (0.85 - 0.75) = 0.6,1.5 <= 0.6 <= 100.0 is False,reports/rr_audit_charts/GDWA_CA.png
NHPS.CA,2026-07-16,2026-06-15,87.87999725341797,86.02,87.88,86.43,60.1,95.0,104.68,61.55,61.54999923706055,95.0,95.0,4.839915934354074,0.6,27.779999999999994,16.80000000000001,31.611288120163856,19.116977696859365,29.96130955765745,8.101957214383255,87.88,60.1,95.0,104.68,61.55,95.0,4.839915934354074,0.6,0.6047027235340063,False,75.12960809959195,75.12960809959195,71.2000189129376,71.2000189129376,68.38567026948182,68.38567026948182,True,True,True,True,True,True,True,True,True,True,True,0.6,True,2026-07-12,0.11,81.12999725341797,61.55,83.87,3.9571974707169923,81.13,60.36,75.49,83.4,(104.68 - 87.88) / (87.88 - 60.1) = 0.6,1.5 <= 0.6 <= 100.0 is False,reports/rr_audit_charts/NHPS_CA.png
ODIN.CA,2026-07-16,2026-06-15,2.4700000286102295,2.46,2.47,2.44,2.02,2.54,2.74,2.05,2.049999952316284,2.59,2.5399999618530273,0.10028623648651842,0.6,0.4500000000000002,0.27,18.218623481781382,10.931174089068826,17.00405147486021,2.8340065527541354,2.47,2.02,2.54,2.74,2.05,2.59,0.10028623648651842,0.6,0.6011571964756693,False,2.285152238634172,2.285152238634172,2.140443562159449,2.140443562159449,1.952345681142074,1.952345681142074,True,True,True,True,True,True,True,True,True,True,True,0.6,True,2026-07-12,0.84,2.3499999046325684,2.01,2.48,0.09189827765371063,2.35,1.98,2.48,2.66,(2.74 - 2.47) / (2.47 - 2.02) = 0.6,1.5 <= 0.6 <= 100.0 is False,reports/rr_audit_charts/ODIN_CA.png
OCPH.CA,2026-07-16,2026-06-15,427.92999267578125,427.02,427.93,421.98,331.05,447.38,487.08,337.0,337.0,450.0,447.3800048828125,19.848295536386026,0.61,96.88,59.14999999999998,22.639216694319163,13.822354123337924,21.248801026357096,4.5451370277411005,427.93,331.05,447.38,487.08,337.0,450.0,19.848295536386026,0.61,0.6104858328575298,False,368.1762781924667,368.1762781924667,345.90766365731054,345.90766365731054,258.76843411154067,258.76843411154067,True,True,True,True,True,True,True,True,True,True,True,0.61,True,2026-07-12,2.1,355.0,337.0,374.97,13.08352582341663,355.0,333.07,374.97,401.14,(487.08 - 427.93) / (427.93 - 331.05) = 0.61,1.5 <= 0.61 <= 100.0 is False,reports/rr_audit_charts/OCPH_CA.png
AMES.CA,2026-07-16,2026-06-15,118.5,123.11,118.5,115.39,42.04,144.94,165.66,45.15,45.150001525878906,144.94,144.94000244140625,10.359707625499514,0.62,76.46000000000001,47.16,64.52320675105486,39.79746835443038,61.89873288955366,22.31223834717827,118.5,42.04,144.94,165.66,45.15,144.94,10.359707625499514,0.62,0.6168023324538059,False,80.36800075126817,80.36800075126817,64.27464469675988,64.27464469675988,50.648951584442266,50.648951584442266,True,True,True,True,True,True,True,True,True,True,True,0.62,True,2026-07-12,0.33,83.88999938964844,45.15,90.95,6.12271109549826,83.89,43.31,84.93,97.18,(165.66 - 118.5) / (118.5 - 42.04) = 0.62,1.5 <= 0.62 <= 100.0 is False,reports/rr_audit_charts/AMES_CA.png
UNIT.CA,2026-07-16,2026-06-15,19.25,19.37,19.25,18.86,11.61,21.39,23.98,12.0,12.0,21.39,21.389999389648438,1.2953472411585274,0.62,7.640000000000001,4.73,39.68831168831169,24.571428571428573,37.66233766233766,11.11687994622565,19.25,11.61,21.39,23.98,12.0,21.39,1.2953472411585274,0.62,0.6193139172063706,False,16.51968479941385,16.51968479941385,14.33393333394908,14.33393333394908,11.441140788536188,11.441140788536188,True,True,True,True,True,True,True,True,True,True,True,0.62,True,2026-07-12,0.41,19.510000228881836,12.0,20.97,1.3162240090277724,19.51,11.61,20.1,22.73,(23.98 - 19.25) / (19.25 - 11.61) = 0.62,1.5 <= 0.62 <= 100.0 is False,reports/rr_audit_charts/UNIT_CA.png
CCAP.CA,2026-07-16,2026-06-15,5.429999828338623,5.52,5.43,5.38,4.6,5.6,5.95,4.65,4.650000095367432,5.6,5.599999904632568,0.1761230208277432,0.63,0.8300000000000001,0.5200000000000005,15.28545119705341,9.576427255985276,14.364636420436907,3.1307533081504357,5.43,4.6,5.6,5.95,4.65,5.6,0.1761230208277432,0.63,0.627069095373674,False,5.204167479751748,5.204167479751748,4.967719636796397,4.967719636796397,4.02335881068466,4.02335881068466,True,True,True,True,True,True,True,True,True,True,True,0.63,True,2026-07-12,1.12,5.25,4.65,5.62,0.1806177038362545,5.25,4.6,5.62,5.98,(5.95 - 5.43) / (5.43 - 4.6) = 0.63,1.5 <= 0.63 <= 100.0 is False,reports/rr_audit_charts/CCAP_CA.png
CCRS.CA,2026-07-16,2026-06-15,2.549999952316284,2.6,2.55,2.52,2.15,2.59,2.8,2.18,2.180000066757202,2.61,2.5899999141693115,0.10354764231344603,0.63,0.3999999999999999,0.25,15.68627450980392,9.803921568627452,14.509799705015439,1.5686240850710471,2.55,2.15,2.59,2.8,2.18,2.61,0.10354764231344603,0.63,0.6160990182573102,False,2.4058622112256383,2.4058622112256383,2.258605389877129,2.258605389877129,3.310190950557981,3.310190950557981,True,True,True,True,True,True,True,True,True,True,True,0.63,True,2026-07-12,1.61,2.380000114440918,2.18,2.55,0.09951497882231164,2.38,2.15,2.55,2.75,(2.8 - 2.55) / (2.55 - 2.15) = 0.63,1.5 <= 0.63 <= 100.0 is False,reports/rr_audit_charts/CCRS_CA.png
LCSW.CA,2026-07-16,2026-06-15,32.189998626708984,32.2,32.19,31.8,26.21,33.4,35.99,26.6,26.600000381469727,33.4,33.400001525878906,1.2936277654117458,0.64,5.979999999999997,3.8000000000000043,18.577197887542706,11.804908356632508,17.365636793165542,3.7589360853647364,32.19,26.21,33.4,35.99,26.6,33.4,1.2936277654117458,0.64,0.6351962927336114,False,29.954442948670142,29.954442948670142,28.370259174987304,28.370259174987304,26.587237278371624,26.587237278371624,True,True,True,True,True,True,True,True,True,True,True,0.64,True,2026-07-12,0.4,31.8799991607666,26.0,32.3,1.2402610119617115,31.88,25.63,31.88,34.36,(35.99 - 32.19) / (32.19 - 26.21) = 0.64,1.5 <= 0.64 <= 100.0 is False,reports/rr_audit_charts/LCSW_CA.png
MEPA.CA,2026-07-16,2026-06-15,1.7100000381469727,1.77,1.71,1.7,1.51,1.74,1.84,1.52,1.5199999809265137,1.74,1.7400000095367432,0.04971158905465024,0.65,0.19999999999999996,0.13000000000000012,11.695906432748536,7.602339181286556,11.111114209468145,1.7543865226165614,1.71,1.51,1.74,1.84,1.52,1.74,0.04971158905465024,0.65,0.6315988359214669,False,1.6549478736047825,1.6549478736047825,1.6521948892520404,1.6521948892520404,1.5834489260892923,1.5834489260892923,True,True,True,True,True,True,True,True,True,True,True,0.65,True,2026-07-12,1.27,1.659999966621399,1.52,1.75,0.04840096688756305,1.66,1.51,1.75,1.85,(1.84 - 1.71) / (1.71 - 1.51) = 0.65,1.5 <= 0.65 <= 100.0 is False,reports/rr_audit_charts/MEPA_CA.png
ZEOT.CA,2026-07-16,2026-06-15,11.670000076293945,11.6,11.67,11.51,9.1,12.35,13.4,9.26,9.260000228881836,12.35,12.350000381469727,0.5245474023925041,0.67,2.5700000000000003,1.7300000000000004,22.0222793487575,14.824335904027425,20.65124105960979,5.826909866921394,11.67,9.1,12.35,13.4,9.26,12.35,0.5245474023925041,0.67,0.6734904221123228,False,11.00477900871406,11.00477900871406,10.184330126682113,10.184330126682113,7.98174790754053,7.98174790754053,True,True,True,True,True,True,True,True,True,True,True,0.67,True,2026-07-12,0.67,11.300000190734863,8.41,12.35,0.49634297164452984,11.3,8.26,12.35,13.34,(13.4 - 11.67) / (11.67 - 9.1) = 0.67,1.5 <= 0.67 <= 100.0 is False,reports/rr_audit_charts/ZEOT_CA.png
COSG.CA,2026-07-16,2026-06-15,1.6699999570846558,1.68,1.67,1.65,1.45,1.71,1.82,1.47,1.4700000286102295,1.71,1.7100000381469727,0.053624428020308756,0.68,0.21999999999999997,0.15000000000000013,13.173652694610777,8.982035928143722,11.976043928981243,2.3952118650881875,1.67,1.45,1.71,1.82,1.47,1.71,0.053624428020308756,0.68,0.681432765766251,False,1.605889467553136,1.605889467553136,1.5529283432063081,1.5529283432063081,1.3351391953272562,1.3351391953272562,True,True,True,True,True,True,True,True,True,True,True,0.68,True,2026-07-12,1.22,1.6299999952316284,1.47,1.73,0.05775237230746493,1.63,1.45,1.73,1.85,(1.82 - 1.67) / (1.67 - 1.45) = 0.68,1.5 <= 0.68 <= 100.0 is False,reports/rr_audit_charts/COSG_CA.png
DOMT.CA,2026-07-16,2026-06-15,27.030000686645508,26.6,27.03,26.83,24.03,27.83,29.14,24.23,24.229999542236328,27.83,27.829999923706055,0.6538653496982725,0.7,3.0,2.1099999999999994,11.098779134295226,7.806141324454307,10.358864496043292,2.9596741535555067,27.03,24.03,27.83,29.14,24.23,27.83,0.6538653496982725,0.7,0.703476920234135,False,26.57121716191042,26.57121716191042,25.913755980764076,25.913755980764076,24.53153794402979,24.53153794402979,True,True,True,True,True,True,True,True,True,True,True,0.7,True,2026-07-12,0.68,26.90999984741211,23.7,27.83,0.7038768420423637,26.91,23.49,27.83,29.24,(29.14 - 27.03) / (27.03 - 24.03) = 0.7,1.5 <= 0.7 <= 100.0 is False,reports/rr_audit_charts/DOMT_CA.png
ADPC.CA,2026-07-16,2026-06-15,3.819999933242798,3.83,3.82,3.78,3.28,3.94,4.21,3.32,3.319999933242798,3.94,3.940000057220459,0.13424406998716945,0.72,0.54,0.3900000000000001,14.136125654450263,10.209424083769637,13.089005464341724,3.141362754462281,3.82,3.28,3.94,4.21,3.32,3.94,0.13424406998716945,0.72,0.7190588925279499,False,3.6640017318527027,3.6640017318527027,3.659872522239727,3.659872522239727,3.5110279004876905,3.5110279004876905,True,True,True,True,True,True,True,True,True,True,True,0.72,True,2026-07-12,1.21,3.700000047683716,3.32,3.94,0.1354602104818951,3.7,3.28,3.94,4.21,(4.21 - 3.82) / (3.82 - 3.28) = 0.72,1.5 <= 0.72 <= 100.0 is False,reports/rr_audit_charts/ADPC_CA.png
BINV.CA,2026-07-16,2026-06-15,50.25,49.23,50.25,49.79,44.55,51.38,54.42,45.01,45.0099983215332,51.38,51.380001068115234,1.5192520072451046,0.73,5.700000000000003,4.170000000000002,11.343283582089558,8.29850746268657,10.427864036749844,2.2487583445079293,50.25,44.55,51.38,54.42,45.01,51.38,1.5192520072451046,0.73,0.731858862665503,False,47.65396376881049,47.65396376881049,45.49241031332452,45.49241031332452,39.34315324778657,39.34315324778657,True,True,True,True,True,True,True,True,True,True,True,0.73,True,2026-07-12,1.27,48.400001525878906,44.02,51.38,1.601558919727683,48.4,43.54,51.38,54.58,(54.42 - 50.25) / (50.25 - 44.55) = 0.73,1.5 <= 0.73 <= 100.0 is False,reports/rr_audit_charts/BINV_CA.png
CIRA.CA,2026-07-16,2026-06-15,32.0,31.2,32.0,31.57,25.57,33.88,36.72,26.0,26.0,33.88,33.880001068115234,1.4196931795532561,0.73,6.43,4.719999999999999,20.09375,14.749999999999996,18.75,5.875003337860107,32.0,25.57,33.88,36.72,26.0,33.88,1.4196931795532561,0.73,0.7344312214093345,False,29.464128300609875,29.464128300609875,26.667100041378852,26.667100041378852,20.8279369193433,20.8279369193433,True,True,True,True,True,True,True,True,True,True,True,0.73,True,2026-07-12,0.31,31.530000686645508,25.23,31.8,1.3194446557759554,31.53,24.83,31.0,33.64,(36.72 - 32.0) / (32.0 - 25.57) = 0.73,1.5 <= 0.73 <= 100.0 is False,reports/rr_audit_charts/CIRA_CA.png
DAPH.CA,2026-07-16,2026-06-15,86.2699966430664,86.46,86.27,85.46,76.69,87.9,93.27,77.5,77.5,87.99,87.9000015258789,2.686601253944974,0.73,9.579999999999998,7.0,11.104671380549435,8.114060507708357,10.165755169032174,1.8894187155197755,86.27,76.69,87.9,93.27,77.5,87.99,2.686601253944974,0.73,0.7313308476643577,False,83.00870448207786,83.00870448207786,81.95856757067769,81.95856757067769,77.55897768701027,77.55897768701027,True,True,True,True,True,True,True,True,True,True,True,0.73,True,2026-07-12,0.84,85.08999633789062,76.6,87.9,2.495512482398037,85.09,75.85,87.9,92.89,(93.27 - 86.27) / (86.27 - 76.69) = 0.73,1.5 <= 0.73 <= 100.0 is False,reports/rr_audit_charts/DAPH_CA.png
EEII.CA,2026-07-16,2026-06-15,2.7799999713897705,2.76,2.78,2.75,2.32,2.9,3.12,2.35,2.3499999046325684,2.9,2.9000000953674316,0.11054992462157277,0.74,0.45999999999999996,0.3400000000000003,16.546762589928058,12.23021582733814,15.467628459803098,4.316550193073088,2.78,2.32,2.9,3.12,2.35,2.9,0.11054992462157277,0.74,0.7364544831992922,False,2.63258633462338,2.63258633462338,2.4688733565640293,2.4688733565640293,2.1522909847973217,2.1522909847973217,True,True,True,True,True,True,True,True,True,True,True,0.74,True,2026-07-12,0.56,2.809999942779541,2.3,2.9,0.11712533749385035,2.81,2.26,2.89,3.12,(3.12 - 2.78) / (2.78 - 2.32) = 0.74,1.5 <= 0.74 <= 100.0 is False,reports/rr_audit_charts/EEII_CA.png
OLFI.CA,2026-07-16,2026-06-15,23.0,22.74,23.0,22.83,20.83,23.48,24.61,21.0,21.0,23.48,23.479999542236328,0.5641848528534854,0.74,2.1700000000000017,1.6099999999999994,9.43478260869566,6.999999999999998,8.695652173913043,2.0869545314622964,23.0,20.83,23.48,24.61,21.0,23.48,0.5641848528534854,0.74,0.7414383785927104,False,22.55508156023631,22.55508156023631,22.226186315866247,22.226186315866247,21.86401201756056,21.86401201756056,True,True,True,True,True,True,True,True,True,True,True,0.74,True,2026-07-12,0.77,23.0,21.0,23.48,0.5992181582932858,23.0,20.82,23.48,24.68,(24.61 - 23.0) / (23.0 - 20.83) = 0.74,1.5 <= 0.74 <= 100.0 is False,reports/rr_audit_charts/OLFI_CA.png
EPCO.CA,2026-07-16,2026-06-15,10.430000305175781,10.8,10.43,10.31,8.38,11.15,11.97,8.5,8.5,11.15,11.149999618530273,0.40775223276116074,0.75,2.049999999999999,1.540000000000001,19.6548418024928,14.76510067114095,18.5043168619855,6.903160292715952,10.43,8.38,11.15,11.97,8.5,11.15,0.40775223276116074,0.75,0.7481773351690513,False,9.401884052723823,9.401884052723823,9.150977581613711,9.150977581613711,8.040814839581307,8.040814839581307,True,True,True,True,True,True,True,True,True,True,True,0.75,True,2026-07-12,1.51,9.1899995803833,8.5,9.8,0.27738902766649415,9.19,8.42,9.8,10.35,(11.97 - 10.43) / (10.43 - 8.38) = 0.75,1.5 <= 0.75 <= 100.0 is False,reports/rr_audit_charts/EPCO_CA.png
FNAR.CA,2026-07-16,2026-06-16,13.380000114440918,13.13,13.38,13.18,9.72,14.82,16.12,9.92,9.920000076293945,14.82,14.819999694824219,0.6505845541663273,0.75,3.66,2.74,27.3542600896861,20.47832585949178,25.85949184269905,10.762329557729581,13.38,9.72,14.82,16.12,9.92,14.82,0.6505845541663273,0.75,0.7499417635111458,False,12.214861956905903,12.214861956905903,10.98290150451539,10.98290150451539,7.688059479259775,7.688059479259775,True,True,True,True,True,True,True,True,True,True,True,0.75,True,2026-07-12,0.85,12.199999809265137,9.8,13.33,0.5260986716066104,12.2,9.64,13.33,14.38,(16.12 - 13.38) / (13.38 - 9.72) = 0.75,1.5 <= 0.75 <= 100.0 is False,reports/rr_audit_charts/FNAR_CA.png
MBEG.CA,2026-07-16,2026-06-15,4.289999961853027,4.32,4.29,4.24,3.61,4.44,4.8,3.66,3.6600000858306885,4.48,4.440000057220459,0.18022710244552792,0.75,0.6800000000000002,0.5099999999999998,15.850815850815856,11.888111888111883,14.685311925975311,3.4965048303137283,4.29,3.61,4.44,4.8,3.66,4.48,0.18022710244552792,0.75,0.7462040253558639,False,3.9652666537669665,3.9652666537669665,3.861144850226636,3.861144850226636,3.520875159292959,3.520875159292959,True,True,True,True,True,True,True,True,True,True,True,0.75,True,2026-07-12,0.64,4.039999961853027,3.53,4.14,0.15518418419909588,4.04,3.48,4.09,4.4,(4.8 - 4.29) / (4.29 - 3.61) = 0.75,1.5 <= 0.75 <= 100.0 is False,reports/rr_audit_charts/MBEG_CA.png
RREI.CA,2026-07-16,2026-06-15,3.930000066757202,3.8,3.93,3.89,3.3,4.11,4.4,3.34,3.3399999141693115,4.11,4.110000133514404,0.14314729000082713,0.75,0.6300000000000003,0.4700000000000002,16.030534351145047,11.95928753180662,15.012726273939304,4.580156069068807,3.93,3.3,4.11,4.4,3.34,4.11,0.14314729000082713,0.75,0.7367071914447926,False,3.7046651669966897,3.7046651669966897,3.5473742030007966,3.5473742030007966,2.964391258116359,2.964391258116359,True,True,True,True,True,True,True,True,True,True,True,0.75,True,2026-07-12,0.78,3.809999942779541,3.34,3.93,0.14051069234415473,3.81,3.3,3.93,4.21,(4.4 - 3.93) / (3.93 - 3.3) = 0.75,1.5 <= 0.75 <= 100.0 is False,reports/rr_audit_charts/RREI_CA.png
EHDR.CA,2026-07-16,2026-06-15,2.7200000286102295,2.94,2.72,2.69,2.34,2.82,3.01,2.37,2.369999885559082,2.82,2.819999933242798,0.09714416489869031,0.76,0.38000000000000034,0.2899999999999996,13.970588235294128,10.661764705882337,12.867652182708921,3.676468133926384,2.72,2.34,2.82,3.01,2.37,2.82,0.09714416489869031,0.76,0.7761924386268702,False,2.6229637208826695,2.6229637208826695,2.502489258398676,2.502489258398676,1.9986687450151166,1.9986687450151166,True,True,True,True,True,True,True,True,True,True,True,0.76,True,2026-07-12,0.87,2.7300000190734863,2.37,2.87,0.10121638040810443,2.73,2.34,2.87,3.07,(3.01 - 2.72) / (2.72 - 2.34) = 0.76,1.5 <= 0.76 <= 100.0 is False,reports/rr_audit_charts/EHDR_CA.png
ENGC.CA,2026-07-16,2026-06-15,41.97999954223633,42.0,41.98,41.44,33.37,44.89,48.51,33.91,33.90999984741211,44.89,44.88999938964844,1.8119115102424284,0.76,8.61,6.530000000000001,20.50976655550262,15.555026202953792,19.223439215869796,6.931870866242116,41.98,33.37,44.89,48.51,33.91,44.89,1.8119115102424284,0.76,0.7585496466692494,False,38.83082321704,38.83082321704,36.44093601158531,36.44093601158531,33.101707881238966,33.101707881238966,True,True,True,True,True,True,True,True,True,True,True,0.76,True,2026-07-12,0.05,42.61000061035156,33.0,44.89,1.7850458241012055,42.61,32.46,39.55,43.12,(48.51 - 41.98) / (41.98 - 33.37) = 0.76,1.5 <= 0.76 <= 100.0 is False,reports/rr_audit_charts/ENGC_CA.png
EGTS.CA,2026-07-16,2026-06-15,18.850000381469727,17.97,18.85,18.52,14.77,19.8,22.0,15.1,15.100000381469727,19.8,19.799999237060547,1.0990192745492608,0.77,4.080000000000002,3.1499999999999986,21.644562334217515,16.710875331564978,19.8938988016488,5.039783750984326,18.85,14.77,19.8,22.0,15.1,19.8,1.0990192745492608,0.77,0.771633439425281,False,18.263467158027762,18.263467158027762,16.703842328033822,16.703842328033822,11.766435745486042,11.766435745486042,True,True,True,True,True,True,True,True,True,True,True,0.77,True,2026-07-12,1.17,18.350000381469727,15.1,20.22,1.1629762371798325,18.35,14.75,20.22,22.55,(22.0 - 18.85) / (18.85 - 14.77) = 0.77,1.5 <= 0.77 <= 100.0 is False,reports/rr_audit_charts/EGTS_CA.png
MICH.CA,2026-07-16,2026-06-15,38.02000045776367,38.11,38.02,37.67,33.65,39.1,41.44,34.0,34.0,39.1,39.099998474121094,1.1711872478396914,0.78,4.3700000000000045,3.4199999999999946,11.493950552340884,8.99526564965806,10.57338350700306,2.8406061917966614,38.02,33.65,39.1,41.44,34.0,39.1,1.1711872478396914,0.78,0.7829085567837776,False,37.66117747790664,37.66117747790664,36.73317115098829,36.73317115098829,33.41794981299852,33.41794981299852,True,True,True,True,True,True,True,True,True,True,True,0.78,True,2026-07-12,1.37,37.5099983215332,34.0,40.4,1.2168983858598879,37.51,33.63,40.4,42.83,(41.44 - 38.02) / (38.02 - 33.65) = 0.78,1.5 <= 0.78 <= 100.0 is False,reports/rr_audit_charts/MICH_CA.png
BIGP.CA,2026-07-16,2026-06-15,0.3160000145435333,0.285,0.32,0.31,0.17,0.4,0.44,0.18,0.1809999942779541,0.4,0.39899998903274536,0.022402496425194558,0.8,0.15,0.12,46.875,37.5,42.72152343429121,24.687496572732922,0.32,0.17,0.4,0.44,0.18,0.4,0.022402496425194558,0.8,0.9018083098704333,False,0.2638239628607455,0.2638239628607455,0.2228207238926842,0.2228207238926842,0.18777197024581344,0.18777197024581344,True,True,True,True,True,True,True,True,True,True,True,0.8,True,2026-07-12,0.0,0.32199999690055847,0.18,0.32,0.014665185175124844,0.32,0.18,0.29,0.32,(0.44 - 0.32) / (0.32 - 0.17) = 0.8,1.5 <= 0.8 <= 100.0 is False,reports/rr_audit_charts/BIGP_CA.png
AFDI.CA,2026-07-16,2026-06-15,47.5,47.7,47.5,46.93,41.27,48.89,52.68,41.84,41.84000015258789,48.97,48.88999938964844,1.8937495852472357,0.83,6.229999999999997,5.18,13.115789473684202,10.905263157894735,11.915789152446546,2.9263145045230265,47.5,41.27,48.89,52.68,41.84,48.97,1.8937495852472357,0.83,0.8313093893309808,False,45.36884582686054,45.36884582686054,42.60402409504239,42.60402409504239,36.81853303178472,36.81853303178472,True,True,True,True,True,True,True,True,True,True,True,0.83,True,2026-07-12,0.8,47.0,40.15,48.89,2.0597521888434493,47.0,39.53,48.89,53.01,(52.68 - 47.5) / (47.5 - 41.27) = 0.83,1.5 <= 0.83 <= 100.0 is False,reports/rr_audit_charts/AFDI_CA.png
ETEL.CA,2026-07-16,2026-06-15,98.30000305175781,98.81,98.3,97.53,88.24,101.5,106.67,89.01,89.01000213623047,101.5,101.5,2.5825586803830403,0.83,10.060000000000002,8.370000000000005,10.233977619532048,8.514750762970504,9.450661879060053,3.2553407934893213,98.3,88.24,101.5,106.67,89.01,101.5,2.5825586803830403,0.83,0.8311283357071776,False,95.90211465857209,95.90211465857209,94.20762499061188,94.20762499061188,78.7671257773089,78.7671257773089,True,True,True,True,True,True,True,True,True,True,True,0.83,True,2026-07-12,0.8,98.68000030517578,89.01,101.5,2.797304779289956,98.68,88.17,101.5,107.09,(106.67 - 98.3) / (98.3 - 88.24) = 0.83,1.5 <= 0.83 <= 100.0 is False,reports/rr_audit_charts/ETEL_CA.png
FIRE.CA,2026-07-16,2026-06-15,5.25,4.99,5.25,5.15,3.95,5.68,6.33,4.05,4.050000190734863,5.68,5.679999828338623,0.3246276221855339,0.83,1.2999999999999998,1.08,24.761904761904756,20.571428571428573,22.857139224097843,8.190472920735676,5.25,3.95,5.68,6.33,4.05,5.68,0.3246276221855339,0.83,0.8318675622992436,False,4.766075881404906,4.766075881404906,4.123938769231936,4.123938769231936,3.0534412514634584,3.0534412514634584,True,True,True,True,True,True,True,True,True,True,True,0.83,True,2026-07-12,0.46,5.210000038146973,4.03,5.25,0.29610082155707623,5.21,3.94,5.21,5.8,(6.33 - 5.25) / (5.25 - 3.95) = 0.83,1.5 <= 0.83 <= 100.0 is False,reports/rr_audit_charts/FIRE_CA.png
SAUD.CA,2026-07-16,2026-06-15,21.690000534057617,21.59,21.69,21.54,19.84,22.19,23.22,19.99,19.989999771118164,22.19,22.190000534057617,0.5156390855156144,0.83,1.8500000000000014,1.5299999999999976,8.529276164130941,7.053941908713682,7.837716556392489,2.305212236319114,21.69,19.84,22.19,23.22,19.99,22.19,0.5156390855156144,0.83,0.8256237518878095,False,21.546897045007828,21.546897045007828,21.539858326665588,21.539858326665588,18.547351892007292,18.547351892007292,True,True,True,True,True,True,True,True,True,True,True,0.83,True,2026-07-12,0.99,21.670000076293945,19.99,22.38,0.5657950736211349,21.67,19.82,22.38,23.51,(23.22 - 21.69) / (21.69 - 19.84) = 0.83,1.5 <= 0.83 <= 100.0 is False,reports/rr_audit_charts/SAUD_CA.png
INFI.CA,2026-07-16,2026-06-15,101.52999877929688,103.07,101.53,100.39,87.37,106.99,114.57,88.51,88.51000213623047,106.99,106.98999786376953,3.7914183640285537,0.92,14.159999999999997,13.039999999999992,13.946616763518168,12.843494533635372,12.823792770222441,5.377718766639939,101.53,87.37,106.99,114.57,88.51,106.99,3.7914183640285537,0.92,0.9212719428892561,False,97.87540219416566,97.87540219416566,97.42849578269659,97.42849578269659,97.55800118972375,97.55800118972375,True,True,True,True,True,True,True,True,True,True,True,0.92,True,2026-07-12,0.54,103.19999694824219,88.51,106.99,3.9765093550890094,103.2,87.32,103.9,111.85,(114.57 - 101.53) / (101.53 - 87.37) = 0.92,1.5 <= 0.92 <= 100.0 is False,reports/rr_audit_charts/INFI_CA.png
MCRO.CA,2026-07-16,2026-06-15,1.3300000429153442,1.35,1.33,1.32,1.16,1.4,1.49,1.17,1.1699999570846558,1.4,1.399999976158142,0.04385283466022435,0.94,0.17000000000000015,0.15999999999999992,12.781954887218056,12.030075187969919,12.0300812532284,5.263156102115941,1.33,1.16,1.4,1.49,1.17,1.4,0.04385283466022435,0.94,0.910772139829513,False,1.2784420948682462,1.2784420948682462,1.2650203735577115,1.2650203735577115,1.5178513905873396,1.5178513905873396,True,True,True,True,True,True,True,True,True,True,True,0.94,True,2026-07-12,0.18,1.3300000429153442,1.17,1.33,0.03860511850042035,1.33,1.16,1.28,1.36,(1.49 - 1.33) / (1.33 - 1.16) = 0.94,1.5 <= 0.94 <= 100.0 is False,reports/rr_audit_charts/MCRO_CA.png
CPCI.CA,2026-07-16,2026-06-15,458.1199951171875,460.96,458.12,451.26,353.67,512.0,557.72,360.53,360.5299987792969,512.0,512.0,22.86066032683321,0.95,104.44999999999999,99.60000000000002,22.799703134549897,21.741028551471235,21.30227830656617,11.761110626036846,458.12,353.67,512.0,557.72,360.53,512.0,22.86066032683321,0.95,0.9535954745255621,False,406.7032309529623,406.7032309529623,370.0825092771773,370.0825092771773,291.1554180596119,291.1554180596119,True,True,True,True,True,True,True,True,True,True,True,0.95,True,2026-07-12,1.11,401.7900085449219,354.0,434.99,11.883747822818846,401.79,350.43,434.99,458.76,(557.72 - 458.12) / (458.12 - 353.67) = 0.95,1.5 <= 0.95 <= 100.0 is False,reports/rr_audit_charts/CPCI_CA.png
SCFM.CA,2026-07-16,2026-06-15,257.4800109863281,302.83,257.48,254.2,223.22,269.0,290.86,226.5,226.5,269.0,269.0,10.929717510057893,0.97,34.26000000000002,33.379999999999995,13.305887835948429,12.964113717570294,12.032006239106897,4.474133913313648,257.48,223.22,269.0,290.86,226.5,269.0,10.929717510057893,0.97,0.9743277941808997,False,250.7593974261376,250.7593974261376,250.70318202728615,250.70318202728615,220.33699310146022,220.33699310146022,True,True,True,True,True,True,True,True,True,True,True,0.97,True,2026-07-12,1.17,255.0399932861328,226.5,269.0,11.874197117818321,255.04,222.94,269.0,292.75,(290.86 - 257.48) / (257.48 - 223.22) = 0.97,1.5 <= 0.97 <= 100.0 is False,reports/rr_audit_charts/SCFM_CA.png
CEFM.CA,2026-07-16,2026-06-15,107.70999908447266,129.25,107.71,106.28,94.32,111.5,121.0,95.75,95.75,111.5,111.5,4.751791876938865,0.99,13.39,13.290000000000006,12.431529105932599,12.338687215671717,11.103889319591309,3.518707640887574,107.71,94.32,111.5,121.0,95.75,111.5,4.751791876938865,0.99,0.9931304974488235,False,103.87579140909006,103.87579140909006,102.69701201107864,102.69701201107864,94.74011631137,94.74011631137,True,True,True,True,True,True,True,True,True,True,True,0.99,True,2026-07-12,1.55,104.38999938964844,95.75,110.5,4.722714570023783,104.39,94.33,110.5,119.95,(121.0 - 107.71) / (107.71 - 94.32) = 0.99,1.5 <= 0.99 <= 100.0 is False,reports/rr_audit_charts/CEFM_CA.png
EGBE.CA,2026-07-16,2026-06-15,0.46000000834465027,0.465,0.46,0.46,0.43,0.47,0.49,0.43,0.4309999942779541,0.47,0.4699999988079071,0.01111944259267371,1.0,0.030000000000000027,0.02999999999999997,6.521739130434788,6.521739130434775,6.304350769700032,2.173912784327627,0.46,0.43,0.47,0.49,0.43,0.47,0.01111944259267371,1.0,0.9970011239736397,False,0.4492100057356906,0.4492100057356906,0.4362965983418895,0.4362965983418895,0.3733625898214827,0.3733625898214827,True,True,True,True,True,True,True,True,True,True,True,1.0,True,2026-07-12,2.0,0.44999998807907104,0.43,0.47,0.01000043327610975,0.45,0.43,0.47,0.49,(0.49 - 0.46) / (0.46 - 0.43) = 1.0,1.5 <= 1.0 <= 100.0 is False,reports/rr_audit_charts/EGBE_CA.png
NCCW.CA,2026-07-16,2026-06-15,6.619999885559082,6.73,6.62,6.54,5.74,6.97,7.5,5.82,5.820000171661377,6.97,6.96999979019165,0.2669720901970084,1.0,0.8799999999999999,0.8799999999999999,13.293051359516614,13.293051359516614,12.084588032136232,5.28700589413369,6.62,5.74,6.97,7.5,5.82,6.97,0.2669720901970084,1.0,1.0043776638747393,False,6.283741555957261,6.283741555957261,5.9507086504749385,5.9507086504749385,5.636600538649933,5.636600538649933,True,True,True,True,True,True,True,True,True,True,True,1.0,True,2026-07-12,1.54,6.429999828338623,5.82,6.97,0.2620556270668173,6.43,5.74,6.97,7.49,(7.5 - 6.62) / (6.62 - 5.74) = 1.0,1.5 <= 1.0 <= 100.0 is False,reports/rr_audit_charts/NCCW_CA.png
SPMD.CA,2026-07-16,2026-06-15,0.4480000138282776,0.455,0.45,0.44,0.4,0.48,0.5,0.4,0.40299999713897705,0.48,0.47699999809265137,0.01325424864015073,1.0,0.04999999999999999,0.04999999999999999,11.111111111111107,11.111111111111107,10.044646272388162,5.999999576144745,0.45,0.4,0.48,0.5,0.4,0.48,0.01325424864015073,1.0,1.1333745388315575,False,0.433791476049982,0.433791476049982,0.4128022855574226,0.4128022855574226,0.37583519510147506,0.37583519510147506,True,True,True,True,True,True,True,True,True,True,True,1.0,True,2026-07-12,1.2,0.44999998807907104,0.4,0.48,0.015145596869566416,0.45,0.4,0.48,0.51,(0.5 - 0.45) / (0.45 - 0.4) = 1.0,1.5 <= 1.0 <= 100.0 is False,reports/rr_audit_charts/SPMD_CA.png
GIHD.CA,2026-07-16,2026-06-15,50.25,50.14,50.25,49.39,39.64,55.44,61.18,40.5,40.5,55.44,55.439998626708984,2.8712816772689598,1.03,10.61,10.93,21.114427860696516,21.751243781094526,19.402985074626866,10.32835547603778,50.25,39.64,55.44,61.18,40.5,55.44,2.8712816772689598,1.03,1.030267254755489,False,46.06632318221853,46.06632318221853,43.295276042285394,43.295276042285394,39.53691771115054,39.53691771115054,True,True,True,True,True,True,True,True,True,True,True,1.03,True,2026-07-12,0.43,50.220001220703125,35.15,52.4,2.4859014409472544,50.22,34.4,52.06,57.03,(61.18 - 50.25) / (50.25 - 39.64) = 1.03,1.5 <= 1.03 <= 100.0 is False,reports/rr_audit_charts/GIHD_CA.png
SCTS.CA,2026-07-16,2026-06-15,612.5999755859375,604.0,612.6,605.59,532.99,649.0,695.72,540.0,540.0,649.0,649.0,23.36206406606296,1.04,79.61000000000001,83.12,12.995429317662424,13.56839699640875,11.851122833705197,5.941887038850796,612.6,532.99,649.0,695.72,540.0,649.0,23.36206406606296,1.04,1.0441605300157586,False,608.6975631681252,608.6975631681252,579.6954665629905,579.6954665629905,402.46112032711966,402.46112032711966,True,True,True,True,True,True,True,True,True,True,True,1.04,True,2026-07-12,1.11,613.1300048828125,540.0,649.0,27.403586222859612,613.13,531.78,649.0,703.81,(695.72 - 612.6) / (612.6 - 532.99) = 1.04,1.5 <= 1.04 <= 100.0 is False,reports/rr_audit_charts/SCTS_CA.png
CLHO.CA,2026-07-16,2026-06-15,16.75,16.75,16.75,16.57,15.03,17.39,18.56,15.21,15.210000038146973,17.39,17.389999389648438,0.5854486842991182,1.05,1.7200000000000006,1.8099999999999987,10.268656716417915,10.805970149253724,9.194029623003148,3.8208918784981347,16.75,15.03,17.39,18.56,15.21,17.39,0.5854486842991182,1.05,1.0555259219698296,False,16.205259161798935,16.205259161798935,15.494104783776223,15.494104783776223,13.117456412932912,13.117456412932912,True,True,True,True,True,True,True,True,True,True,True,1.05,True,2026-07-12,1.0,16.309999465942383,14.25,17.39,0.5801285481361445,16.31,14.08,17.39,18.55,(18.56 - 16.75) / (16.75 - 15.03) = 1.05,1.5 <= 1.05 <= 100.0 is False,reports/rr_audit_charts/CLHO_CA.png
POUL.CA,2026-07-16,2026-06-15,39.5,39.05,39.5,39.06,34.84,41.47,44.41,35.28,35.279998779296875,41.47,41.470001220703125,1.4692957587040543,1.05,4.659999999999997,4.909999999999997,11.797468354430372,12.430379746835435,10.683547394185126,4.987344862539557,39.5,34.84,41.47,44.41,35.28,41.47,1.4692957587040543,1.05,1.0531675515405956,False,38.62149060508822,38.62149060508822,37.031350471876074,37.031350471876074,30.5498986230761,30.5498986230761,True,True,True,True,True,True,True,True,True,True,True,1.05,True,2026-07-12,0.74,40.099998474121094,34.99,41.47,1.618613386860389,40.1,34.5,41.0,44.24,(44.41 - 39.5) / (39.5 - 34.84) = 1.05,1.5 <= 1.05 <= 100.0 is False,reports/rr_audit_charts/POUL_CA.png
ISMQ.CA,2026-07-16,2026-06-15,9.399999618530273,9.26,9.4,9.29,7.95,10.18,10.93,8.06,8.0600004196167,10.18,10.180000305175781,0.3733733305631424,1.06,1.4500000000000002,1.5299999999999994,15.425531914893616,16.276595744680844,14.255311205247562,8.297875586976392,9.4,7.95,10.18,10.93,8.06,10.18,0.3733733305631424,1.06,1.051470780520129,False,9.164055774522538,9.164055774522538,8.491962628371134,8.491962628371134,7.266525889805414,7.266525889805414,True,True,True,True,True,True,True,True,True,True,True,1.06,True,2026-07-12,0.58,9.699999809265137,7.67,10.18,0.3788309708411219,9.7,7.56,10.18,10.94,(10.93 - 9.4) / (9.4 - 7.95) = 1.06,1.5 <= 1.06 <= 100.0 is False,reports/rr_audit_charts/ISMQ_CA.png
RAYA.CA,2026-07-16,2026-06-15,7.889999866485596,7.69,7.89,7.79,6.7,8.49,9.15,6.8,6.800000190734863,8.49,8.489999771118164,0.32971201317781335,1.06,1.1899999999999995,1.2600000000000007,15.082382762991124,15.96958174904944,13.814951764203839,7.604559836732122,7.89,6.7,8.49,9.15,6.8,8.49,0.32971201317781335,1.06,1.0593068077275316,False,7.77688668086898,7.77688668086898,7.244983001217639,7.244983001217639,5.371591398224995,5.371591398224995,True,True,True,True,True,True,True,True,True,True,True,1.06,True,2026-07-12,0.45,8.260000228881836,6.7,8.29,0.3642549686256426,8.26,6.59,8.28,9.01,(9.15 - 7.89) / (7.89 - 6.7) = 1.06,1.5 <= 1.06 <= 100.0 is False,reports/rr_audit_charts/RAYA_CA.png
MPCI.CA,2026-07-16,2026-06-15,242.02000427246094,248.0,242.02,239.27,212.25,256.0,274.32,215.0,215.0,256.0,256.0,9.161352096817973,1.08,29.77000000000001,32.29999999999998,12.300636311048677,13.346004462441114,11.164368149519738,5.776382117180394,242.02,212.25,256.0,274.32,215.0,256.0,9.161352096817973,1.08,1.08513353679467,False,236.19483577834538,236.19483577834538,218.35184085982317,218.35184085982317,173.2876400225103,173.2876400225103,True,True,True,True,True,True,True,True,True,True,True,1.08,True,2026-07-12,1.21,239.7100067138672,213.0,256.0,9.805001215804818,239.71,210.06,256.0,275.61,(274.32 - 242.02) / (242.02 - 212.25) = 1.08,1.5 <= 1.08 <= 100.0 is False,reports/rr_audit_charts/MPCI_CA.png
ORHD.CA,2026-07-16,2026-06-15,39.20000076293945,38.5,39.2,38.87,36.67,39.75,41.94,37.0,37.0,40.2,39.75,1.0959737515534047,1.08,2.530000000000001,2.739999999999995,6.454081632653064,6.989795918367333,5.612246735003593,1.4030612244897886,39.2,36.67,39.75,41.94,37.0,40.2,1.0959737515534047,1.08,1.0842907510295492,False,38.47647017028188,38.47647017028188,36.04262865805434,36.04262865805434,29.068070287983414,29.068070287983414,True,True,True,True,True,True,True,True,True,True,True,1.08,True,2026-07-12,0.64,39.209999084472656,35.01,39.7,1.2169454367862744,39.21,34.64,39.7,42.13,(41.94 - 39.2) / (39.2 - 36.67) = 1.08,1.5 <= 1.08 <= 100.0 is False,reports/rr_audit_charts/ORHD_CA.png
AALR.CA,2026-07-16,2026-06-15,229.97000122070312,231.14,229.97,226.55,192.58,247.97,270.75,196.0,196.0,247.97,247.97000122070312,11.390242848194019,1.09,37.389999999999986,40.78,16.25864243162151,17.732747749706483,14.771492386131694,7.827108414446722,229.97,192.58,247.97,270.75,196.0,247.97,11.390242848194019,1.09,1.0907643003676815,False,218.78230198114133,218.78230198114133,207.64068388881157,207.64068388881157,174.0463873994168,174.0463873994168,True,True,True,True,True,True,True,True,True,True,True,1.09,True,2026-07-12,0.8,236.0399932861328,196.0,247.97,11.459846062916213,236.04,192.56,247.97,270.89,(270.75 - 229.97) / (229.97 - 192.58) = 1.09,1.5 <= 1.09 <= 100.0 is False,reports/rr_audit_charts/AALR_CA.png
EGAS.CA,2026-07-16,2026-06-15,52.0,52.01,52.0,51.43,45.94,54.8,58.63,46.51,46.5099983215332,54.8,54.79999923706055,1.9140042266946988,1.09,6.060000000000002,6.630000000000003,11.653846153846157,12.750000000000005,10.557695535513071,5.3846139174241285,52.0,45.94,54.8,58.63,46.51,54.8,1.9140042266946988,1.09,1.0929726048008424,False,50.77898212357549,50.77898212357549,49.158476899448914,49.158476899448914,45.28349211432385,45.28349211432385,True,True,True,True,True,True,True,True,True,True,True,1.09,True,2026-07-12,2.15,50.0,46.51,55.0,1.8329868954796444,50.0,45.96,55.0,58.67,(58.63 - 52.0) / (52.0 - 45.94) = 1.09,1.5 <= 1.09 <= 100.0 is False,reports/rr_audit_charts/EGAS_CA.png
SEIG.CA,2026-07-16,2026-06-15,243.1999969482422,243.18,243.2,238.55,176.36,285.0,315.98,181.01,181.00999450683594,285.0,285.0,15.48946486831564,1.09,66.83999999999997,72.78000000000003,27.483552631578938,29.925986842105278,25.57154737737991,17.187500000000007,243.2,176.36,285.0,315.98,181.01,285.0,15.48946486831564,1.09,1.0889044233300191,False,220.03886200619627,220.03886200619627,198.9412342348024,198.9412342348024,164.7096643932575,164.7096643932575,True,True,True,True,True,True,True,True,True,True,True,1.09,True,2026-07-12,0.52,258.0299987792969,180.0,285.0,14.397173917832008,258.03,175.68,272.0,300.79,(315.98 - 243.2) / (243.2 - 176.36) = 1.09,1.5 <= 1.09 <= 100.0 is False,reports/rr_audit_charts/SEIG_CA.png
EFIH.CA,2026-07-16,2026-06-15,22.229999542236328,22.03,22.23,22.04,19.81,23.65,24.89,20.0,20.0,23.65,23.649999618530273,0.6224452637531428,1.1,2.4200000000000017,2.66,10.886189833558262,11.965811965811966,10.03148712621157,6.387762566487957,22.23,19.81,23.65,24.89,20.0,23.65,0.6224452637531428,1.1,1.1026830311731228,False,21.818097912158592,21.818097912158592,21.427725541787776,21.427725541787776,19.47229978572595,19.47229978572595,True,True,True,True,True,True,True,True,True,True,True,1.1,True,2026-07-12,1.1,22.299999237060547,20.0,23.65,0.6975688668612439,22.3,19.79,23.65,25.05,(24.89 - 22.23) / (22.23 - 19.81) = 1.1,1.5 <= 1.1 <= 100.0 is False,reports/rr_audit_charts/EFIH_CA.png
GMCI.CA,2026-07-16,2026-06-15,2.0199999809265137,2.12,2.02,1.99,1.63,2.26,2.45,1.66,1.659999966621399,2.26,2.259999990463257,0.0931205868888663,1.1,0.3900000000000001,0.43000000000000016,19.30693069306931,21.287128712871294,17.8217830546708,11.881187646695881,2.02,1.63,2.26,2.45,1.66,2.26,0.0931205868888663,1.1,1.0987404472523996,False,1.9273814542694643,1.9273814542694643,1.8432445400842292,1.8432445400842292,1.7062449076550485,1.7062449076550485,True,True,True,True,True,True,True,True,True,True,True,1.1,True,2026-07-12,1.31,1.9900000095367432,1.66,2.26,0.09977000665233429,1.99,1.63,2.26,2.46,(2.45 - 2.02) / (2.02 - 1.63) = 1.1,1.5 <= 1.1 <= 100.0 is False,reports/rr_audit_charts/GMCI_CA.png
ALUM.CA,2026-07-16,2026-06-15,22.90999984741211,23.31,22.91,22.66,20.3,24.1,25.8,20.55,20.549999237060547,24.1,24.100000381469727,0.8485613613469719,1.11,2.6099999999999994,2.8900000000000006,11.392405063291136,12.614578786556091,10.301181257398156,5.194239988955593,22.91,20.3,24.1,25.8,20.55,24.1,0.8485613613469719,1.11,1.104244422710105,False,22.77037540977935,22.77037540977935,22.60121489547918,22.60121489547918,20.138470203371952,20.138470203371952,True,True,True,True,True,True,True,True,True,True,True,1.11,True,2026-07-12,2.1,22.860000610351562,20.55,26.44,0.9349854991705502,22.86,20.27,26.44,28.31,(25.8 - 22.91) / (22.91 - 20.3) = 1.11,1.5 <= 1.11 <= 100.0 is False,reports/rr_audit_charts/ALUM_CA.png
EGSA.CA,2026-07-16,2026-06-14,8.970000267028809,9.01,8.97,8.94,8.62,9.13,9.36,8.65,8.649999618530273,9.13,9.130000114440918,0.1151858139626928,1.11,0.3500000000000014,0.3899999999999988,3.901895206243048,4.347826086956507,3.5674541691460955,1.7837247986724338,8.97,8.62,9.13,9.36,8.65,9.13,0.1151858139626928,1.11,1.1010137833891365,False,8.884819358947864,8.884819358947864,8.65296562833192,8.65296562833192,7.688616422972075,7.688616422972075,True,True,True,True,True,True,True,True,True,True,True,1.11,True,2026-07-12,0.54,9.079999923706055,8.55,9.13,0.13038261452881783,9.08,8.51,9.13,9.39,(9.36 - 8.97) / (8.97 - 8.62) = 1.11,1.5 <= 1.11 <= 100.0 is False,reports/rr_audit_charts/EGSA_CA.png
PRMH.CA,2026-07-16,2026-06-15,2.759999990463257,2.74,2.76,2.72,2.3,3.02,3.29,2.34,2.3399999141693115,3.02,3.0199999809265137,0.13405121217545174,1.15,0.45999999999999996,0.5300000000000002,16.666666666666664,19.202898550724647,15.217394121202505,9.420289164004126,2.76,2.3,3.02,3.29,2.34,3.02,0.13405121217545174,1.15,1.1475112935703757,False,2.6420442404350464,2.6420442404350464,2.488605363090672,2.488605363090672,1.9278878574098606,1.9278878574098606,True,True,True,True,True,True,True,True,True,True,True,1.15,True,2026-07-12,1.15,2.7699999809265137,2.34,3.02,0.14662379763864392,2.77,2.3,3.02,3.31,(3.29 - 2.76) / (2.76 - 2.3) = 1.15,1.5 <= 1.15 <= 100.0 is False,reports/rr_audit_charts/PRMH_CA.png
WKOL.CA,2026-07-16,2026-06-15,310.0,310.1,310.0,306.2,269.3,334.5,359.86,273.1,273.1000061035156,334.5,334.5,12.67915883066418,1.23,40.69999999999999,49.860000000000014,13.129032258064512,16.08387096774194,11.903223837575606,7.903225806451612,310.0,269.3,334.5,359.86,273.1,334.5,12.67915883066418,1.23,1.2249074843738919,False,302.0462468367885,302.0462468367885,296.6910083147285,296.6910083147285,267.1122229620233,267.1122229620233,True,True,True,True,True,True,True,True,True,True,True,1.23,True,2026-07-12,0.79,320.5,273.1,334.5,13.187531583788255,320.5,269.14,334.5,360.88,(359.86 - 310.0) / (310.0 - 269.3) = 1.23,1.5 <= 1.23 <= 100.0 is False,reports/rr_audit_charts/WKOL_CA.png
CNFN.CA,2026-07-16,2026-06-15,4.909999847412109,4.89,4.91,4.86,4.35,5.28,5.61,4.4,4.400000095367432,5.28,5.28000020980835,0.1627893635518316,1.25,0.5600000000000005,0.7000000000000002,11.405295315682292,14.256619144602855,10.38696064957071,7.535645820943982,4.91,4.35,5.28,5.61,4.4,5.28,0.1627893635518316,1.25,1.2446914498901305,False,4.7972052396176,4.7972052396176,4.657799450455024,4.657799450455024,4.588321116606491,4.588321116606491,True,True,True,True,True,True,True,True,True,True,True,1.25,True,2026-07-12,1.5,4.829999923706055,4.36,5.28,0.16379349126330847,4.83,4.31,5.28,5.61,(5.61 - 4.91) / (4.91 - 4.35) = 1.25,1.5 <= 1.25 <= 100.0 is False,reports/rr_audit_charts/CNFN_CA.png
SMFR.CA,2026-07-16,2026-06-15,235.33999633789062,238.16,235.34,231.75,183.42,277.0,300.93,187.01,187.00999450683594,277.0,277.0,11.966021906800709,1.26,51.920000000000016,65.59,22.06169796889607,27.87031528851874,20.53624652975036,17.702048100620377,235.34,183.42,277.0,300.93,187.01,277.0,11.966021906800709,1.26,1.2633337736238817,False,211.0355659520965,211.0355659520965,204.79832419628255,204.79832419628255,188.1577637163563,188.1577637163563,True,True,True,True,True,True,True,True,True,True,True,1.26,True,2026-07-12,0.94,204.4199981689453,187.01,209.99,6.2634757076189045,204.42,185.13,209.99,222.52,(300.93 - 235.34) / (235.34 - 183.42) = 1.26,1.5 <= 1.26 <= 100.0 is False,reports/rr_audit_charts/SMFR_CA.png
AXPH.CA,2026-07-16,2026-06-15,1231.300048828125,1230.0,1231.3,1214.53,1056.23,1342.9,1454.68,1073.0,1073.0,1342.9,1342.9000244140625,55.8913010853134,1.28,175.06999999999994,223.3800000000001,14.21830585559977,18.141801348168613,12.85633416312987,9.063593309028063,1231.3,1056.23,1342.9,1454.68,1073.0,1342.9,55.8913010853134,1.28,1.2759801527708525,False,1169.4254139446557,1169.4254139446557,1099.3566468974427,1099.3566468974427,882.1330186350152,882.1330186350152,True,True,True,True,True,True,True,True,True,True,True,1.28,True,2026-07-12,1.77,1199.22998046875,1073.0,1342.9,54.7531527429518,1199.23,1056.57,1342.9,1452.41,(1454.68 - 1231.3) / (1231.3 - 1056.23) = 1.28,1.5 <= 1.28 <= 100.0 is False,reports/rr_audit_charts/AXPH_CA.png
ADIB.CA,2026-07-16,2026-06-15,46.900001525878906,46.05,46.9,46.5,43.7,48.49,51.13,44.1,44.099998474121094,48.49,48.4900016784668,1.321664735080996,1.32,3.1999999999999957,4.230000000000004,6.823027718550098,9.019189765458432,5.97015556644023,3.39019547647505,46.9,43.7,48.49,51.13,44.1,48.49,1.321664735080996,1.32,1.3243630059599294,False,46.61808891301595,46.61808891301595,45.76763268512245,45.76763268512245,39.002983514723525,39.002983514723525,True,True,True,True,True,True,True,True,True,True,True,1.32,True,2026-07-12,1.34,46.95000076293945,44.01,48.49,1.5032598925766447,46.95,43.56,48.49,51.5,(51.13 - 46.9) / (46.9 - 43.7) = 1.32,1.5 <= 1.32 <= 100.0 is False,reports/rr_audit_charts/ADIB_CA.png
COPR.CA,2026-07-16,2026-06-15,0.3779999911785126,0.374,0.38,0.37,0.35,0.4,0.42,0.35,0.3529999852180481,0.4,0.39500001072883606,0.010287307844831953,1.33,0.030000000000000027,0.03999999999999998,7.89473684210527,10.52631578947368,6.613758344946122,3.9473712444305407,0.38,0.35,0.4,0.42,0.35,0.4,0.010287307844831953,1.33,1.3378327255267115,False,0.364677661754987,0.364677661754987,0.35149692159237017,0.35149692159237017,0.43932173673847696,0.43932173673847696,True,True,True,True,True,True,True,True,True,True,True,1.33,True,2026-07-12,5.0,0.3610000014305115,0.35,0.4,0.009886287084760501,0.36,0.35,0.4,0.41,(0.42 - 0.38) / (0.38 - 0.35) = 1.33,1.5 <= 1.33 <= 100.0 is False,reports/rr_audit_charts/COPR_CA.png
ATLC.CA,2026-07-16,2026-06-15,5.199999809265137,5.13,5.2,5.15,4.79,5.43,5.75,4.84,4.840000152587891,5.43,5.429999828338623,0.1582461678805736,1.34,0.41000000000000014,0.5499999999999998,7.884615384615387,10.576923076923073,6.923070574652987,4.423073621896593,5.2,4.79,5.43,5.75,4.84,5.43,0.1582461678805736,1.34,1.3411727275292147,False,5.177982981601517,5.177982981601517,5.040187338354781,5.040187338354781,4.577600883867912,4.577600883867912,True,True,True,True,True,True,True,True,True,True,True,1.34,True,2026-07-12,0.96,5.21999979019165,4.7,5.43,0.16848131271203012,5.22,4.65,5.43,5.77,(5.75 - 5.2) / (5.2 - 4.79) = 1.34,1.5 <= 1.34 <= 100.0 is False,reports/rr_audit_charts/ATLC_CA.png
IDRE.CA,2026-07-16,2026-06-15,45.150001525878906,44.99,45.15,44.62,40.57,47.93,51.46,41.1,41.099998474121094,47.93,47.93000030517578,1.7657684702145229,1.38,4.579999999999998,6.310000000000002,10.143964562569211,13.975636766334446,8.970106123775981,6.157254275029419,45.15,40.57,47.93,51.46,41.1,47.93,1.7657684702145229,1.38,1.3781447308677537,False,44.449232407452925,44.449232407452925,42.66515601923193,42.66515601923193,37.61876155245669,37.61876155245669,True,True,True,True,True,True,True,True,True,True,True,1.38,True,2026-07-12,0.54,47.0,41.1,47.93,1.8948710978713401,47.0,40.53,46.7,50.49,(51.46 - 45.15) / (45.15 - 40.57) = 1.38,1.5 <= 1.38 <= 100.0 is False,reports/rr_audit_charts/IDRE_CA.png
SVCE.CA,2026-07-16,2026-06-15,9.399999618530273,9.3,9.4,9.29,8.45,10.0,10.73,8.56,8.5600004196167,10.0,10.0,0.3656699194195774,1.4,0.9500000000000011,1.33,10.106382978723415,14.148936170212767,8.936162053216247,6.382978723404251,9.4,8.45,10.0,10.73,8.56,10.0,0.3656699194195774,1.4,1.401853190849562,False,9.267331979644919,9.267331979644919,8.903123976759233,8.903123976759233,7.816845404050762,7.816845404050762,True,True,True,True,True,True,True,True,True,True,True,1.4,True,2026-07-12,1.01,9.399999618530273,8.11,10.0,0.4109949778603748,9.4,7.99,10.0,10.82,(10.73 - 9.4) / (9.4 - 8.45) = 1.4,1.5 <= 1.4 <= 100.0 is False,reports/rr_audit_charts/SVCE_CA.png
RACC.CA,2026-07-16,2026-06-15,10.1899995803833,10.12,10.19,10.09,9.26,10.89,11.53,9.36,9.359999656677246,10.89,10.890000343322754,0.31753583199683694,1.44,0.9299999999999997,1.3399999999999999,9.126594700686946,13.150147203140333,8.145240018496978,6.869483251449994,10.19,9.26,10.89,11.53,9.36,10.89,0.31753583199683694,1.44,1.4429149162518073,False,10.049291061154653,10.049291061154653,9.807003767726497,9.807003767726497,8.960590355655869,8.960590355655869,True,True,True,True,True,True,True,True,True,True,True,1.44,True,2026-07-12,1.09,10.180000305175781,9.36,10.57,0.3011605301256827,10.18,9.27,10.57,11.17,(11.53 - 10.19) / (10.19 - 9.26) = 1.44,1.5 <= 1.44 <= 100.0 is False,reports/rr_audit_charts/RACC_CA.png
ETRS.CA,2026-07-16,2026-06-15,10.899999618530273,10.81,10.9,10.77,9.69,11.79,12.65,9.82,9.819999694824219,11.79,11.789999961853027,0.42904434809063063,1.45,1.2100000000000009,1.75,11.100917431192668,16.05504587155963,9.908256527550952,8.165137264706669,10.9,9.69,11.79,12.65,9.82,11.79,0.42904434809063063,1.45,1.4462396859872149,False,10.50589907389858,10.50589907389858,9.560725118068534,9.560725118068534,7.897370954922581,7.897370954922581,True,True,True,True,True,True,True,True,True,True,True,1.45,True,2026-07-12,0.84,10.899999618530273,8.77,11.79,0.5131349678226261,10.9,8.62,11.79,12.82,(12.65 - 10.9) / (10.9 - 9.69) = 1.45,1.5 <= 1.45 <= 100.0 is False,reports/rr_audit_charts/ETRS_CA.png
