Trade,Equity
0,100000.0
1,99999.24
2,100002.8
3,99996.34
4,99990.44
5,99979.12
6,99984.13
7,99978.72
8,99974.28
9,99995.09
10,99982.86
11,99994.87
12,99989.26
13,99979.64
14,99981.14
15,99983.13
16,99981.69
17,99980.77
18,99978.92
19,99980.06
20,99978.9
21,99977.45
22,99974.69
23,99974.08
24,99961.4
25,99961.19
26,99961.27
27,99961.17
28,99961.1
29,99960.73
30,99960.46
31,99960.28
32,99960.03
33,99960.32
34,99960.08
35,99960.41
36,99959.44
37,99958.98
38,99956.74
39,99950.64
40,99949.41
41,99956.22
42,99951.67
43,99947.95
44,99956.2
45,99963.98
46,99963.98
47,99961.22
48,99960.54
49,99958.42
50,99967.82
51,99976.16
52,100012.46
53,100013.37
54,100013.03
55,100011.89
56,100012.18
57,100012.74
58,100011.81
59,100010.99
60,100010.18
61,100012.75
62,100012.13
63,100010.89
64,100012.04
65,100016.4
66,100015.58
67,100015.29
68,100015.81
69,100015.51
70,100015.26
71,100015.04
72,100014.75
73,100014.66
74,100014.59
75,100014.55
76,100014.75
77,100014.22
78,100014.29
79,100013.67
80,100011.54
81,100008.46
82,100013.38
83,100018.35
84,100017.95
85,100016.43
86,100017.46
87,100016.37
88,100014.78
89,100013.91
90,100016.74
91,100014.28
92,100016.0
93,100014.08
94,100018.53
95,100020.82
96,100035.58
97,100028.64
98,100023.49
99,100023.48
100,100023.54
101,100023.62
102,100023.78
103,100023.95
104,100024.13
105,100024.02
106,100024.0
107,100024.07
108,100024.05
109,100023.42
110,100019.83
111,100018.11
112,100011.58
113,100022.37
114,100012.53
115,100031.18
116,100015.53
117,100013.52
118,100006.03
119,100005.18
120,100006.74
121,100005.97
122,100004.95
123,100005.96
124,100004.36
125,100003.37
126,99992.42
127,99995.22
128,99993.66
129,99993.57
130,99994.06
131,99993.63
132,99994.06
133,99993.42
134,99992.73
135,99991.17
136,99992.02
137,99990.95
138,99992.08
139,99992.12
140,99991.98
141,99992.06
142,99992.04
143,99991.93
144,99991.88
145,99991.91
146,99992.01
147,99992.12
148,99992.22
149,99992.38
150,99992.24
151,99987.92
152,99992.63
153,99999.42
154,99995.89
155,99990.64
156,99990.7
157,99990.51
158,99989.91
159,99989.43
160,99989.27
161,99989.16
162,99989.08
163,99988.88
164,99988.73
165,99989.34
166,99988.9
167,99988.88
168,99988.99
169,99988.34
170,99988.2
171,99988.46
172,99987.91
173,99987.4
174,99987.77
175,99987.41
176,99986.73
177,99986.68
178,99986.55
179,99986.71
180,99986.7
181,99986.69
182,99986.85
183,99986.84
184,99986.75
185,99986.36
186,99986.37
187,99987.0
188,99987.07
189,99988.8
190,99991.47
191,99991.59
192,99991.34
193,99991.83
194,99991.27
195,99991.7
196,99991.37
197,99991.14
198,99991.19
199,99991.39
200,99991.63
201,99991.41
202,99991.88
203,99991.27
204,99991.13
205,99990.75
206,99991.18
207,99991.6
208,99992.79
209,99992.01
210,99991.49
211,99992.67
212,99991.41
213,99991.1
214,99991.96
215,99992.76
216,99993.97
217,99992.99
218,99991.74
219,99990.46
220,99997.55
221,99996.0
222,99996.03
223,99996.01
224,99996.0
225,99995.97
226,99996.01
227,99995.85
228,99995.77
229,99995.96
230,99994.24
231,99994.31
232,99994.3
233,99994.4
234,99994.41
235,99994.28
236,99994.42
237,99994.38
238,99994.7
239,99994.48
240,99994.93
241,99994.98
242,99994.8
243,99994.49
244,99994.8
245,99994.7
246,99994.94
247,99994.55
248,99994.22
249,99994.8
250,99994.17
251,99993.66
252,99993.28
253,99992.34
254,99991.99
255,99992.66
256,99991.48
257,99990.39
258,99991.19
259,99992.82
260,99991.64
261,99988.35
262,99987.95
263,99987.68
264,99987.27
265,99986.81
266,99986.57
267,99987.29
268,99986.61
269,99986.38
270,99987.12
271,99986.43
272,99986.83
273,99986.71
274,99986.97
275,99986.83
276,99987.01
277,99986.56
278,99986.53
279,100002.67
280,99995.39
281,99971.97
282,99969.04
283,99967.1
284,99985.08
285,99969.65
286,99980.97
287,99998.14
288,100025.51
289,100049.45
290,100053.18
291,100116.05
292,100100.56
293,100100.55
294,100100.54
295,100100.55
296,100100.54
297,100100.55
298,100100.57
299,100100.56
300,100102.05
301,100101.98
302,100100.61
303,100101.75
304,100105.53
305,100107.59
306,100108.38
307,100103.51
308,100097.38
309,100094.01
310,100091.69
311,100099.48
312,100098.33
313,100098.18
314,100098.59
315,100098.67
316,100098.39
317,100098.18
318,100098.16
319,100096.84
320,100095.49
321,100099.24
322,100106.07
323,100113.78
324,100121.17
325,100138.74
326,100131.51
327,100131.31
328,100130.37
329,100130.6
330,100130.28
331,100129.7
332,100129.98
333,100129.26
334,100131.46
335,100132.65
336,100131.93
337,100130.71
338,100129.22
339,100127.64
340,100125.62
341,100124.28
342,100124.3
343,100124.01
344,100123.82
345,100124.38
346,100123.43
347,100122.71
348,100124.7
349,100123.42
350,100121.51
351,100123.7
352,100118.88
353,100115.79
354,100113.17
355,100115.47
356,100114.3
357,100114.19
358,100115.47
359,100117.22
360,100116.86
361,100124.4
362,100132.16
363,100139.09
364,100130.31
365,100124.81
366,100124.76
367,100124.83
368,100124.78
369,100124.85
370,100125.04
371,100124.88
372,100124.84
373,100124.78
374,100124.7
375,100124.63
376,100124.52
377,100124.72
378,100124.87
379,100124.67
380,100124.1
381,100123.23
382,100122.92
383,100122.61
384,100122.45
385,100122.71
386,100122.06
387,100121.45
388,100122.01
389,100121.73
390,100122.24
391,100123.25
392,100123.65
393,100122.1
394,100121.14
395,100119.48
396,100120.3
397,100119.36
398,100118.19
399,100119.65
400,100120.56
401,100121.11
402,100119.97
403,100119.91
404,100119.29
405,100119.03
406,100118.67
407,100117.17
408,100116.11
409,100117.23
410,100116.71
411,100115.44
412,100114.06
413,100113.29
414,100113.54
415,100113.2
416,100113.1
417,100112.32
418,100113.38
419,100115.21
420,100113.94
421,100112.71
422,100110.81
423,100111.62
424,100116.55
425,100115.52
426,100119.1
427,100114.2
428,100119.8
429,100110.49
430,100107.05
431,100104.51
432,100109.33
433,100105.11
434,100099.97
435,100100.04
436,100100.34
437,100100.55
438,100100.32
439,100099.78
440,100099.77
441,100099.76
442,100099.73
443,100099.85
444,100099.82
445,100099.8
446,100099.66
447,100099.79
448,100095.76
449,100093.89
450,100095.62
451,100095.28
452,100100.19
453,100097.14
454,100087.61
455,100089.23
456,100101.75
457,100112.11
458,100131.5
459,100131.65
460,100131.12
461,100132.56
462,100133.64
463,100132.76
464,100136.5
465,100134.89
466,100133.1
467,100131.07
468,100128.99
469,100126.47
470,100128.71
471,100128.91
472,100130.12
473,100129.65
474,100130.31
475,100129.34
476,100128.42
477,100125.76
478,100124.26
479,100127.48
480,100097.45
481,100104.38
482,100090.58
483,100081.84
484,100084.3
485,100086.58
486,100085.96
487,100084.94
488,100084.78
489,100084.97
490,100085.06
491,100084.74
492,100084.75
493,100085.15
494,100085.79
495,100085.99
496,100086.79
497,100088.71
498,100087.15
499,100087.05
500,100087.51
501,100086.71
502,100086.18
503,100086.1
504,100086.37
505,100086.4
506,100086.43
507,100086.49
508,100086.58
509,100086.5
510,100086.61
511,100086.46
512,100085.83
513,100087.14
514,100084.79
515,100084.57
516,100083.48
517,100076.75
518,100081.82
519,100095.82
520,100083.37
521,100093.75
522,100095.0
523,100104.01
524,100083.58
525,100072.38
526,100071.24
527,100068.8
528,100069.03
529,100072.29
530,100073.93
531,100062.77
532,100064.46
533,100030.02
534,100022.25
535,100007.12
536,100007.21
537,100007.1
538,100007.5
539,100008.0
540,100007.97
541,100009.3
542,100009.16
543,100008.81
544,100008.2
545,100009.28
546,100008.09
547,100013.3
548,100010.59
549,100012.41
550,100012.92
551,100011.48
552,100007.96
553,100007.89
554,100007.85
555,100007.84
556,100007.97
557,100008.2
558,100008.24
559,100008.33
560,100008.43
561,100008.25
562,100008.41
563,100008.37
564,100008.48
565,100008.78
566,100008.69
567,100007.72
568,100006.64
569,100006.17
570,100004.46
571,100005.72
572,100004.75
573,100003.41
574,100003.42
575,100003.4
576,100003.38
577,100003.36
578,100003.31
579,100003.38
580,100003.24
581,100003.21
582,100003.25
583,100003.19
584,100003.22
585,100003.2
586,100003.17
587,100003.13
588,100003.07
589,100002.9
590,100008.12
591,100004.07
592,100011.06
593,99999.72
594,100020.07
595,100017.81
596,100022.64
597,100010.37
598,100017.3
599,100005.74
600,100004.14
601,99973.46
602,100011.12
603,100005.45
604,100005.45
605,100005.52
606,100005.45
607,100005.9
608,100005.76
609,100005.68
610,100005.57
611,100005.52
612,100005.64
613,100005.57
614,100005.7
615,100005.81
616,100005.87
617,100004.64
618,100005.84
619,100005.0
620,100005.58
621,100007.64
622,100009.07
623,100011.88
624,100016.14
625,100021.92
626,100024.89
627,100028.23
628,100023.9
629,100047.09
630,100035.31
631,100033.99
632,100034.45
633,100034.14
634,100035.41
635,100032.23
636,100032.27
637,100030.33
638,100032.4
639,100034.56
640,100037.52
641,100033.06
642,100030.75
643,100015.3
644,100028.38
645,100024.98
646,100045.66
647,100043.29
648,100038.83
649,100036.35
650,100036.37
651,100036.35
652,100036.33
653,100036.31
654,100036.29
655,100036.29
656,100035.75
657,100035.61
658,100035.32
659,100035.12
660,100035.86
661,100035.62
662,100034.64
663,100035.37
664,100034.68
665,100034.22
666,100033.85
667,100034.0
668,100033.86
669,100033.49
670,100033.42
671,100033.24
672,100033.08
673,100032.96
674,100032.85
675,100032.56
676,100032.48
677,100032.67
678,100032.55
679,100032.84
680,100032.49
681,100032.18
682,100032.12
683,100032.1
684,100032.12
685,100031.97
686,100032.04
687,100032.08
688,100031.9
689,100031.89
690,100031.91
691,100031.93
692,100031.91
693,100031.93
694,100031.99
695,100031.95
696,100031.93
697,100031.97
698,100032.01
699,100032.07
700,100032.02
701,100031.97
702,100031.95
703,100031.92
704,100031.88
705,100031.84
706,100031.85
707,100031.83
708,100031.82
709,100031.8
710,100031.78
711,100031.78
712,100031.74
713,100031.77
714,100031.76
715,100031.72
716,100031.69
717,100031.76
718,100031.91
719,100031.47
720,100031.32
721,100031.0
722,100030.9
723,100031.37
724,100031.96
725,100032.17
726,100031.94
727,100032.11
728,100032.36
729,100032.21
730,100032.04
731,100031.57
732,100033.74
733,100036.29
734,100036.16
735,100039.3
736,100040.4
737,100035.78
738,100030.96
739,100030.22
740,100031.47
741,100029.7
742,100034.14
743,100033.95
744,100033.52
745,100033.76
746,100033.46
747,100033.99
748,100033.69
749,100034.53
750,100034.26
751,100033.49
752,100034.25
753,100033.88
754,100033.65
755,100033.47
756,100033.41
757,100033.38
758,100033.34
759,100033.4
760,100033.37
761,100033.23
762,100033.01
763,100032.99
764,100033.36
765,100033.16
766,100033.06
767,100032.97
768,100032.67
769,100032.5
770,100031.24
771,100031.07
772,100031.71
773,100031.96
774,100031.55
775,100031.32
776,100031.53
777,100031.31
778,100031.57
779,100032.81
780,100030.17
781,100028.0
782,100026.7
783,100030.34
784,100028.8
785,100025.69
786,100025.61
787,100025.52
788,100025.86
789,100025.8
790,100025.79
791,100025.83
792,100025.76
793,100025.52
794,100025.41
795,100025.81
796,100026.07
797,100024.75
798,100025.47
799,100026.61
800,100026.53
801,100025.78
802,100025.36
803,100024.82
804,100024.48
805,100024.07
806,100025.95
807,100024.89
808,100024.49
809,100023.97
810,100022.85
811,100021.66
812,100021.19
813,100020.79
814,100021.55
815,100020.62
816,100023.52
817,100021.5
818,100019.36
819,100023.39
820,100030.08
821,100041.3
822,100049.6
823,100049.05
824,100048.28
825,100047.42
826,100046.99
827,100048.19
828,100051.39
829,100053.16
830,100058.05
831,100054.25
832,100048.79
833,100042.86
834,100043.02
835,100042.98
836,100043.35
837,100043.63
838,100043.44
839,100043.41
840,100043.31
841,100043.65
842,100044.09
843,100044.43
844,100044.17
845,100044.94
846,100044.69
847,100045.04
848,100044.61
849,100045.1
850,100045.7
851,100047.83
852,100047.44
853,100046.79
854,100047.39
855,100046.09
856,100043.76
857,100043.13
858,100042.48
859,100043.02
860,100042.6
861,100042.39
862,100042.05
863,100041.78
864,100042.19
865,100039.45
866,100040.75
867,100042.54
868,100039.12
869,100038.23
870,100037.21
871,100038.43
872,100038.44
873,100038.44
874,100038.43
875,100038.46
876,100038.43
877,100038.43
878,100038.43
879,100038.44
880,100038.45
881,100038.43
882,100038.4
883,100038.37
884,100038.39
885,100038.35
886,100038.31
887,100038.29
888,100038.06
889,100038.24
890,100038.65
891,100038.21
892,100038.58
893,100038.94
894,100040.02
895,100040.58
896,100039.97
897,100038.54
898,100038.31
899,100038.8
900,100037.36
901,100037.19
902,100037.18
903,100037.13
904,100037.05
905,100037.09
906,100037.05
907,100037.33
908,100038.94
909,100043.39
910,100041.02
911,100039.64
912,100037.58
913,100042.53
914,100036.21
915,100038.97
916,100038.31
917,100035.37
918,100027.18
919,100025.57
920,100025.42
921,100025.35
922,100025.25
923,100025.13
924,100025.09
925,100024.97
926,100024.73
927,100024.77
928,100024.78
929,100024.82
930,100024.8
931,100024.88
932,100023.49
933,100024.37
934,100023.95
935,100022.8
936,100023.51
937,100023.56
938,100024.87
939,100024.28
940,100027.05
941,100025.22
942,100022.81
943,100027.28
944,100029.36
945,100033.78
946,100037.27
947,100040.63
948,100033.14
949,100034.72
950,100040.4
951,100061.45
952,100055.3
953,100070.57
954,100078.51
955,100048.53
956,100056.58
957,100035.58
958,100035.18
959,100035.37
960,100033.98
961,100031.81
962,100031.18
963,100029.66
964,100027.48
965,100024.73
966,100028.64
967,100031.64
968,100030.92
969,100030.0
970,100030.17
971,100029.81
972,100029.2
973,100030.51
974,100031.07
975,100030.71
976,100031.81
977,100030.22
978,100031.4
979,100029.06
980,100029.77
981,100030.03
982,100020.46
983,100020.08
984,100019.98
985,100019.35
986,100018.05
987,100019.0
988,100018.99
989,100018.72
990,100018.35
991,100018.07
992,100017.72
993,100017.82
994,100017.56
995,100017.33
996,100017.81
997,100017.39
998,100019.15
999,100018.44
1000,100020.8
1001,100020.62
1002,100020.88
1003,100020.47
1004,100019.73
1005,100017.73
1006,100021.53
1007,100025.41
1008,100026.65
1009,100030.82
1010,100027.96
1011,100027.16
1012,100027.18
1013,100027.83
1014,100026.33
1015,100025.89
1016,100025.41
1017,100025.38
1018,100025.53
1019,100025.89
1020,100025.83
1021,100025.95
1022,100026.01
1023,100025.9
1024,100025.72
1025,100025.61
1026,100025.4
1027,100025.36
1028,100025.14
1029,100025.3
1030,100025.63
1031,100025.46
1032,100025.81
1033,100025.53
1034,100025.84
1035,100025.57
1036,100027.25
1037,100028.65
1038,100029.61
1039,100029.07
1040,100029.53
1041,100027.77
1042,100027.66
1043,100023.93
1044,100036.09
1045,100025.71
1046,100025.35
1047,100026.99
1048,100029.96
1049,100030.0
1050,100030.01
1051,100030.03
1052,100030.06
1053,100030.1
1054,100030.06
1055,100030.28
1056,100030.23
1057,100030.13
1058,100029.93
1059,100029.73
1060,100029.62
1061,100030.17
1062,100032.0
1063,100033.69
1064,100034.85
1065,100034.86
1066,100034.91
1067,100034.1
1068,100039.13
1069,100037.7
1070,100044.2
1071,100048.55
1072,100038.22
1073,100044.3
1074,100052.53
1075,100049.28
1076,100040.15
1077,100047.45
1078,100046.5
1079,100049.07
1080,100051.02
1081,100046.77
1082,100056.54
1083,100059.41
1084,100058.76
1085,100073.18
1086,100074.26
1087,100074.92
1088,100075.03
1089,100071.98
1090,100071.9
1091,100071.72
1092,100071.24
1093,100069.37
1094,100068.95
1095,100068.54
1096,100068.12
1097,100067.93
1098,100067.55
1099,100067.22
1100,100067.14
1101,100067.03
1102,100066.37
1103,100066.02
1104,100066.59
1105,100066.21
1106,100066.85
1107,100067.75
1108,100067.43
1109,100066.97
1110,100066.59
1111,100067.12
1112,100069.29
1113,100071.64
1114,100075.72
1115,100079.86
1116,100077.26
1117,100075.67
1118,100074.54
1119,100073.39
1120,100073.63
1121,100073.58
1122,100073.53
1123,100074.04
1124,100073.9
1125,100073.48
1126,100073.4
1127,100074.46
1128,100076.44
1129,100076.74
1130,100080.96
1131,100079.57
1132,100092.01
1133,100105.29
1134,100098.06
1135,100090.86
1136,100083.9
1137,100081.31
1138,100081.52
1139,100081.98
1140,100081.94
1141,100081.53
1142,100082.05
1143,100083.7
1144,100083.97
1145,100083.34
1146,100082.67
1147,100083.33
1148,100082.61
1149,100082.46
1150,100083.12
1151,100082.61
1152,100082.24
1153,100081.74
1154,100081.18
1155,100080.6
1156,100079.02
1157,100078.48
1158,100077.97
1159,100073.3
1160,100069.54
1161,100066.9
1162,100065.28
1163,100067.33
1164,100065.76
1165,100064.21
1166,100064.92
1167,100067.08
1168,100069.86
1169,100068.95
1170,100063.61
1171,100062.27
1172,100067.42
1173,100098.76
1174,100092.0
1175,100085.7
1176,100093.48
1177,100108.63
1178,100089.12
1179,100093.95
1180,100085.96
1181,100087.12
1182,100086.77
1183,100084.8
1184,100083.67
1185,100083.73
1186,100082.75
1187,100079.93
1188,100078.42
1189,100072.21
1190,100093.2
1191,100111.46
1192,100111.56
1193,100111.53
1194,100111.41
1195,100111.25
1196,100111.09
1197,100111.26
1198,100111.44
1199,100111.51
1200,100111.31
1201,100111.32
1202,100111.38
1203,100111.42
1204,100111.46
1205,100111.57
1206,100111.48
1207,100111.53
1208,100111.47
1209,100111.5
1210,100111.5
1211,100111.47
1212,100111.56
1213,100111.7
1214,100111.88
1215,100111.81
1216,100111.73
1217,100122.29
1218,100119.38
1219,100115.35
1220,100126.33
1221,100123.71
1222,100119.8
1223,100115.65
1224,100108.2
1225,100117.73
1226,100111.48
1227,100102.63
1228,100019.24
1229,100015.89
1230,100015.66
1231,100015.98
1232,100016.05
1233,100015.68
1234,100015.3
1235,100016.59
1236,100015.8
1237,100019.21
1238,100015.98
1239,100012.69
1240,100016.55
1241,100018.4
1242,100022.4
1243,100021.59
1244,100019.75
1245,100017.14
1246,100017.99
1247,100018.76
1248,100017.96
1249,100018.06
1250,100016.16
1251,100014.62
1252,100022.57
1253,100023.17
1254,100022.42
1255,100021.9
1256,100021.38
1257,100022.1
1258,100023.42
1259,100022.78
1260,100018.39
1261,100017.08
1262,100018.79
1263,100017.18
1264,100019.18
1265,100021.99
1266,100020.51
1267,100022.32
1268,100022.12
1269,100018.91
1270,100018.39
1271,100015.95
1272,100008.52
1273,100033.64
1274,100023.21
1275,100013.13
1276,100008.52
1277,100015.74
1278,100034.48
1279,100009.27
1280,100033.11
1281,100055.33
1282,100079.2
1283,100085.08
1284,100063.61
1285,100062.94
1286,100062.34
1287,100062.42
1288,100062.69
1289,100062.59
1290,100062.58
1291,100062.53
1292,100062.37
1293,100062.48
1294,100062.45
1295,100062.43
1296,100062.42
1297,100062.43
1298,100062.42
1299,100062.39
1300,100062.41
1301,100062.42
1302,100062.39
1303,100062.35
1304,100062.46
1305,100062.45
1306,100062.44
1307,100062.42
1308,100062.34
1309,100061.83
1310,100063.22
1311,100063.08
1312,100065.86
1313,100068.14
1314,100066.71
1315,100069.92
1316,100067.88
1317,100070.8
1318,100069.67
1319,100064.54
1320,100059.11
1321,100068.34
1322,100055.05
1323,100057.14
1324,100056.6
1325,100061.17
1326,100068.46
1327,100076.26
1328,100085.23
1329,100077.14
1330,100074.23
1331,100068.74
1332,100063.39
1333,100064.48
1334,100063.29
1335,100065.5
1336,100063.43
1337,100062.44
1338,100063.51
1339,100062.95
1340,100065.5
1341,100074.02
1342,100082.86
1343,100070.55
1344,100056.89
1345,100061.15
1346,100087.07
1347,100057.08
1348,100057.08
1349,100057.06
1350,100057.14
1351,100056.64
1352,100056.56
1353,100056.4
1354,100056.42
1355,100056.53
1356,100056.52
1357,100056.74
1358,100056.55
1359,100056.52
1360,100055.73
1361,100055.16
1362,100054.83
1363,100054.44
1364,100055.57
1365,100053.29
1366,100056.24
1367,100058.17
1368,100056.75
1369,100054.68
1370,100056.04
1371,100055.76
1372,100056.26
1373,100055.37
1374,100054.97
1375,100054.82
1376,100055.95
1377,100054.8
1378,100054.29
1379,100054.48
1380,100054.46
1381,100054.46
1382,100054.45
1383,100054.46
1384,100054.48
1385,100054.47
1386,100054.46
1387,100054.47
1388,100054.46
1389,100054.5
1390,100054.46
1391,100054.41
1392,100054.41
1393,100054.37
1394,100053.72
1395,100053.26
1396,100053.65
1397,100054.46
1398,100054.25
1399,100056.52
1400,100056.22
1401,100056.51
1402,100056.08
1403,100056.05
1404,100056.0
1405,100055.94
1406,100056.43
1407,100056.2
1408,100055.93
1409,100055.75
1410,100055.57
1411,100055.65
1412,100056.06
1413,100055.67
1414,100055.64
1415,100052.33
1416,100055.09
1417,100060.38
1418,100054.27
1419,100055.92
1420,100061.68
1421,100055.25
1422,100055.08
1423,100055.58
1424,100056.47
1425,100056.29
1426,100056.95
1427,100057.7
1428,100057.03
1429,100057.36
1430,100057.1
1431,100057.06
1432,100055.7
1433,100054.12
1434,100052.66
1435,100057.31
1436,100057.15
1437,100055.6
1438,100048.08
1439,100057.47
1440,100067.83
1441,100055.08
1442,100055.76
1443,100056.31
1444,100057.42
1445,100056.46
1446,100055.89
1447,100057.25
1448,100055.67
1449,100055.23
1450,100054.03
1451,100053.11
1452,100050.68
1453,100050.14
1454,100051.42
1455,100053.36
1456,100057.68
1457,100064.19
1458,100065.83
1459,100066.33
1460,100066.17
1461,100065.58
1462,100066.74
1463,100067.41
1464,100067.15
1465,100068.32
1466,100068.47
1467,100068.71
1468,100068.56
1469,100068.68
1470,100068.67
1471,100068.65
1472,100068.66
1473,100068.65
1474,100068.63
1475,100068.65
1476,100068.63
1477,100068.65
1478,100068.7
1479,100068.84
1480,100068.77
1481,100068.64
1482,100068.09
1483,100067.57
1484,100067.1
1485,100065.97
1486,100067.43
1487,100068.37
1488,100067.14
1489,100066.22
1490,100068.03
1491,100068.05
1492,100068.54
1493,100068.68
1494,100068.27
1495,100068.08
1496,100068.44
1497,100068.22
1498,100068.81
1499,100069.33
1500,100068.52
1501,100067.37
1502,100065.3
1503,100063.3
1504,100063.45
1505,100063.28
1506,100062.47
1507,100061.97
1508,100061.17
1509,100060.78
1510,100062.35
1511,100063.86
1512,100061.53
1513,100064.3
1514,100067.4
1515,100065.16
1516,100062.97
1517,100058.82
1518,100058.64
1519,100058.44
1520,100058.36
1521,100058.49
1522,100058.51
1523,100058.26
1524,100057.31
1525,100057.08
1526,100058.18
1527,100055.56
1528,100048.12
1529,100048.19
1530,100044.56
1531,100055.39
1532,100059.44
1533,100070.25
1534,100069.68
1535,100069.66
1536,100070.26
1537,100071.12
1538,100073.28
1539,100073.93
1540,100075.61
1541,100077.24
1542,100076.13
1543,100078.76
1544,100081.66
1545,100084.92
1546,100084.67
1547,100084.49
1548,100084.03
1549,100083.65
1550,100083.36
1551,100083.38
1552,100083.15
1553,100083.92
1554,100083.71
1555,100083.02
1556,100081.74
1557,100081.13
1558,100082.13
1559,100080.77
1560,100080.7
1561,100080.62
1562,100080.75
1563,100080.63
1564,100080.38
1565,100080.52
1566,100081.02
1567,100080.77
1568,100080.64
1569,100080.49
1570,100080.18
1571,100078.87
1572,100078.53
1573,100077.87
1574,100077.39
1575,100078.38
1576,100077.41
1577,100076.13
1578,100077.85
1579,100076.58
1580,100077.68
1581,100076.21
1582,100073.83
1583,100072.04
1584,100069.04
1585,100067.27
1586,100065.11
1587,100065.12
1588,100065.16
1589,100065.15
1590,100065.2
1591,100065.32
1592,100065.11
1593,100064.6
1594,100064.26
1595,100064.72
1596,100064.55
1597,100063.85
1598,100063.79
1599,100063.94
1600,100063.37
1601,100062.58
1602,100063.12
1603,100063.32
1604,100062.82
1605,100063.66
1606,100064.3
1607,100065.13
1608,100065.84
1609,100065.06
1610,100065.9
1611,100065.57
1612,100064.12
1613,100063.66
1614,100057.79
1615,100062.57
1616,100065.73
1617,100062.56
1618,100060.22
1619,100063.67
1620,100063.63
1621,100063.7
1622,100063.58
1623,100063.73
1624,100063.58
1625,100063.47
1626,100063.44
1627,100063.38
1628,100063.39
1629,100063.34
1630,100063.51
1631,100063.69
1632,100063.62
1633,100063.44
1634,100063.12
1635,100063.1
1636,100062.83
1637,100062.44
1638,100062.23
1639,100062.87
1640,100062.55
1641,100062.32
1642,100062.18
1643,100061.65
1644,100061.18
1645,100061.03
1646,100060.18
1647,100059.44
1648,100059.23
1649,100059.16
1650,100057.99
1651,100059.06
1652,100058.43
1653,100058.33
1654,100058.09
1655,100058.06
1656,100057.87
1657,100057.54
1658,100058.04
1659,100057.85
1660,100057.75
1661,100059.4
1662,100058.22
1663,100057.54
1664,100057.26
1665,100057.73
1666,100059.31
1667,100060.42
1668,100059.8
1669,100056.87
1670,100060.45
1671,100056.44
1672,100055.39
1673,100053.44
1674,100053.3
1675,100058.94
1676,100051.52
1677,100067.8
1678,100085.69
1679,100125.32
1680,100078.69
1681,100059.25
1682,100054.85
1683,100054.66
1684,100066.4
1685,100067.92
1686,100061.37
1687,100064.07
1688,100067.86
1689,100057.79
1690,100084.13
1691,100103.35
1692,100090.94
1693,100101.86
1694,100115.53
1695,100099.18
1696,100098.07
1697,100097.8
1698,100097.6
1699,100097.2
1700,100096.98
1701,100096.23
1702,100097.15
1703,100096.03
1704,100094.43
1705,100095.41
1706,100097.46
1707,100090.62
1708,100091.32
1709,100087.33
1710,100104.19
1711,100097.99
1712,100097.8
1713,100087.95
1714,100086.35
1715,100087.77
1716,100140.91
1717,100137.81
1718,100137.5
1719,100137.33
1720,100136.86
1721,100136.91
1722,100135.34
1723,100135.94
1724,100138.76
1725,100138.19
1726,100141.27
1727,100139.73
1728,100139.3
1729,100139.18
1730,100137.86
1731,100138.35
1732,100137.86
1733,100140.09
1734,100140.41
1735,100141.44
1736,100135.71
1737,100149.56
1738,100143.7
1739,100153.07
1740,100144.45
1741,100137.53
1742,100151.33
1743,100141.0
1744,100141.04
1745,100141.01
1746,100140.96
1747,100141.14
1748,100140.96
1749,100141.46
1750,100141.72
1751,100141.99
1752,100142.46
1753,100142.75
1754,100142.77
1755,100142.54
1756,100142.37
1757,100142.87
1758,100142.7
1759,100142.93
1760,100143.11
1761,100143.29
1762,100143.62
1763,100143.15
1764,100144.41
1765,100145.02
1766,100144.99
1767,100145.04
1768,100144.64
1769,100142.33
1770,100140.85
1771,100138.56
1772,100136.3
1773,100134.49
1774,100145.29
1775,100141.33
1776,100141.23
1777,100141.04
1778,100140.85
1779,100140.73
1780,100140.85
1781,100141.11
1782,100141.39
1783,100141.24
1784,100140.9
1785,100140.52
1786,100139.78
1787,100139.33
1788,100140.24
1789,100140.97
1790,100141.86
1791,100143.29
1792,100141.36
1793,100140.01
1794,100139.08
1795,100138.75
1796,100140.56
1797,100139.71
1798,100139.66
1799,100137.49
1800,100141.22
1801,100151.25
1802,100146.96
1803,100147.73
1804,100146.66
1805,100145.91
1806,100145.57
1807,100147.57
1808,100135.82
1809,100139.17
1810,100134.41
1811,100134.42
1812,100134.43
1813,100134.44
1814,100134.45
1815,100134.46
1816,100134.45
1817,100134.44
1818,100134.65
1819,100134.7
1820,100134.63
1821,100134.59
1822,100134.65
1823,100134.56
1824,100134.53
1825,100139.46
1826,100127.59
1827,100125.87
1828,100146.72
1829,100143.37
1830,100141.01
1831,100171.12
1832,100210.58
1833,100190.55
1834,100138.55
1835,100113.35
1836,100113.32
1837,100113.29
1838,100113.2
1839,100113.13
1840,100113.08
1841,100113.18
1842,100113.11
1843,100113.06
1844,100112.96
1845,100112.92
1846,100112.86
1847,100112.76
1848,100112.67
1849,100112.85
1850,100112.81
1851,100112.79
1852,100112.78
1853,100112.77
1854,100112.86
1855,100112.69
1856,100112.64
1857,100112.74
1858,100112.91
1859,100112.77
1860,100112.54
1861,100112.28
1862,100112.54
1863,100112.18
1864,100111.75
1865,100111.44
1866,100111.05
1867,100109.36
1868,100109.02
1869,100108.56
1870,100108.23
1871,100089.47
1872,100133.89
1873,100113.92
1874,100140.71
1875,100151.48
1876,100125.29
1877,100105.3
1878,100111.81
1879,100141.42
1880,100111.06
1881,100093.11
1882,100110.17
1883,100122.18
1884,100120.04
1885,100111.83
1886,100097.33
1887,100095.18
1888,100082.49
1889,100078.13
1890,100067.19
1891,100090.75
1892,100062.77
1893,100038.95
1894,100038.9
1895,100038.78
1896,100038.51
1897,100038.37
1898,100038.16
1899,100038.3
1900,100038.48
1901,100038.72
1902,100038.53
1903,100038.71
1904,100039.1
1905,100039.65
1906,100040.07
1907,100039.63
1908,100039.58
1909,100040.01
1910,100040.29
1911,100040.17
1912,100039.95
1913,100039.5
