Feature,Importance
rr,0.07175124464003137
rsi7,0.053006038528765904
dist_low20,0.052170806982778505
ema20_dist,0.05124389871388207
bb_position,0.05043542135149602
dist_high20,0.048752740383239415
obv_slope,0.04815699912821935
ema200_dist,0.047887866073214526
rsi,0.04729944222878607
macd,0.04457411488782487
atr,0.04356923674481109
volume_ratio,0.04312369840559009
obv,0.04285932042766264
atr_percent,0.0425565276657369
bb_width,0.04249401110476264
adx,0.042034556651510256
adx_rising,0.04113368564220309
ema50_dist,0.04083741881279116
ema20_slope,0.03940576309285618
ema50_slope,0.039182642415425885
rsi_slope,0.038222727274650835
macd_cross_age,0.02930183884376113
