Symbol,Trades,Wins,Losses,BreakEven,WinRate,NetProfit,AverageProfit,ProfitFactor,AverageR,AverageHoldingDays,AverageRR,BestTrade,WorstTrade
OCDI.CA,6,5,1,0,83.33,15.15,2.52,29.06,0.76,20.17,3.96,6.51,-0.54
ADCI.CA,7,4,3,0,57.14,48.48,6.93,9.72,0.1,18.14,5.34,36.3,-2.76
POUL.CA,12,9,3,0,75.0,14.67,1.22,9.63,0.96,17.67,2.91,3.26,-1.11
IFAP.CA,10,5,5,0,50.0,4.79,0.48,8.26,0.77,15.7,4.79,1.83,-0.2
ANFI.CA,14,7,7,0,50.0,4.74,0.34,7.87,0.52,22.36,3.65,2.67,-0.39
SNFC.CA,9,6,3,0,66.67,1.46,0.16,6.62,0.86,13.11,3.28,0.5,-0.18
BINV.CA,7,5,2,0,71.43,7.82,1.12,6.43,0.73,16.29,3.1,3.78,-1.37
AIFI.CA,7,5,2,0,71.43,0.53,0.08,5.42,0.95,17.71,2.94,0.18,-0.11
DEIN.CA,2,2,0,0,100.0,4.74,2.37,4.74,2.78,12.0,7.0,2.46,2.28
ESRS.CA,12,6,6,0,50.0,26.75,2.23,4.74,0.07,10.42,4.52,11.22,-2.14
CAED.CA,8,5,3,0,62.5,33.35,4.17,4.37,0.74,19.5,3.13,17.57,-7.23
EASB.CA,8,4,4,0,50.0,1.69,0.21,3.68,0.15,18.0,2.44,1.33,-0.35
FNAR.CA,7,5,2,0,71.43,1.73,0.25,3.58,0.75,11.0,2.82,1.08,-0.44
IEEC.CA,6,5,1,0,83.33,0.1,0.02,3.5,1.05,15.5,3.46,0.04,-0.04
AIH.CA,2,1,1,0,50.0,0.05,0.02,3.5,0.2,16.0,2.2,0.07,-0.02
ODIN.CA,11,7,4,0,63.64,2.85,0.26,3.46,0.59,16.09,3.4,1.17,-0.59
SPIN.CA,13,9,4,0,69.23,2.56,0.2,3.46,0.55,17.08,3.62,1.26,-0.47
ICMI.CA,19,9,10,0,47.37,3.72,0.2,3.25,0.54,13.89,5.0,1.68,-0.28
MOIN.CA,10,5,5,0,50.0,8.38,0.84,3.0,0.73,17.5,4.24,3.21,-2.04
ETRS.CA,16,9,7,0,56.25,2.24,0.14,2.72,0.84,14.94,3.56,0.77,-0.43
AXPH.CA,14,8,6,0,57.14,114.03,8.15,2.71,0.32,19.14,2.43,62.87,-23.42
EBSC.CA,14,8,6,0,57.14,0.73,0.05,2.7,0.76,19.14,3.48,0.3,-0.18
CPCI.CA,11,6,5,0,54.55,31.71,2.88,2.68,0.45,22.45,3.5,19.39,-9.53
EFIC.CA,14,10,4,0,71.43,29.44,2.1,2.62,0.66,16.36,3.55,23.19,-11.78
ELKA.CA,9,5,4,0,55.56,1.04,0.12,2.6,0.91,18.11,3.92,0.59,-0.23
TRTO.CA,7,5,2,0,71.43,0.03,0.0,2.5,0.43,6.86,2.0,0.01,-0.01
MHOT.CA,7,4,3,0,57.14,5.43,0.78,2.28,0.11,30.29,3.94,7.95,-1.9
MEPA.CA,16,11,5,0,68.75,0.42,0.03,2.27,0.62,18.56,3.67,0.18,-0.09
SEIG.CA,11,5,6,0,45.45,40.35,3.67,2.27,0.53,24.91,3.48,53.14,-9.85
INFI.CA,19,11,8,0,57.89,38.27,2.01,2.24,0.62,18.84,2.9,14.42,-10.33
ICFC.CA,10,5,5,0,50.0,7.16,0.72,2.16,0.1,12.9,2.56,4.17,-2.86
REAC.CA,9,6,3,0,66.67,1.9,0.21,2.02,0.41,11.56,3.01,0.84,-0.79
PHTV.CA,8,5,3,0,62.5,13.17,1.65,1.96,-0.02,21.75,5.43,10.83,-7.44
JUFO.CA,14,7,7,0,50.0,7.18,0.51,1.94,0.2,10.07,4.37,4.14,-2.6
DSCW.CA,9,6,3,0,66.67,0.28,0.03,1.9,0.49,14.56,3.06,0.27,-0.15
EEII.CA,13,6,7,0,46.15,0.42,0.03,1.81,0.17,15.38,3.33,0.45,-0.14
SCTS.CA,15,10,5,0,66.67,38.82,2.59,1.76,0.21,21.13,3.77,26.34,-16.35
MCQE.CA,12,4,8,0,33.33,17.51,1.46,1.76,-0.01,13.0,4.21,20.99,-7.99
NCCW.CA,14,6,8,0,42.86,1.62,0.12,1.74,-0.16,15.0,3.68,2.27,-0.65
SPMD.CA,2,1,1,0,50.0,0.02,0.01,1.67,0.12,18.5,4.79,0.05,-0.03
MIPH.CA,10,6,4,0,60.0,40.4,4.04,1.66,0.34,10.6,3.41,23.87,-25.21
HRHO.CA,12,4,8,0,33.33,1.81,0.15,1.63,-0.07,9.92,3.81,2.36,-0.71
MBSC.CA,16,8,8,0,50.0,26.62,1.66,1.62,0.11,17.0,3.1,31.34,-19.51
ARCC.CA,15,7,8,0,46.67,4.82,0.32,1.61,0.53,13.8,4.11,7.09,-1.55
SWDY.CA,16,8,8,0,50.0,7.18,0.45,1.58,0.21,13.06,3.26,10.03,-4.29
SKPC.CA,8,4,4,0,50.0,2.4,0.3,1.58,0.16,17.5,4.15,3.08,-1.57
KZPC.CA,11,6,5,0,54.55,1.3,0.12,1.53,0.42,12.45,3.87,1.65,-0.72
EGAL.CA,10,5,5,0,50.0,13.39,1.34,1.49,0.49,13.7,5.27,20.68,-15.45
CEFM.CA,12,7,5,0,58.33,9.02,0.75,1.49,0.13,18.58,2.82,7.76,-8.78
ZEOT.CA,14,7,7,0,50.0,0.68,0.05,1.48,0.61,15.71,4.48,0.55,-0.44
AFMC.CA,16,7,9,0,43.75,10.11,0.63,1.46,0.3,15.25,2.81,14.76,-6.94
ADIB.CA,14,6,8,0,42.86,3.12,0.22,1.46,0.03,15.57,4.36,4.36,-1.24
MMAT.CA,7,3,4,0,42.86,0.14,0.02,1.44,0.48,22.86,7.23,0.27,-0.16
EOSB.CA,5,1,4,0,20.0,0.1,0.02,1.42,-0.02,16.2,3.64,0.34,-0.09
UASG.CA,7,3,4,0,42.86,0.09,0.01,1.39,-0.05,9.0,5.73,0.21,-0.09
UNIP.CA,8,3,5,0,37.5,0.1,0.01,1.38,-0.07,12.12,3.36,0.17,-0.17
AMER.CA,12,7,5,0,58.33,0.16,0.01,1.35,0.31,15.08,2.91,0.16,-0.14
EIUD.CA,8,4,4,0,50.0,0.03,0.0,1.33,0.25,20.5,3.38,0.06,-0.04
KWIN.CA,11,6,5,0,54.55,7.91,0.72,1.31,0.43,28.36,3.67,13.28,-7.23
ACRO.CA,8,3,5,0,37.5,5.0,0.63,1.28,-0.01,19.0,3.06,8.25,-6.1
SAUD.CA,14,4,10,0,28.57,0.88,0.06,1.27,0.34,17.0,4.57,1.65,-1.18
GSSC.CA,15,11,4,0,73.33,12.77,0.85,1.2,0.93,20.6,4.27,21.05,-29.98
NINH.CA,11,6,5,0,54.55,0.45,0.04,1.17,0.5,16.09,3.86,0.89,-1.36
ELNA.CA,12,7,5,0,58.33,2.1,0.17,1.17,0.15,12.17,3.14,4.44,-4.82
MILS.CA,12,4,8,0,33.33,4.42,0.37,1.16,0.17,19.33,4.12,25.12,-10.43
WCDF.CA,13,7,6,0,53.85,13.95,1.07,1.1,0.04,15.15,3.1,44.42,-30.36
MFSC.CA,16,7,9,0,43.75,1.25,0.08,1.09,-0.11,17.81,4.02,4.0,-3.29
SCFM.CA,8,4,4,0,50.0,5.81,0.73,1.08,0.88,16.25,3.77,39.63,-46.63
SMFR.CA,16,7,9,0,43.75,1.27,0.08,1.03,0.06,15.88,3.76,13.85,-10.33
EDFM.CA,14,6,8,0,42.86,2.55,0.18,1.03,0.05,18.93,3.2,37.66,-30.68
IDRE.CA,10,5,5,0,50.0,0.35,0.03,1.02,0.34,19.7,4.83,12.16,-10.38
KABO.CA,7,2,5,0,28.57,0.01,0.0,1.01,0.3,15.71,4.47,0.51,-0.42
BIGP.CA,7,3,4,0,42.86,0.0,0.0,1.0,0.2,20.43,2.71,0.02,-0.01
NHPS.CA,7,4,3,0,57.14,-0.39,-0.06,0.98,0.31,22.86,2.9,5.76,-6.43
NIPH.CA,9,4,5,0,44.44,-0.62,-0.07,0.98,-0.16,19.89,3.49,10.36,-12.75
MPRC.CA,11,4,7,0,36.36,-0.48,-0.04,0.94,0.15,12.82,3.36,2.95,-2.28
DOMT.CA,17,10,7,0,58.82,-0.4,-0.02,0.92,0.14,16.59,3.34,1.92,-1.56
EAST.CA,9,4,5,0,44.44,-0.85,-0.09,0.91,-0.05,11.78,2.58,5.21,-3.52
MPCI.CA,15,8,7,0,53.33,-6.31,-0.42,0.9,0.21,15.47,3.63,25.92,-29.99
APSW.CA,16,8,8,0,50.0,-0.29,-0.02,0.89,-0.0,14.19,3.04,0.49,-0.61
CSAG.CA,14,7,7,0,50.0,-1.38,-0.1,0.88,0.05,12.79,3.47,3.74,-2.52
AMES.CA,5,2,3,0,40.0,-1.6,-0.32,0.88,-0.1,19.2,2.93,6.79,-5.25
MOED.CA,11,4,7,0,36.36,-0.02,-0.0,0.88,-0.3,16.27,3.2,0.11,-0.04
OLFI.CA,9,3,6,0,33.33,-0.61,-0.07,0.87,0.02,17.11,3.82,1.81,-1.23
SDTI.CA,10,3,7,0,30.0,-0.61,-0.06,0.87,-0.22,9.8,3.21,2.05,-1.6
OIH.CA,12,5,7,0,41.67,-0.04,-0.0,0.86,-0.05,15.33,3.37,0.14,-0.13
ZMID.CA,6,2,4,0,33.33,-0.13,-0.02,0.85,0.13,26.17,2.88,0.43,-0.45
ROTO.CA,11,4,7,0,36.36,-2.17,-0.2,0.85,-0.16,14.09,3.88,4.78,-5.87
MOSC.CA,15,6,9,0,40.0,-7.41,-0.49,0.84,0.16,21.4,3.05,9.23,-13.29
AFDI.CA,4,1,3,0,25.0,-0.91,-0.23,0.84,-0.42,8.25,2.96,4.92,-3.08
PHAR.CA,8,4,4,0,50.0,-1.96,-0.25,0.82,-0.01,14.5,3.83,3.1,-4.15
COSG.CA,13,5,8,0,38.46,-0.18,-0.01,0.82,-0.05,12.0,5.58,0.3,-0.54
UEFM.CA,11,4,7,0,36.36,-21.18,-1.93,0.82,-0.15,15.0,7.84,39.46,-52.0
ELSH.CA,13,4,9,0,30.77,-0.67,-0.05,0.78,-0.09,13.31,4.76,0.84,-0.77
MENA.CA,9,4,5,0,44.44,-0.15,-0.02,0.78,-0.12,10.22,4.08,0.18,-0.2
SUGR.CA,7,1,6,0,14.29,-3.31,-0.47,0.77,-0.53,17.57,3.53,10.8,-3.96
BTFH.CA,6,2,4,0,33.33,-0.17,-0.03,0.74,0.11,12.67,3.67,0.41,-0.28
DTPP.CA,14,6,8,0,42.86,-14.08,-1.01,0.74,-0.04,17.07,3.28,14.0,-20.43
GRCA.CA,11,5,6,0,45.45,-2.07,-0.19,0.73,0.24,19.36,3.55,2.77,-2.41
EXPA.CA,7,3,4,0,42.86,-1.34,-0.19,0.71,0.91,13.86,3.93,2.13,-2.33
NEDA.CA,12,3,9,0,25.0,-0.44,-0.04,0.69,0.0,14.08,4.04,0.49,-0.39
AALR.CA,13,4,9,0,30.77,-20.36,-1.57,0.67,0.14,15.62,4.08,20.81,-12.23
NAHO.CA,9,4,5,0,44.44,-0.02,-0.0,0.67,-0.11,14.89,2.72,0.02,-0.02
CLHO.CA,6,2,4,0,33.33,-0.68,-0.11,0.66,0.02,15.33,3.01,1.06,-0.78
ARVA.CA,19,8,11,0,42.11,-1.12,-0.06,0.65,-0.0,12.16,3.73,0.58,-0.63
ALUM.CA,10,4,6,0,40.0,-1.58,-0.16,0.65,-0.07,14.8,2.97,1.13,-1.56
GTWL.CA,10,3,7,0,30.0,-3.94,-0.39,0.64,-0.22,20.8,3.46,3.91,-2.75
ETEL.CA,11,4,7,0,36.36,-6.74,-0.61,0.62,0.2,14.45,4.75,4.89,-5.93
COMI.CA,16,6,10,0,37.5,-13.41,-0.84,0.62,0.08,12.25,4.67,5.6,-9.31
AJWA.CA,11,3,8,0,27.27,-18.04,-1.64,0.62,-0.34,14.27,3.26,18.65,-15.65
IRON.CA,4,3,1,0,75.0,-1.2,-0.3,0.61,0.38,23.5,3.49,1.08,-3.05
EPPK.CA,5,1,4,0,20.0,-1.22,-0.24,0.61,-0.01,20.2,4.49,1.88,-1.12
EKHO.CA,9,3,6,0,33.33,-0.09,-0.01,0.61,-0.06,10.56,5.33,0.06,-0.05
EPCO.CA,15,5,10,0,33.33,-1.72,-0.11,0.6,-0.06,13.33,3.49,1.14,-1.32
ATQA.CA,6,3,3,0,50.0,-0.3,-0.05,0.59,0.11,17.5,2.91,0.26,-0.45
GIHD.CA,13,5,8,0,38.46,-11.48,-0.88,0.55,0.01,18.15,3.39,4.95,-8.19
ATLC.CA,11,3,8,0,27.27,-1.52,-0.14,0.55,-0.41,18.45,3.29,0.74,-0.69
MICH.CA,10,4,6,0,40.0,-3.78,-0.38,0.54,0.3,16.5,3.06,1.71,-4.39
MTIE.CA,9,3,6,0,33.33,-1.56,-0.17,0.54,0.03,18.22,4.02,1.13,-1.15
CERA.CA,11,3,8,0,27.27,-0.29,-0.03,0.53,-0.32,14.73,3.63,0.19,-0.16
PRMH.CA,6,2,4,0,33.33,-0.25,-0.04,0.52,0.05,13.83,4.05,0.14,-0.25
FAIT.CA,15,5,10,0,33.33,-5.33,-0.36,0.5,-0.06,14.2,3.48,1.79,-3.42
RREI.CA,16,5,11,0,31.25,-0.57,-0.04,0.5,-0.28,15.44,3.98,0.18,-0.32
CIRA.CA,14,5,9,0,35.71,-4.13,-0.29,0.49,-0.18,15.5,3.38,1.46,-1.5
ENGC.CA,13,5,8,0,38.46,-6.02,-0.46,0.48,-0.03,10.92,3.13,3.64,-3.11
EGCH.CA,9,2,7,0,22.22,-1.61,-0.18,0.48,-0.14,19.0,4.39,0.74,-0.98
ACAMD.CA,3,1,2,0,33.33,-0.09,-0.03,0.47,-0.24,10.0,2.37,0.08,-0.1
OBRI.CA,11,4,7,0,36.36,-4.4,-0.4,0.46,-0.25,15.45,3.34,1.36,-2.43
SCEM.CA,7,2,5,0,28.57,-5.87,-0.84,0.44,-0.15,24.86,4.35,3.58,-4.01
BIOC.CA,6,1,5,0,16.67,-10.05,-1.68,0.44,-0.48,21.5,2.36,7.79,-6.13
MPCO.CA,12,5,7,0,41.67,-0.56,-0.05,0.43,0.29,21.42,3.38,0.22,-0.5
RAYA.CA,13,6,7,0,46.15,-1.17,-0.09,0.42,-0.02,13.92,5.12,0.46,-0.7
CIEB.CA,13,5,8,0,38.46,-4.52,-0.35,0.42,-0.1,14.85,3.37,1.01,-1.66
GOCO.CA,8,4,4,0,50.0,-0.25,-0.03,0.4,-0.09,26.0,3.12,0.08,-0.24
EMFD.CA,11,2,9,0,18.18,-1.52,-0.14,0.4,-0.54,13.09,4.53,0.64,-1.26
ASCM.CA,9,3,6,0,33.33,-4.93,-0.55,0.39,-0.16,12.33,3.15,1.63,-3.29
HELI.CA,6,2,4,0,33.33,-1.47,-0.25,0.39,-0.25,18.5,3.41,0.95,-1.3
ADPC.CA,6,1,5,0,16.67,-0.83,-0.14,0.39,-0.58,9.0,3.1,0.52,-0.3
EHDR.CA,6,3,3,0,50.0,-0.22,-0.04,0.37,0.23,8.67,3.5,0.07,-0.18
EFID.CA,6,3,3,0,50.0,-3.04,-0.51,0.37,-0.25,19.33,4.94,1.27,-3.18
CCRS.CA,9,3,6,0,33.33,-8.03,-0.89,0.37,-0.32,15.56,3.28,2.19,-4.82
ADRI.CA,6,2,4,0,33.33,-0.46,-0.08,0.37,-0.36,17.5,3.36,0.2,-0.53
FAITA.CA,16,7,9,0,43.75,-0.14,-0.01,0.36,0.25,10.5,3.12,0.03,-0.04
ICID.CA,9,4,5,0,44.44,-2.07,-0.23,0.36,-0.05,17.56,3.01,0.65,-1.5
AMPI.CA,3,1,2,0,33.33,-0.67,-0.22,0.36,-0.33,12.0,2.99,0.37,-0.68
CANA.CA,15,4,11,0,26.67,-7.23,-0.48,0.35,-0.37,16.87,3.5,2.2,-2.02
UEGC.CA,15,2,13,0,13.33,-0.54,-0.04,0.34,-0.63,9.33,4.45,0.18,-0.1
TMGH.CA,8,3,5,0,37.5,-12.55,-1.57,0.33,0.01,10.88,3.3,3.35,-11.75
HDBK.CA,15,7,8,0,46.67,-11.18,-0.75,0.32,-0.08,17.87,3.33,1.31,-9.57
ALCN.CA,10,3,7,0,30.0,-12.37,-1.24,0.3,-0.1,14.5,4.15,2.8,-10.95
SVCE.CA,11,3,8,0,27.27,-1.55,-0.14,0.3,-0.34,12.09,3.82,0.28,-0.74
EGTS.CA,11,2,9,0,18.18,-1.12,-0.1,0.3,-0.44,15.09,2.85,0.29,-0.35
PRCL.CA,14,3,11,0,21.43,-4.15,-0.3,0.3,-0.63,10.5,4.72,1.0,-1.36
ORHD.CA,16,7,9,0,43.75,-5.56,-0.35,0.29,-0.09,20.69,3.16,0.59,-2.07
FWRY.CA,6,2,4,0,33.33,-2.66,-0.44,0.28,-0.33,12.17,3.86,0.56,-1.44
AMIA.CA,11,2,9,0,18.18,-1.74,-0.16,0.28,-0.49,14.0,3.15,0.61,-0.6
RUBX.CA,8,1,7,0,12.5,-2.75,-0.34,0.28,-0.54,14.62,3.19,1.07,-1.17
CICH.CA,9,3,6,0,33.33,-1.81,-0.2,0.25,-0.37,8.56,3.54,0.26,-0.87
EGBE.CA,6,2,4,0,33.33,-0.06,-0.01,0.25,-0.5,17.0,3.08,0.02,-0.02
RTVC.CA,9,1,8,0,11.11,-1.92,-0.21,0.25,-0.69,10.44,5.18,0.64,-0.53
ELEC.CA,16,4,12,0,25.0,-0.84,-0.05,0.24,-0.24,12.44,3.13,0.15,-0.44
MFPC.CA,13,3,10,0,23.08,-95.84,-7.37,0.24,-0.33,13.23,3.96,10.98,-83.39
ACGC.CA,9,2,7,0,22.22,-2.12,-0.24,0.23,-0.13,13.67,3.55,0.33,-0.97
EDBM.CA,16,4,12,0,25.0,-0.51,-0.03,0.23,-0.42,20.56,3.16,0.07,-0.17
ISPH.CA,9,1,8,0,11.11,-1.91,-0.21,0.23,-0.56,13.89,3.48,0.57,-0.66
RAKT.CA,14,3,11,0,21.43,-13.42,-0.96,0.22,-0.37,9.0,3.47,1.72,-3.0
WKOL.CA,10,1,9,0,10.0,-83.23,-8.32,0.22,-0.51,14.4,3.78,23.56,-27.98
GGCC.CA,5,1,4,0,20.0,-0.14,-0.03,0.22,-0.53,7.2,3.24,0.04,-0.08
AREH.CA,12,5,7,0,41.67,-1.6,-0.13,0.21,0.28,15.33,3.11,0.19,-1.72
AMOC.CA,7,3,4,0,42.86,-1.5,-0.21,0.2,-0.12,13.0,3.97,0.26,-0.65
ABUK.CA,12,4,8,0,33.33,-18.45,-1.54,0.2,-0.15,19.17,4.1,1.99,-12.68
RACC.CA,7,1,6,0,14.29,-1.99,-0.28,0.2,-0.22,15.43,4.15,0.5,-1.31
ELWA.CA,6,1,5,0,16.67,-0.24,-0.04,0.2,-0.43,13.33,3.75,0.06,-0.14
ECAP.CA,7,1,6,0,14.29,-5.28,-0.75,0.19,-0.62,15.0,3.23,1.26,-1.71
DAPH.CA,11,3,8,0,27.27,-48.28,-4.39,0.18,-0.38,16.27,4.3,6.93,-30.03
LCSW.CA,15,2,13,0,13.33,-15.28,-1.02,0.15,-0.65,12.87,4.46,2.05,-4.67
EALR.CA,10,4,6,0,40.0,-65.26,-6.53,0.09,-0.33,25.0,4.13,3.26,-34.44
EGSA.CA,7,1,6,0,14.29,-1.44,-0.21,0.09,-0.76,13.29,5.29,0.15,-0.46
PHDC.CA,8,2,6,0,25.0,-1.74,-0.22,0.08,-0.48,8.88,4.61,0.13,-0.95
INEG.CA,2,2,0,0,100.0,0.06,0.03,0.06,0.53,32.0,2.25,0.05,0.01
UNIT.CA,12,1,11,0,8.33,-4.68,-0.39,0.05,-0.67,21.08,2.67,0.26,-1.69
CCAP.CA,3,1,2,0,33.33,-0.46,-0.15,0.04,-0.63,20.0,2.47,0.02,-0.29
ORWE.CA,3,0,3,0,0.0,-1.69,-0.56,0.0,-0.55,23.33,2.84,-0.39,-0.8
GMCI.CA,4,0,4,0,0.0,-0.44,-0.11,0.0,-0.82,14.5,3.14,-0.07,-0.15
EGAS.CA,3,0,3,0,0.0,-9.31,-3.1,0.0,-0.85,18.67,5.15,-2.37,-4.46
ISMA.CA,7,0,7,0,0.0,-3.86,-0.55,0.0,-0.92,7.43,5.12,-0.08,-1.87
MOIL.CA,3,0,3,0,0.0,-0.04,-0.01,0.0,-1.0,1.33,4.5,-0.01,-0.02
GETO.CA,1,0,1,0,0.0,-0.17,-0.17,0.0,-1.0,98.0,4.06,-0.17,-0.17
SIPC.CA,2,0,2,0,0.0,-0.48,-0.24,0.0,-1.0,14.0,4.78,-0.17,-0.31
MKIT.CA,2,0,2,0,0.0,-1.27,-0.64,0.0,-1.0,2.5,4.32,-0.6,-0.67
SUCE.CA,1,0,1,0,0.0,-0.4,-0.4,0.0,-1.1,2.0,15.95,-0.4,-0.4
