Symbol,SignalDate,EntryPrice,StopLoss,Target1,Target2,Score,Confidence,RR,AIProbability,Status,ExitDate,ExitPrice,ExitReason,HoldingDays
MIPH.CA,2026-07-06,658.44,622.82,710.0,758.75,75,100,2.82,38.1,OPEN,,,,
ACAMD.CA,2026-07-06,2.25,2.11,2.6,2.79,77,100,3.86,33.2,OPEN,,,,
SEIG.CA,2026-07-06,190.31,177.83,205.7,220.17,83,100,2.39,60.5,OPEN,,,,
MENA.CA,2026-07-06,6.89,6.23,7.75,8.35,73,98,2.21,53.2,OPEN,,,,
PRMH.CA,2026-07-06,2.59,2.24,3.02,3.32,68,93,2.09,50.5,OPEN,,,,
CAED.CA,2026-07-06,71.47,66.14,78.4,85.54,73,98,2.64,47.3,OPEN,,,,
AALR.CA,2026-07-06,206.23,193.45,231.0,247.97,68,90,3.27,44.2,OPEN,,,,
SEIG.CA,2026-07-07,190.31,177.83,205.7,220.17,83,100,2.39,60.5,OPEN,,,,
MENA.CA,2026-07-07,6.89,6.23,7.75,8.35,73,98,2.21,53.2,OPEN,,,,
PRMH.CA,2026-07-07,2.59,2.24,3.02,3.32,68,93,2.09,50.5,OPEN,,,,
CAED.CA,2026-07-07,71.47,66.14,78.4,85.54,73,98,2.64,47.3,OPEN,,,,
AALR.CA,2026-07-07,206.23,193.45,231.0,247.97,68,90,3.27,44.2,OPEN,,,,
MILS.CA,2026-07-07,130.2,124.46,151.48,163.79,68,88,5.85,93.5,OPEN,,,,
AXPH.CA,2026-07-07,1182.25,1057.27,1342.9,1447.78,96,100,2.12,35.2,OPEN,,,,
AMIA.CA,2026-07-07,8.87,8.3,9.51,10.16,78,100,2.26,30.0,OPEN,,,,
EXPA.CA,2026-07-07,18.73,17.91,20.09,20.9,73,93,2.65,27.4,OPEN,,,,
MILS.CA,2026-07-08,130.2,124.46,151.48,163.79,68,88,5.85,91.6,OPEN,,,,
EXPA.CA,2026-07-08,18.73,17.91,20.09,20.9,73,93,2.65,21.1,OPEN,,,,
AXPH.CA,2026-07-08,1182.25,1057.27,1342.9,1447.78,96,100,2.12,16.2,OPEN,,,,
AMIA.CA,2026-07-08,8.87,8.3,9.51,10.16,78,100,2.26,16.2,OPEN,,,,
SEIG.CA,2026-07-08,190.43,177.88,205.7,219.85,83,100,2.34,11.5,OPEN,,,,
CAED.CA,2026-07-08,71.89,66.19,78.4,85.2,83,100,2.34,11.3,OPEN,,,,
EGAS.CA,2026-07-09,50.01,45.92,55.0,58.91,76,98,2.18,13.2,OPEN,,,,
