Ticker,Sector,CompanyName,ISIN,MarketCapEGP
AALR.CA,Construction,"General Company For Land Reclamation,Development & Reconstru",EGS01081C016,1895126100
ABUK.CA,Basic Resources,Abou Kir Fertilizers,EGS38191C010,92937146778
ACAMD.CA,Real Estate,Arab Co. for Asset Management And Development,EGS72AQ1C016,3018901043
ACAP.CA,Real Estate,A Capital Holding,EGS697S1C015,6698339502
ACFR.CA,Building Materials,Alexandria Company For Refractories,EGS3E2F1C011,196837850
ACGC.CA,Textile & Durable Goods,Arab Cotton Ginning,EGS32221C011,2984474979
ACTF.CA,Non-bank Financial Services,Act Financial,EGS7D5P1C019,3164922451
ADCI.CA,Health Care & Pharmaceuticals,Arab Pharmaceuticals,EGS38321C013,4092960000
ADIB.CA,Banks,Abu Dhabi Islamic Bank- Egypt,EGS60111C019,80565000000
ADPC.CA,Food and Beverages,The Arab Dairy Products Co. Arab Dairy - Panda,EGS30221C013,2208496300
AFDI.CA,Non-bank Financial Services,El Ahli Investment and Development,EGS69021C011,1168200000
AFMC.CA,Food and Beverages,Alexandria Flour Mills,EGS30471C014,7361179916
AIDC.CA,Non-bank Financial Services,Arabia for Investment and Development,EGS65R01C015,1106271376
AIFI.CA,Real Estate,Atlas For Investment and Food Industries,EGS071L1C018,2475263610
AIHC.CA,Non-bank Financial Services,Arabia Investments Holding,EGS21351C019,791529379
AJWA.CA,Food and Beverages,AJWA for Food Industries company Egypt,EGS30211C014,3739534377
ALCN.CA,Shipping & Transportation Services,Alexandria Containers and goods,EGS42111C012,91470858760
ALUM.CA,Basic Resources,Arab Aluminum,EGS3D031C018,1070355075
AMER.CA,Real Estate,Amer Group Holding,EGS675S1C011,5850078163
AMES.CA,Health Care & Pharmaceuticals,Alexandria New Medical Center,EGS72081C010,15115485528
AMIA.CA,Non-bank Financial Services,Arab Moltaka Investments Co,EGS67221C019,6504668947
AMII.CA,Building Materials,Arabian Metal Industries And Industrial Investments,EGS3E1E1C013,1034210461
AMOC.CA,Energy & Support Services,Alexandria Mineral Oils Company,EGS380P1C010,11855970000
ANCC.CA,Building Materials,ALNAHDA Industrial Co,EGS3C6P1C019,756000000
APSW.CA,Textile & Durable Goods,ARAB POLVARA SPINNING & WEAVING CO.,EGS32331C018,818820534
ARAB.CA,Real Estate,Arab Developers Holding,EGS694A1C018,5856226031
ARCC.CA,Building Materials,Arabian Cement Company,EGS3C0O1C016,23879056247
AREH.CA,Real Estate,Egyptian Real Estate Group,EGS65211C012,612000000
ASCM.CA,Basic Resources,ASEC Company For Mining - ASCOM,EGS10001C013,3399500000
ASPI.CA,Non-bank Financial Services,Aspire Capital Holding For Financial Investments,EGS691L1C018,1002000000
ATLC.CA,Non-bank Financial Services,Al Tawfeek Leasing Company-A.T.LEASE,EGS676N1C015,2192000000
ATQA.CA,Basic Resources,Misr National Steel - Ataqa,EGS3D0C1C018,12840000000
AXPH.CA,Health Care & Pharmaceuticals,Alexandria Pharmaceuticals,EGS38341C011,6704550000
BINV.CA,Non-bank Financial Services,B Investments Holding,EGS691T1C010,10667022096
BIOC.CA,Health Care & Pharmaceuticals,Glaxo Smith Kline,EGS38171C012,43427384000
BONY.CA,Real Estate,Bonyan for Development and Trade,EGS656M1C010,8474292841
BQDC.CA,Banks,Banque Du Caire,EGS600K1C019,30500000000
BTFH.CA,Non-bank Financial Services,Beltone Holding,EGS691G1C015,33118950457
CAED.CA,Education Services,Cairo Educational Services,EGS72201C014,1444560000
CANA.CA,Banks,Suez Canal Bank S.A.E,EGS60231C015,40750000000
CCAP.CA,Non-bank Financial Services,QALAA For Financial Investments,EGS73541C012,16629164278
CCRS.CA,Real Estate,Gulf Canadian Real Estate Investment Co.,EGS651B1C018,518700000
CEFM.CA,Food and Beverages,Middle Egypt Flour Mills,EGS30401C011,1984798867
CERA.CA,Building Materials,The Arab Ceramic CO.- Ceramica Remas,EGS3C151C015,1423125000
CFGH.CA,Textile & Durable Goods,Concrete Fashion Group For Commercial& Industrial Investment,EGS672I2C014,2438409145
CICH.CA,Non-bank Financial Services,CI Capital Holding For Financial Investments,EGS691D1C018,12480000000
CIEB.CA,Banks,Credit Agricole Egypt,EGS60041C018,30612500000
CIRA.CA,Education Services,Cairo For Investment And Real Estate Developments-CIRA Edu,EGS65541C012,22437427513
CLHO.CA,Health Care & Pharmaceuticals,Cleopatra Hospital Company,EGS729J1C018,25959651004
CNFN.CA,Non-bank Financial Services,Contact Financial Holding,EGS738I1C018,5936991040
COMI.CA,Banks,Commercial International Bank-Egypt (CIB),EGS60121C018,476719474000
COPR.CA,Construction,Copper For Commercial Investment & Real Estate Development,EGS65511C015,643270067
COSG.CA,Food and Beverages,Cairo Oils & Soap,EGS30581C010,1067040000
CPCI.CA,Health Care & Pharmaceuticals,Cairo Pharmaceuticals,EGS38391C016,8573526000
CPME.CA,Non-bank Financial Services,Catalyst Partners Middle East CPME,EGS698X1C017,10053334369
CRST.CA,Construction,Creast Mark For Contracting And Real Estate Development,EGS23141C012,2604226652
CSAG.CA,Shipping & Transportation Services,Canal Shipping Agencies,EGS44031C010,11820000000
DAPH.CA,Real Estate,Development & Engineering Consultants,EGS65081C019,3032978256
DCCC.CA,Shipping & Transportation Services,Damietta Container and Cargo Handling,EGS42121C011,1100000000
DEIN.CA,Non-bank Financial Services,Delta Insurance,EGS63031C016,1422437500
DGTZ.CA,"IT, Media, and Communication Services",Digitize for Investment And Technology,EGS74F71C015,284040000
DOMT.CA,Food and Beverages,Arabian Food Industries DOMTY,EGS30031C016,8119347807
DSCW.CA,Textile & Durable Goods,Dice Sport & Casual Wear,EGS33321C018,5735129746
DTPP.CA,"Industrial Goods, Services, and Automobiles",Delta For Printing & Packaging,EGS370W1C013,1607200000
EALR.CA,Construction,El Arabia for Land Reclamation,EGS65771C015,1997996000
EASB.CA,Non-bank Financial Services,Egyptian Arabian(Themar)Comp. For Securities&Bonds Brok. EAC,EGS681D1C010,722000000
EAST.CA,Food and Beverages,Eastern Company,EGS37091C013,109320000000
EBSC.CA,Non-bank Financial Services,Osool ESB Securities Brokerage,EGS68181C014,1013967287
ECAP.CA,Building Materials,El Ezz Porcelain (Gemma),EGS3C071C015,2016346991
EDFM.CA,Food and Beverages,East Delta Flour Mills,EGS30351C018,2371920000
EEII.CA,"Industrial Goods, Services, and Automobiles",El Arabia Engineering Industries,EGS3G111C015,664122893
EEPM.CA,Education Services,Egypt Education Platform,EGS72FL1C016,2605629916
EFAC.CA,Basic Resources,Egyptian Ferroalloys Co.-EFACO,EGS3D0A1C010,300000000
EFIC.CA,Basic Resources,Egyptian Financial & Industrial,EGS38381C017,21131000000
EFID.CA,Food and Beverages,Edita Food Industries S.A.E,EGS305I1C011,44506868248
EFIH.CA,"IT, Media, and Communication Services",E-finance For Digital and Financial Investments,EGS743O1C013,83200000008
EGAL.CA,Basic Resources,Egypt Aluminum,EGS3E181C010,124987500000
EGAS.CA,Utilities,Natural Gas & Mining Project (Egypt Gas),EGS39011C019,8537962706
EGBE.CA,Banks,Egyptian Gulf Bank,EGS60182C010,14676696869
EGCH.CA,Basic Resources,Egyptian Chemical Industries (Kima),EGS38201C017,28010763886
EGCN.CA,Construction,The Egyptian Contracting Co.-AL- ABD,EGS65861C014,369433000
EGOT.CA,Travel & Leisure,El Masreyah Tourism & Hotels (EGOTH),EGS70311C013,3000000000
EGSA.CA,"IT, Media, and Communication Services",Egyptian Satellites (NileSat),EGS48022C015,16172004054
EGTS.CA,Travel & Leisure,Egyptian for Tourism Resorts,EGS70431C019,19110000000
EHDR.CA,Real Estate,Egyptians Housing Development & Reconstruction,EGS65341C017,1968960000
ELAB.CA,Energy & Support Services,The Egyptian Linear Alkyl Benzene co.-ELAB,EGS3E1Z2C016,10471657478
ELEC.CA,"Industrial Goods, Services, and Automobiles",Electro Cable Egypt,EGS3G231C011,7289788821
ELKA.CA,Real Estate,El Kahera Housing,EGS65071C010,3137932100
ELNA.CA,Food and Beverages,El Nasr For Manufacturing Agricultural Crops,EGS300L1C011,297942413
ELSH.CA,Real Estate,El Shams Housing & Urbanization,EGS65091C018,3189862500
ELWA.CA,Travel & Leisure,El Wadi For International and Investement Development,EGS70R91C016,322140000
EMFD.CA,Real Estate,Emaar Misr for Development,EGS673Y1C015,64273766731
ENGC.CA,Construction,Engineering Industries (ICON),EGS3F021C017,6707550000
ENHD.CA,Real Estate,El Nasr Housing and Development,EGS65621C012,350000000
ENPI.CA,Energy & Support Services,Engineering for the Petroleum and Process Industries-Enppi,EGS39022C016,17803922414
EOSB.CA,Non-bank Financial Services,El Orouba Securities Brokerage,EGS681I1C015,45725000
EPCO.CA,Food and Beverages,Egypt for Poultry,EGS02211C018,532125000
EPPK.CA,Paper & Packaging,El Ahram Co. For Printing And Packing,EGS360A1C011,114233600
ETEL.CA,"IT, Media, and Communication Services",Telecom Egypt,EGS48031C016,187658380988
ETRS.CA,Shipping & Transportation Services,Egyptian Transport & Commercial Services Co. -EGYTRANS NOSCO,EGS42051C010,2406963042
EXPA.CA,Banks,Export Development Bank of Egypt,EGS60241C014,28043200000
FAIT.CA,Banks,Faisal Islamic Bank of Egypt,EGS60321C014,25143850807
FERC.CA,Basic Resources,FERCHEM MISR CO. FOR FERTILLIZERS & CHEMICALS,EGS385S1C012,34024000000
FWRY.CA,"IT, Media, and Communication Services",Fawry For Banking Technology And Electronic Payment,EGS745L1C014,65405246285
GBCO.CA,"Industrial Goods, Services, and Automobiles",GB Corp,EGS673T1C012,34529755000
GDWA.CA,"Industrial Goods, Services, and Automobiles",Gadwa For Industrial Development,EGS3JM11C012,4351793624
GEOS.CA,Construction,Geos for trading and contracting,EGS51LQ1C018,105000000
GGCC.CA,Construction,Giza General Contracting,EGS21541C015,2596884000
GGRN.CA,Food and Beverages,Gogreen for Agricultural Investment,EGS07DR1C012,2030000000
GIHD.CA,Real Estate,Gharbia Islamic Housing Development,EGS65461C013,382781250
GMCI.CA,Trade & Distributors,GMC GROUP FOR INDUSTRIAL COMMERCIAL & FINANCIAL INVESTMENTS,EGS46051C016,84064993
GOUR.CA,Trade & Distributors,Gourmet Egypt.Com Foods,EGS540S1C014,6140000000
GPIM.CA,Construction,GPI For Urban Growth,EGS213S1C010,2012727265
GPPL.CA,Travel & Leisure,Golden Pyramids Plaza,EGS70342C018,40317461343
GRCA.CA,Non-bank Financial Services,Grand Investment Capital,EGS69261C013,457704000
GSSC.CA,Food and Beverages,General Silos & Storage,EGS30441C017,4805850000
GTEX.CA,Textile & Durable Goods,GTEX For Commercial And Industrial,EGS59U92C011,914403429
GTWL.CA,Textile & Durable Goods,Golden Textiles & Clothes Wool,EGS32161C019,1846838836
HAVC.CA,Non-bank Financial Services,Hassan Allam Investment And Venture Capital,EGS69921C012,10000000
HDBK.CA,Banks,Housing & Development Bank,EGS60301C016,90533520000
HELI.CA,Real Estate,Heliopolis Housing,EGS65591C017,33844409820
HRHO.CA,Non-bank Financial Services,EFG Holding,EGS69101C011,39286032699
ICFC.CA,Trade & Distributors,International Company For Fertilizers & Chemicals,EGS520D1C015,1920948750
ICID.CA,Real Estate,International Co For Investment & Development,EGS67191C014,926000000
ICLE.CA,Non-bank Financial Services,International Company For Leasing (IncoLEASE),EGS67001C015,788000000
IDRE.CA,Real Estate,Ismailia Development and Real Estate Co,EGS214Q1C011,2088728775
IEEC.CA,Construction,Industrial & Engineering Projects,EGS22171C010,1029348000
IFAP.CA,Trade & Distributors,International Agricultural Products,EGS07061C012,10840886379
INFI.CA,Food and Beverages,Ismailia National Food Industries,EGS01041C010,3635420250
IRON.CA,Basic Resources,Egyptian Iron & Steel,EGS3D061C015,31074307163
ISMA.CA,Food and Beverages,Ismailia Misr Poultry,EGS02021C011,2992221417
ISMQ.CA,Basic Resources,Iron And Steel for Mines and Quarries,EGS102S1C014,9182599413
ISPH.CA,Health Care & Pharmaceuticals,Ibnsina Pharma,EGS512O1C012,14666400000
JUFO.CA,Food and Beverages,Juhayna Food Industries,EGS30901C010,39171277094
KABO.CA,Textile & Durable Goods,El Nasr Clothes & Textiles (Kabo),EGS33061C010,4788603772
KNGC.CA,"Industrial Goods, Services, and Automobiles",EL- Nasr Glass And Crystal NGC,EGS3C6Q1C018,100000000
KORA.CA,Construction,KORRA,EGS07911C018,7515000000
KRDI.CA,Food and Beverages,Al Khair River For Development Agricultural Investment&Envir,EGS02291C010,1614600000
KWIN.CA,Non-bank Financial Services,El Kahera El Watania Investment,EGS69011C012,977550000
KZPC.CA,Basic Resources,Kafr El Zayat Pesticides,EGS38411C012,2572798010
LCSW.CA,Building Materials,Lecico Egypt,EGS3C161C014,2692800000
LUTS.CA,Food and Beverages,Lotus For Agricultural Investments And Development,EGS07661C019,1070650000
MAAL.CA,Real Estate,Egyptian Gulf Marseilia For Real Estate Investment,EGS739Z1C016,1696484160
MASR.CA,Real Estate,Madinet Masr For Housing and Development,EGS65571C019,16567600000
MBEG.CA,"Industrial Goods, Services, and Automobiles",M.B Engineering,EGS221V1C015,1168680155
MBSC.CA,Building Materials,Misr Beni Suef Cement,EGS3C371C019,14581466878
MCQE.CA,Building Materials,Misr Cement (Qena),EGS3C391C017,19488000000
MCRO.CA,Health Care & Pharmaceuticals,Macro Group Pharmaceuticals -Macro Capital,EGS7D971C011,5576619140
MEGM.CA,Paper & Packaging,Middle East Glass Manufacturing,EGS3C001C012,785355032
MENA.CA,Real Estate,Mena Touristic & Real Estate Investment,EGS65441C015,1698289878
MEPA.CA,Health Care & Pharmaceuticals,Medical Packaging Company,EGS3C4L1C015,1277250000
MFPC.CA,Basic Resources,Misr Fertilizers Production Company - Mopco,EGS39061C014,106121189731
MFSC.CA,Trade & Distributors,Misr Duty Free Shops,EGS53051C016,4597500000
MHOT.CA,Travel & Leisure,Misr Hotels,EGS70081C012,13669920000
MICH.CA,Basic Resources,Misr Chemical Industries,EGS38211C016,5246353125
MILS.CA,Food and Beverages,North Cairo Mills,EGS30361C017,2009139000
MIPH.CA,Health Care & Pharmaceuticals,Minapharm Pharmaceuticals,EGS380G1C011,9619726557
MITR.CA,Travel & Leisure,Misr Travel,EGS79031C018,125765466
MLIC.CA,Non-bank Financial Services,Misr Life Insurance,EGS632D1C010,5000000000
MMAT.CA,Travel & Leisure,Marsa Marsa Alam For Tourism Development,EGS70P91C010,176500000
MMHC.CA,Travel & Leisure,El MAAMOURA For Construction And Tourism Development Company,EGS651F1C014,250000000
MOED.CA,Education Services,The Egyptian Modern Education Systems,EGS729F1C012,687420000
MOIL.CA,Energy & Support Services,Maridive & oil services,EGS44012C010,15802959849
MOIN.CA,Non-bank Financial Services,Mohandes Insurance,EGS63041C015,9391200000
MOSC.CA,Food and Beverages,Misr Oils & Soap,EGS38421C011,1836000000
MPCI.CA,Health Care & Pharmaceuticals,Memphis Pharmaceuticals,EGS38351C010,8957130000
MPCO.CA,Food and Beverages,Mansourah Poultry,EGS02091C014,2140000000
MPRC.CA,"IT, Media, and Communication Services",Egyptian Media Production City,EGS78021C010,8912610000
MTIE.CA,Trade & Distributors,MM Group For Industry And International Trade,EGS75011C014,21243095415
NAHO.CA,Non-bank Financial Services,Naeem Holding,EGS69182C011,1792617015
NAPR.CA,Paper & Packaging,National Printing,EGS370O1C013,6423552496
NARE.CA,Real Estate,Naeem Real Estate Holding Group,EGS69191C012,2158891311
NCCW.CA,Construction,Nasr Company for Civil Works,EGS23111C015,1506960000
NDRL.CA,Energy & Support Services,National Drilling,EGS735N2C012,1169195895
NEDA.CA,Food and Beverages,Northern Upper Egypt Development & Agricultural Production,EGS52041C018,173345582
NFCI.CA,Basic Resources,ELNASR Co For Fertilizers And Chemical Industries,EGS5ACC1C014,630000000
NHPS.CA,Real Estate,National Housing for Professional Syndicates,EGS65131C012,1552000000
NINH.CA,Health Care & Pharmaceuticals,Nozha International Hospital,EGS72011C017,6945000000
NIPH.CA,Health Care & Pharmaceuticals,El-Nile Co. For Pharmaceuticals And Chemical Industries,EGS38331C012,21540000000
NMIN.CA,Basic Resources,EL Nasr Mining,EGS14041C015,600000000
OBRI.CA,Real Estate,El Obour Real Estate Investment,EGS65551C011,1336000000
OCAP.CA,Non-bank Financial Services,O G Capital For Investments SPAC,EGS699Z1C014,10000000
OCDI.CA,Real Estate,Six of October Development & Investment (SODIC),EGS65851C015,40612747959
OCPH.CA,Health Care & Pharmaceuticals,October Pharma,EGS380R1C018,6958080000
ODIN.CA,Non-bank Financial Services,ODIN Investments,EGS67181C015,1962000000
OFH.CA,Non-bank Financial Services,O B Financial Holding,EGS696S1C016,3997468098
OIH.CA,"IT, Media, and Communication Services",Orascom Investment Holding,EGS693V1C014,8550475711
OLFI.CA,Food and Beverages,Obour Land For Food Industries,EGS30AL1C012,9816000000
ORAS.CA,Construction,Orascom Construction PLC,EGS95001C011,79706365005
ORHD.CA,Real Estate,Orascom Development Egypt,EGS70321C012,48169476815
ORWE.CA,Textile & Durable Goods,Oriental Weavers,EGS33041C012,17465716858
PHAR.CA,Health Care & Pharmaceuticals,Egyptian International Pharmaceuticals (EIPICO),EGS38081C013,27031296035
PHDC.CA,Real Estate,Palm Hills Development Company,EGS655L1C012,44328669682
PHGC.CA,Health Care & Pharmaceuticals,Premium HealthCare Group,EGS72XL1C014,2103105395
PHTV.CA,Travel & Leisure,Pyramisa Hotels,EGS70331C011,9694854000
PMSC.CA,Energy & Support Services,Petroleum Marine Services Co P.M.S,EGS3J7D2C015,5983092000
POCO.CA,Shipping & Transportation Services,Port Said Containers And Cargo Handling Co.,EGS42101C013,1000000000
POUL.CA,Food and Beverages,Cairo Poultry,EGS02051C018,19136113920
PRCL.CA,Building Materials,Ceramic & Porcelain,EGS3C111C019,1772879680
PRDC.CA,Real Estate,Pioneers Properties For Urban Development - PRE Group,EGS21FW1C015,9654724475
PRMH.CA,Non-bank Financial Services,Prime Holding,EGS691A1C011,969500000
QNBE.CA,Banks,Qatar National Bank,EGS60081C014,120993309541
RACC.CA,"IT, Media, and Communication Services",Raya Customer Experience,EGS74191C015,2019950888
RAKT.CA,Paper & Packaging,Rakta Paper Manufacturing,EGS36021C011,688800000
RAYA.CA,Non-bank Financial Services,Raya Holding For Financial Investments,EGS690C1C010,31510351572
RMDA.CA,Health Care & Pharmaceuticals,Tenth Of Ramadan Pharmaceutical Industries&Diagnostic-Rameda,EGS381B1C015,14107752312
ROTO.CA,Travel & Leisure,Rowad Tourism (Al Rowad),EGS70281C018,841353480
RREI.CA,Real Estate,Arab Real Estate Investment CO.-ALICO,EGS65011C016,1190112000
RTVC.CA,Travel & Leisure,Remco for Touristic Villages Construction,EGS70271C019,937831689
RUBX.CA,Building Materials,Rubex International for Plastic and Acrylic Manufacturing,EGS3A221C018,751773740
SAIB.CA,Banks,Societe Arabe Internationale De Banque S.A.E.,EGS60142C014,3482472410
SAUD.CA,Banks,Al Baraka Bank Egypt,EGS60101C010,16251559556
SCEM.CA,Building Materials,Sinai Cement,EGS3C401C014,21384014989
SCFM.CA,Food and Beverages,South Cairo & Giza Mills & Bakeries,EGS30411C010,1671060000
SCTS.CA,Education Services,Sues Canal Company For Technology Settling,EGS740C1C010,56387997000
SDTI.CA,Travel & Leisure,Sharm Dreams Co. for Tourism Investment,EGS70571C012,3854162360
SEIG.CA,Non-bank Financial Services,Saudi Egyptian Investment & Finance,EGS67031C012,1347500000
SIDC.CA,Health Care & Pharmaceuticals,Chemical Industries Development - CID,EGS38361C019,400000000
SIEG.CA,Building Materials,Egyptian Company for Pipes and Cement Products Siegwart,EGS3C9X1C016,1200000000
SIMO.CA,Paper & Packaging,Paper Middle East (Simo),EGS36091C014,46050000
SINA.CA,Basic Resources,Sinai Manganese Company,EGS103V1C018,300000000
SIPC.CA,Health Care & Pharmaceuticals,Sabaa International Company for Pharmaceutical and Chemical,EGS382M1C011,1277500000
SKPC.CA,Basic Resources,Sidi Kerir Petrochemicals - SIDPEC,EGS380S1C017,18620280000
SMFR.CA,Trade & Distributors,Samad Misr -EGYFERT,EGS51191C012,2503200000
SNFC.CA,Food and Beverages,Sharkia National Food,EGS30291C016,1776969981
SPHT.CA,Travel & Leisure,El Shams Pyramids For Hotels& Touristic Projects,EGS70H02C014,8012537294
SPIN.CA,Textile & Durable Goods,Alexandria Spinning & Weaving (SPINALEX),EGS32041C013,5666925512
SPMD.CA,Health Care & Pharmaceuticals,Speed Medical,EGS73BR1C013,815221190
SUGR.CA,Food and Beverages,Delta Sugar,EGS30201C015,6953485868
SVCE.CA,Building Materials,South Valley Cement,EGS3C351C011,4528391728
SWDY.CA,"Industrial Goods, Services, and Automobiles",ELSWEDY ELECTRIC,EGS3G0Z1C014,231204010608
TALM.CA,Education Services,Taaleem Management Services,EGS597R1C017,13807239563
TANM.CA,Real Estate,Tanmiya for Real Estate Investment,EGS21EB1C011,951570000
TAQA.CA,Utilities,Taqa Arabia,EGS490S1C014,20826248520
TMGH.CA,Real Estate,T M G Holding,EGS691S1C011,202665299853
TRTO.CA,Travel & Leisure,TransOceans Tours,EGS79072C012,169520940
TWSA.CA,Non-bank Financial Services,TAWASOA For Factoring,EGS7D231C010,753250000
TYCN.CA,Non-bank Financial Services,Tycoon Holding Company For Financial Investments,EGS67331C016,751877500
UBEE.CA,Banks,The United Bank,EGS600M1C017,15422000000
UEFM.CA,Food and Beverages,Upper Egypt Flour Mills,EGS30451C016,3822210000
UEGC.CA,Real Estate,Elsaeed Contracting& Real Estate Investment Company SCCD,EGS21531C016,2045153352
UNIP.CA,Paper & Packaging,Universal For Paper and Packaging Materials (Unipack,EGS38161C013,941782911
UNIT.CA,Real Estate,United Housing & Development,EGS65061C011,4188186075
VALU.CA,Non-bank Financial Services,U Consumer Finance,EGS505Z1C018,24517989928
VLMRA.CA,Non-bank Financial Services,Valmore Holding,EGS69081C023,35851855395
WCDF.CA,Food and Beverages,Middle & West Delta Flour Mills,EGS30421C019,4409175000
WKOL.CA,Construction,Wadi Kom Ombo Land Reclamation,EGS01071C017,1800008000
YAYT.CA,"Industrial Goods, Services, and Automobiles",Spring And Transportation Needs Manufacturing Co,EGS3E7F1C016,125000000
ZEOT.CA,Food and Beverages,Extracted Oils,EGS38251C012,2614000000
ZMID.CA,Real Estate,Zahraa Maadi Investment & Development,EGS21171C011,7610000000
