Ticker,EnglishName,ArabicName
AALR.CA
ABUK.CA
ACAMD.CA
ACAP.CA
ACGC.CA
ACRO.CA
ACTF.CA
ADCI.CA
ADIB.CA
ADPC.CA
ADRI.CA
AFDI.CA
AFMC.CA
AIDC.CA
AIFI.CA
AIHC.CA
AJWA.CA
ALCN.CA
ALEX.CA
ALUM.CA
AMER.CA
AMES.CA
AMIA.CA
AMOC.CA
AMPI.CA
APPC.CA
APSW.CA
ARAB.CA
ARCC.CA
AREH.CA
ARVA.CA
ASCM.CA
ASPI.CA
ATLC.CA
ATQA.CA
AXPH.CA
BIDI.CA
BIGP.CA
BINV.CA
BIOC.CA
BONY.CA
BTFH.CA
CAED.CA
CANA.CA
CCAP.CA
CCRS.CA
CEFM.CA
CERA.CA
CFGH.CA
CICH.CA
CIEB.CA
CIRA.CA
CLHO.CA
CNFN.CA
COMI.CA,Commercial International Bank,البنك التجاري الدولي
COPR.CA
COSG.CA
CPCI.CA
CPME.CA
CRST.CA
CSAG.CA
DAPH.CA
DCRC.CA
DEIN.CA
DGTZ.CA
DIFC.CA
DOMT.CA
DSCW.CA
DTPP.CA
EALR.CA
EASB.CA
EAST.CA
EBSC.CA
ECAP.CA
EDFM.CA
EEII.CA
EFIC.CA
EFID.CA
EFIH.CA
EGAL.CA
EGAS.CA
EGBE.CA
EGCH.CA
EGREF.CA
EGSA.CA
EGTS.CA
EGX30ETF.CA
EHDR.CA
EITP.CA
ELEC.CA
ELKA.CA
ELNA.CA
ELSH.CA
ELWA.CA
EMFD.CA
ENGC.CA
EOSB.CA
EPCO.CA
EPPK.CA
ESAC.CA
ESRS.CA
ETEL.CA
ETRS.CA
EXPA.CA
FAIT.CA
FAITA.CA
FCMD.CA
FERC.CA
FIRE.CA
FNAR.CA
FTNS.CA
FWRY.CA
GBCO.CA
GDWA.CA
GGCC.CA
GGRN.CA
GIHD.CA
GMCI.CA
GOCO.CA
GOUR.CA
GPIM.CA
GPPL.CA
GRCA.CA
GSSC.CA
GTEX.CA
GTHE.CA
GTWL.CA
HBCO.CA
HCFI.CA
HDBK.CA
HELI.CA
HRHO.CA
IBCT.CA
ICFC.CA
ICID.CA
ICLE.CA
IDRE.CA
IEEC.CA
IFAP.CA
INEG.CA
INFI.CA
IRAX.CA
IRON.CA
ISMA.CA
ISMQ.CA
ISPH.CA
JUFO.CA
KABO.CA
KASABF.CA
KORA.CA
KRDI.CA
KWIN.CA
KZPC.CA
LCSW.CA
LUTS.CA
MAAL.CA
MASR.CA
MBEG.CA
MBSC.CA
MCQE.CA
MCRO.CA
MEGM.CA
MENA.CA
MEPA.CA
MFPC.CA
MFSC.CA
MHOT.CA
MICH.CA
MILS.CA
MIPH.CA
MISR.CA
MKIT.CA
MMAT.CA
MOED.CA
MOIL.CA
MOIN.CA
MOSC.CA
MPCI.CA
MPCO.CA,Mansoura Poultry,المنصورة للدواجن
MPRC.CA
MTIE.CA
NAHO.CA
NAPR.CA
NARE.CA
NBKE.CA
NCCW.CA
NCGC.CA
NEDA.CA
NHPS.CA
NINH.CA
NIPH.CA
OBRI.CA
OCDI.CA
OCPH.CA
ODIN.CA
OFH.CA
OIH.CA
OLFI.CA
ORAS.CA
ORHD.CA
ORWE.CA
PACH.CA
PHAR.CA
PHDC.CA
PHGC.CA
PHTV.CA
POUL.CA
PRCL.CA
PRDC.CA
PRMH.CA
QNBE.CA
RACC.CA
RAKT.CA
RAYA.CA
RKAZ.CA
RMDA.CA
RMTV.CA
ROTO.CA
RREI.CA
RTVC.CA
RUBX.CA
SAIB.CA
SAUD.CA
SCEM.CA
SCFM.CA
SCTS.CA
SDTI.CA
SEIG.CA
SIMO.CA
SIPC.CA
SKPC.CA
SMFR.CA
SMPP.CA
SNFC.CA
SNFI.CA
SPHT.CA
SPIN.CA
SPMD.CA
SUCE.CA
SUGR.CA
SVCE.CA
SWDY.CA
TALM.CA
TANM.CA
TAQA.CA
TMGH.CA
TORA.CA
TRTO.CA
TWSA.CA
TYCN.CA
UASG.CA
UBEE.CA
UEFM.CA
UEGC.CA
UNIP.CA
UNIT.CA
UPMS.CA
UTOP.CA
VALU.CA
VERT.CA
VLMRA.CA
WCDF.CA
WKOL.CA
ZEOT.CA
ZMID.CA
