canonical_symbol,eodhd_symbol,engine_symbol,company_name,exchange,currency,instrument_type,isin,rubix_symbol,rubix_mapping_status,is_active,source,source_as_of
AALR,AALR.EGX,AALR.CA,"General Company For Land Reclamation,Development & Reconstru",EGX,EGP,Common Stock,EGS01081C016,CASE~AALR,VERIFIED_FEED_OBSERVED,true,EODHD exchange-symbol-list/EGX,2026-07-30T20:39:42.471332+00:00
ABUK,ABUK.EGX,ABUK.CA,Abou Kir Fertilizers,EGX,EGP,Common Stock,EGS38191C010,CASE~ABUK,VERIFIED_FEED_OBSERVED,true,EODHD exchange-symbol-list/EGX,2026-07-30T20:39:42.471332+00:00
ACAMD,ACAMD.EGX,ACAMD.CA,Arab Co. for Asset Management And Development,EGX,EGP,Common Stock,EGS72AQ1C016,CASE~ACAMD,VERIFIED_FEED_OBSERVED,true,EODHD exchange-symbol-list/EGX,2026-07-30T20:39:42.471332+00:00
ACAP,ACAP.EGX,ACAP.CA,A Capital Holding,EGX,EGP,Common Stock,EGS697S1C015,CASE~ACAP,VERIFIED_FEED_OBSERVED,true,EODHD exchange-symbol-list/EGX,2026-07-30T20:39:42.471332+00:00
ACGC,ACGC.EGX,ACGC.CA,Arab Cotton Ginning,EGX,EGP,Common Stock,EGS32221C011,CASE~ACGC,VERIFIED_FEED_OBSERVED,true,EODHD exchange-symbol-list/EGX,2026-07-30T20:39:42.471332+00:00
ACTF,ACTF.EGX,ACTF.CA,Act Financial,EGX,EGP,Common Stock,EGS7D5P1C019,CASE~ACTF,VERIFIED_FEED_OBSERVED,true,EODHD exchange-symbol-list/EGX,2026-07-30T20:39:42.471332+00:00
ADCI,ADCI.EGX,ADCI.CA,Arab Pharmaceuticals,EGX,EGP,Common Stock,EGS38321C013,CASE~ADCI,VERIFIED_FEED_OBSERVED,true,EODHD exchange-symbol-list/EGX,2026-07-30T20:39:42.471332+00:00
ADIB,ADIB.EGX,ADIB.CA,Abu Dhabi Islamic Bank- Egypt,EGX,EGP,Common Stock,EGS60111C019,CASE~ADIB,VERIFIED_FEED_OBSERVED,true,EODHD exchange-symbol-list/EGX,2026-07-30T20:39:42.471332+00:00
ADPC,ADPC.EGX,ADPC.CA,The Arab Dairy Products Co. Arab Dairy - Panda,EGX,EGP,Common Stock,EGS30221C013,CASE~ADPC,VERIFIED_FEED_OBSERVED,true,EODHD exchange-symbol-list/EGX,2026-07-30T20:39:42.471332+00:00
AFDI,AFDI.EGX,AFDI.CA,El Ahli Investment and Development,EGX,EGP,Common Stock,EGS69021C011,CASE~AFDI,VERIFIED_FEED_OBSERVED,true,EODHD exchange-symbol-list/EGX,2026-07-30T20:39:42.471332+00:00
AFMC,AFMC.EGX,AFMC.CA,Alexandria Flour Mills,EGX,EGP,Common Stock,EGS30471C014,CASE~AFMC,VERIFIED_FEED_OBSERVED,true,EODHD exchange-symbol-list/EGX,2026-07-30T20:39:42.471332+00:00
AIDC,AIDC.EGX,AIDC.CA,Arabia for Investment and Development,EGX,EGP,Common Stock,EGS65R01C015,CASE~AIDC,VERIFIED_FEED_OBSERVED,true,EODHD exchange-symbol-list/EGX,2026-07-30T20:39:42.471332+00:00
AIND,AIND.EGX,AIND.CA,Arabia Investments Holding,EGX,EGP,Common Stock,EGS21351C019,,UNVERIFIED_NO_FEED_OBSERVATION,true,EODHD exchange-symbol-list/EGX,2026-07-30T20:39:42.471332+00:00
AJWA,AJWA.EGX,AJWA.CA,AJWA for Food Industries company Egypt,EGX,EGP,Common Stock,EGS30211C014,CASE~AJWA,VERIFIED_FEED_OBSERVED,true,EODHD exchange-symbol-list/EGX,2026-07-30T20:39:42.471332+00:00
ALCN,ALCN.EGX,ALCN.CA,Alexandria Containers and goods,EGX,EGP,Common Stock,EGS42111C012,CASE~ALCN,VERIFIED_FEED_OBSERVED,true,EODHD exchange-symbol-list/EGX,2026-07-30T20:39:42.471332+00:00
ALRA,ALRA.EGX,ALRA.CA,Atlas For Investment and Food Industries,EGX,EGP,Common Stock,EGS071L1C018,,UNVERIFIED_NO_FEED_OBSERVATION,true,EODHD exchange-symbol-list/EGX,2026-07-30T20:39:42.471332+00:00
ALUM,ALUM.EGX,ALUM.CA,Arab Aluminum,EGX,EGP,Common Stock,EGS3D031C018,CASE~ALUM,VERIFIED_FEED_OBSERVED,true,EODHD exchange-symbol-list/EGX,2026-07-30T20:39:42.471332+00:00
AMER,AMER.EGX,AMER.CA,Amer Group Holding,EGX,EGP,Common Stock,EGS675S1C011,CASE~AMER,VERIFIED_FEED_OBSERVED,true,EODHD exchange-symbol-list/EGX,2026-07-30T20:39:42.471332+00:00
AMES,AMES.EGX,AMES.CA,Alexandria New Medical Center,EGX,EGP,Common Stock,EGS72081C010,CASE~AMES,VERIFIED_FEED_OBSERVED,true,EODHD exchange-symbol-list/EGX,2026-07-30T20:39:42.471332+00:00
AMIA,AMIA.EGX,AMIA.CA,Arab Moltaka Investments Co.,EGX,EGP,Common Stock,,CASE~AMIA,VERIFIED_FEED_OBSERVED,true,EODHD exchange-symbol-list/EGX,2026-07-30T20:39:42.471332+00:00
AMII,AMII.EGX,AMII.CA,Arabian Metal Industries And Industrial Investments,EGX,EGP,Common Stock,EGS3E1E1C013,,UNVERIFIED_NO_FEED_OBSERVATION,true,EODHD exchange-symbol-list/EGX,2026-07-30T20:39:42.471332+00:00
AMOC,AMOC.EGX,AMOC.CA,Alexandria Mineral Oils Company,EGX,EGP,Common Stock,EGS380P1C010,CASE~AMOC,VERIFIED_FEED_OBSERVED,true,EODHD exchange-symbol-list/EGX,2026-07-30T20:39:42.471332+00:00
APSW,APSW.EGX,APSW.CA,ARAB POLVARA SPINNING & WEAVING CO.,EGX,EGP,Common Stock,EGS32331C018,CASE~APSW,VERIFIED_FEED_OBSERVED,true,EODHD exchange-symbol-list/EGX,2026-07-30T20:39:42.471332+00:00
ARAB,ARAB.EGX,ARAB.CA,Arab Developers Holding,EGX,EGP,Common Stock,EGS694A1C018,CASE~ARAB,VERIFIED_FEED_OBSERVED,true,EODHD exchange-symbol-list/EGX,2026-07-30T20:39:42.471332+00:00
ARCC,ARCC.EGX,ARCC.CA,Arabian Cement Company,EGX,EGP,Common Stock,EGS3C0O1C016,CASE~ARCC,VERIFIED_FEED_OBSERVED,true,EODHD exchange-symbol-list/EGX,2026-07-30T20:39:42.471332+00:00
AREH,AREH.EGX,AREH.CA,Egyptian Real Estate Group,EGX,EGP,Common Stock,EGS65211C012,CASE~AREH,VERIFIED_FEED_OBSERVED,true,EODHD exchange-symbol-list/EGX,2026-07-30T20:39:42.471332+00:00
ARVA,ARVA.EGX,ARVA.CA,Arab Valves Company,EGX,EGP,Common Stock,EGS3E1E1C013,CASE~ARVA,VERIFIED_FEED_OBSERVED,true,EODHD exchange-symbol-list/EGX,2026-07-30T20:39:42.471332+00:00
ASCM,ASCM.EGX,ASCM.CA,ASEC Company for Mining - ASCOM,EGX,EGP,Common Stock,EGS10001C013,CASE~ASCM,VERIFIED_FEED_OBSERVED,true,EODHD exchange-symbol-list/EGX,2026-07-30T20:39:42.471332+00:00
ASPI,ASPI.EGX,ASPI.CA,Aspire Capital Holding For Financial Investments,EGX,EGP,Common Stock,EGS691L1C018,CASE~ASPI,VERIFIED_FEED_OBSERVED,true,EODHD exchange-symbol-list/EGX,2026-07-30T20:39:42.471332+00:00
ATLC,ATLC.EGX,ATLC.CA,Al Tawfeek Leasing Company-A.T.LEASE,EGX,EGP,Common Stock,EGS676N1C015,CASE~ATLC,VERIFIED_FEED_OBSERVED,true,EODHD exchange-symbol-list/EGX,2026-07-30T20:39:42.471332+00:00
ATQA,ATQA.EGX,ATQA.CA,Misr National Steel - Ataqa,EGX,EGP,Common Stock,EGS3D0C1C018,CASE~ATQA,VERIFIED_FEED_OBSERVED,true,EODHD exchange-symbol-list/EGX,2026-07-30T20:39:42.471332+00:00
AXPH,AXPH.EGX,AXPH.CA,Alexandria Pharmaceuticals,EGX,EGP,Common Stock,EGS38341C011,CASE~AXPH,VERIFIED_FEED_OBSERVED,true,EODHD exchange-symbol-list/EGX,2026-07-30T20:39:42.471332+00:00
BINV,BINV.EGX,BINV.CA,B Investments Holding,EGX,EGP,Common Stock,EGS691T1C010,CASE~BINV,VERIFIED_FEED_OBSERVED,true,EODHD exchange-symbol-list/EGX,2026-07-30T20:39:42.471332+00:00
BIOC,BIOC.EGX,BIOC.CA,Glaxo Smith Kline,EGX,EGP,Common Stock,EGS38171C012,CASE~BIOC,VERIFIED_FEED_OBSERVED,true,EODHD exchange-symbol-list/EGX,2026-07-30T20:39:42.471332+00:00
BONY,BONY.EGX,BONY.CA,Bonyan for Development and Trade,EGX,EGP,Common Stock,EGS656M1C010,CASE~BONY,VERIFIED_FEED_OBSERVED,true,EODHD exchange-symbol-list/EGX,2026-07-30T20:39:42.471332+00:00
BTFH,BTFH.EGX,BTFH.CA,Beltone Holding,EGX,EGP,Common Stock,EGS691G1C015,CASE~BTFH,VERIFIED_FEED_OBSERVED,true,EODHD exchange-symbol-list/EGX,2026-07-30T20:39:42.471332+00:00
CAED,CAED.EGX,CAED.CA,Cairo Educational Services,EGX,EGP,Common Stock,EGS72201C014,CASE~CAED,VERIFIED_FEED_OBSERVED,true,EODHD exchange-symbol-list/EGX,2026-07-30T20:39:42.471332+00:00
CANA,CANA.EGX,CANA.CA,Suez Canal Bank S.A.E,EGX,EGP,Common Stock,EGS60231C015,CASE~CANA,VERIFIED_FEED_OBSERVED,true,EODHD exchange-symbol-list/EGX,2026-07-30T20:39:42.471332+00:00
CCAP,CCAP.EGX,CCAP.CA,QALA For Financial Investments,EGX,EGP,Common Stock,EGS73541C012,CASE~CCAP,VERIFIED_FEED_OBSERVED,true,EODHD exchange-symbol-list/EGX,2026-07-30T20:39:42.471332+00:00
CCRS,CCRS.EGX,CCRS.CA,Gulf Canadian Real Estate Investment Co.,EGX,EGP,Common Stock,EGS651B1C018,CASE~CCRS,VERIFIED_FEED_OBSERVED,true,EODHD exchange-symbol-list/EGX,2026-07-30T20:39:42.471332+00:00
CEFM,CEFM.EGX,CEFM.CA,Middle Egypt Flour Mills,EGX,EGP,Common Stock,EGS30401C011,CASE~CEFM,VERIFIED_FEED_OBSERVED,true,EODHD exchange-symbol-list/EGX,2026-07-30T20:39:42.471332+00:00
CERA,CERA.EGX,CERA.CA,The Arab Ceramic CO.- Ceramica Remas,EGX,EGP,Common Stock,EGS3C151C015,CASE~CERA,VERIFIED_FEED_OBSERVED,true,EODHD exchange-symbol-list/EGX,2026-07-30T20:39:42.471332+00:00
CFGH,CFGH.EGX,CFGH.CA,Concrete Fashion Group For Commercial& Industrial Investment,EGX,USD,Common Stock,EGS672I2C014,CASE~CFGH,VERIFIED_FEED_OBSERVED,true,EODHD exchange-symbol-list/EGX,2026-07-30T20:39:42.471332+00:00
CICH,CICH.EGX,CICH.CA,CI Capital Holding For Financial Investments,EGX,EGP,Common Stock,EGS691D1C018,CASE~CICH,VERIFIED_FEED_OBSERVED,true,EODHD exchange-symbol-list/EGX,2026-07-30T20:39:42.471332+00:00
CIEB,CIEB.EGX,CIEB.CA,Credit Agricole Egypt,EGX,EGP,Common Stock,EGS60041C018,CASE~CIEB,VERIFIED_FEED_OBSERVED,true,EODHD exchange-symbol-list/EGX,2026-07-30T20:39:42.471332+00:00
CIRA,CIRA.EGX,CIRA.CA,Cairo for Investment and Real Estate Development SAE,EGX,EGP,Common Stock,,CASE~CIRA,VERIFIED_FEED_OBSERVED,true,EODHD exchange-symbol-list/EGX,2026-07-30T20:39:42.471332+00:00
CLHO,CLHO.EGX,CLHO.CA,Cleopatra Hospital Company,EGX,EGP,Common Stock,EGS729J1C018,CASE~CLHO,VERIFIED_FEED_OBSERVED,true,EODHD exchange-symbol-list/EGX,2026-07-30T20:39:42.471332+00:00
CNFN,CNFN.EGX,CNFN.CA,Contact Financial Holding,EGX,EGP,Common Stock,EGS738I1C018,CASE~CNFN,VERIFIED_FEED_OBSERVED,true,EODHD exchange-symbol-list/EGX,2026-07-30T20:39:42.471332+00:00
COMI,COMI.EGX,COMI.CA,Commercial International Bank-Egypt (CIB),EGX,EGP,Common Stock,EGS60121C018,CASE~COMI,VERIFIED_FEED_OBSERVED,true,EODHD exchange-symbol-list/EGX,2026-07-30T20:39:42.471332+00:00
COPR,COPR.EGX,COPR.CA,Copper For Commercial Investment & Real Estate Development,EGX,EGP,Common Stock,EGS65511C015,CASE~COPR,VERIFIED_FEED_OBSERVED,true,EODHD exchange-symbol-list/EGX,2026-07-30T20:39:42.471332+00:00
COSG,COSG.EGX,COSG.CA,Cairo Oils & Soap,EGX,EGP,Common Stock,EGS30581C010,CASE~COSG,VERIFIED_FEED_OBSERVED,true,EODHD exchange-symbol-list/EGX,2026-07-30T20:39:42.471332+00:00
CPCI,CPCI.EGX,CPCI.CA,Cairo Pharmaceuticals,EGX,EGP,Common Stock,EGS38391C016,CASE~CPCI,VERIFIED_FEED_OBSERVED,true,EODHD exchange-symbol-list/EGX,2026-07-30T20:39:42.471332+00:00
CPME,CPME.EGX,CPME.CA,Catalyst Partners Middle East,EGX,EGP,Common Stock,EGS698X1C017,CASE~CPME,VERIFIED_FEED_OBSERVED,true,EODHD exchange-symbol-list/EGX,2026-07-30T20:39:42.471332+00:00
CRST,CRST.EGX,CRST.CA,Creast Mark For Contracting And Real Estate Development,EGX,EGP,Common Stock,EGS23141C012,CASE~CRST,VERIFIED_FEED_OBSERVED,true,EODHD exchange-symbol-list/EGX,2026-07-30T20:39:42.471332+00:00
CSAG,CSAG.EGX,CSAG.CA,Canal Shipping Agencies,EGX,EGP,Common Stock,EGS44031C010,CASE~CSAG,VERIFIED_FEED_OBSERVED,true,EODHD exchange-symbol-list/EGX,2026-07-30T20:39:42.471332+00:00
DAPH,DAPH.EGX,DAPH.CA,Development & Engineering Consultants,EGX,EGP,Common Stock,EGS65081C019,CASE~DAPH,VERIFIED_FEED_OBSERVED,true,EODHD exchange-symbol-list/EGX,2026-07-30T20:39:42.471332+00:00
DEIN,DEIN.EGX,DEIN.CA,Delta Insurance,EGX,EGP,Common Stock,EGS63031C016,CASE~DEIN,VERIFIED_FEED_OBSERVED,true,EODHD exchange-symbol-list/EGX,2026-07-30T20:39:42.471332+00:00
DGTZ,DGTZ.EGX,DGTZ.CA,Digitize for Investment And Technology,EGX,EGP,Common Stock,EGS74F71C015,CASE~DGTZ,VERIFIED_FEED_OBSERVED,true,EODHD exchange-symbol-list/EGX,2026-07-30T20:39:42.471332+00:00
DOMT,DOMT.EGX,DOMT.CA,Arabian Food Industries DOMTY,EGX,EGP,Common Stock,EGS30031C016,CASE~DOMT,VERIFIED_FEED_OBSERVED,true,EODHD exchange-symbol-list/EGX,2026-07-30T20:39:42.471332+00:00
DSCW,DSCW.EGX,DSCW.CA,Dice Sport & Casual Wear,EGX,EGP,Common Stock,EGS33321C018,CASE~DSCW,VERIFIED_FEED_OBSERVED,true,EODHD exchange-symbol-list/EGX,2026-07-30T20:39:42.471332+00:00
DTPP,DTPP.EGX,DTPP.CA,Delta For Printing & Packaging,EGX,EGP,Common Stock,EGS370W1C013,CASE~DTPP,VERIFIED_FEED_OBSERVED,true,EODHD exchange-symbol-list/EGX,2026-07-30T20:39:42.471332+00:00
EALR,EALR.EGX,EALR.CA,El Arabia for Land Reclamation,EGX,EGP,Common Stock,EGS65771C015,CASE~EALR,VERIFIED_FEED_OBSERVED,true,EODHD exchange-symbol-list/EGX,2026-07-30T20:39:42.471332+00:00
EASB,EASB.EGX,EASB.CA,Egyptian Arabian(Themar)Comp. For Securities&Bonds Brok. EAC,EGX,EGP,Common Stock,EGS681D1C010,CASE~EASB,VERIFIED_FEED_OBSERVED,true,EODHD exchange-symbol-list/EGX,2026-07-30T20:39:42.471332+00:00
EAST,EAST.EGX,EAST.CA,Eastern Company,EGX,EGP,Common Stock,EGS37091C013,CASE~EAST,VERIFIED_FEED_OBSERVED,true,EODHD exchange-symbol-list/EGX,2026-07-30T20:39:42.471332+00:00
EBSC,EBSC.EGX,EBSC.CA,Osool ESB Securities Brokerage,EGX,EGP,Common Stock,EGS68181C014,CASE~EBSC,VERIFIED_FEED_OBSERVED,true,EODHD exchange-symbol-list/EGX,2026-07-30T20:39:42.471332+00:00
ECAP,ECAP.EGX,ECAP.CA,El Ezz Porcelain (Gemma),EGX,EGP,Common Stock,EGS3C071C015,CASE~ECAP,VERIFIED_FEED_OBSERVED,true,EODHD exchange-symbol-list/EGX,2026-07-30T20:39:42.471332+00:00
EDBM,EDBM.EGX,EDBM.CA,The Egyptian Company for Construction Development-Lift Slab,EGX,EGP,Common Stock,EGS23141C012,,UNVERIFIED_NO_FEED_OBSERVATION,true,EODHD exchange-symbol-list/EGX,2026-07-30T20:39:42.471332+00:00
EDFM,EDFM.EGX,EDFM.CA,East Delta Flour Mills,EGX,EGP,Common Stock,EGS30351C018,CASE~EDFM,VERIFIED_FEED_OBSERVED,true,EODHD exchange-symbol-list/EGX,2026-07-30T20:39:42.471332+00:00
EEII,EEII.EGX,EEII.CA,El Arabia Engineering Industries,EGX,EGP,Common Stock,EGS3G111C015,CASE~EEII,VERIFIED_FEED_OBSERVED,true,EODHD exchange-symbol-list/EGX,2026-07-30T20:39:42.471332+00:00
EFIC,EFIC.EGX,EFIC.CA,Egyptian Financial & Industrial,EGX,EGP,Common Stock,EGS38381C017,CASE~EFIC,VERIFIED_FEED_OBSERVED,true,EODHD exchange-symbol-list/EGX,2026-07-30T20:39:42.471332+00:00
EFID,EFID.EGX,EFID.CA,Edita Food Industries S.A.E,EGX,EGP,Common Stock,EGS305I1C011,CASE~EFID,VERIFIED_FEED_OBSERVED,true,EODHD exchange-symbol-list/EGX,2026-07-30T20:39:42.471332+00:00
EFIH,EFIH.EGX,EFIH.CA,E-finance For Digital and Financial Investments,EGX,EGP,Common Stock,EGS743O1C013,CASE~EFIH,VERIFIED_FEED_OBSERVED,true,EODHD exchange-symbol-list/EGX,2026-07-30T20:39:42.471332+00:00
EGAL,EGAL.EGX,EGAL.CA,Egypt Aluminum,EGX,EGP,Common Stock,EGS3E181C010,CASE~EGAL,VERIFIED_FEED_OBSERVED,true,EODHD exchange-symbol-list/EGX,2026-07-30T20:39:42.471332+00:00
EGAS,EGAS.EGX,EGAS.CA,Natural Gas & Mining Project (Egypt Gas),EGX,EGP,Common Stock,EGS39011C019,CASE~EGAS,VERIFIED_FEED_OBSERVED,true,EODHD exchange-symbol-list/EGX,2026-07-30T20:39:42.471332+00:00
EGBE,EGBE.EGX,EGBE.CA,Egyptian Gulf Bank,EGX,USD,Common Stock,EGS60182C010,CASE~EGBE,VERIFIED_FEED_OBSERVED,true,EODHD exchange-symbol-list/EGX,2026-07-30T20:39:42.471332+00:00
EGCH,EGCH.EGX,EGCH.CA,Egyptian Chemical Industries (Kima),EGX,EGP,Common Stock,EGS38201C017,CASE~EGCH,VERIFIED_FEED_OBSERVED,true,EODHD exchange-symbol-list/EGX,2026-07-30T20:39:42.471332+00:00
EGREF,EGREF.EGX,EGREF.CA,Egyptians Real Estate Fund Certificates,EGX,EGP,Common Stock,EGS694B1C017,CASE~EGREF,VERIFIED_FEED_OBSERVED,true,EODHD exchange-symbol-list/EGX,2026-07-30T20:39:42.471332+00:00
EGSA,EGSA.EGX,EGSA.CA,Egyptian Satellites (NileSat),EGX,USD,Common Stock,EGS48022C015,CASE~EGSA,VERIFIED_FEED_OBSERVED,true,EODHD exchange-symbol-list/EGX,2026-07-30T20:39:42.471332+00:00
EGTS,EGTS.EGX,EGTS.CA,Egyptian for Tourism Resorts,EGX,EGP,Common Stock,EGS70431C019,CASE~EGTS,VERIFIED_FEED_OBSERVED,true,EODHD exchange-symbol-list/EGX,2026-07-30T20:39:42.471332+00:00
EHDR,EHDR.EGX,EHDR.CA,Egyptians Housing Development & Reconstruction,EGX,EGP,Common Stock,EGS65341C017,CASE~EHDR,VERIFIED_FEED_OBSERVED,true,EODHD exchange-symbol-list/EGX,2026-07-30T20:39:42.471332+00:00
ELEC,ELEC.EGX,ELEC.CA,Electro Cable Egypt,EGX,EGP,Common Stock,EGS3G231C011,CASE~ELEC,VERIFIED_FEED_OBSERVED,true,EODHD exchange-symbol-list/EGX,2026-07-30T20:39:42.471332+00:00
ELKA,ELKA.EGX,ELKA.CA,El Kahera Housing,EGX,EGP,Common Stock,EGS65071C010,CASE~ELKA,VERIFIED_FEED_OBSERVED,true,EODHD exchange-symbol-list/EGX,2026-07-30T20:39:42.471332+00:00
ELNA,ELNA.EGX,ELNA.CA,El Nasr For Manufacturing Agricultural Crops,EGX,EGP,Common Stock,EGS300L1C011,CASE~ELNA,VERIFIED_FEED_OBSERVED,true,EODHD exchange-symbol-list/EGX,2026-07-30T20:39:42.471332+00:00
ELSH,ELSH.EGX,ELSH.CA,El Shams Housing & Urbanization,EGX,EGP,Common Stock,EGS65091C018,CASE~ELSH,VERIFIED_FEED_OBSERVED,true,EODHD exchange-symbol-list/EGX,2026-07-30T20:39:42.471332+00:00
EMFD,EMFD.EGX,EMFD.CA,Emaar Misr for Development,EGX,EGP,Common Stock,EGS673Y1C015,CASE~EMFD,VERIFIED_FEED_OBSERVED,true,EODHD exchange-symbol-list/EGX,2026-07-30T20:39:42.471332+00:00
ENGC,ENGC.EGX,ENGC.CA,Engineering Industries (ICON),EGX,EGP,Common Stock,EGS3F021C017,CASE~ENGC,VERIFIED_FEED_OBSERVED,true,EODHD exchange-symbol-list/EGX,2026-07-30T20:39:42.471332+00:00
EOSB,EOSB.EGX,EOSB.CA,El Orouba Securities Brokerage,EGX,EGP,Common Stock,EGS681I1C015,CASE~EOSB,VERIFIED_FEED_OBSERVED,true,EODHD exchange-symbol-list/EGX,2026-07-30T20:39:42.471332+00:00
EPCO,EPCO.EGX,EPCO.CA,Egypt for Poultry,EGX,EGP,Common Stock,EGS02211C018,CASE~EPCO,VERIFIED_FEED_OBSERVED,true,EODHD exchange-symbol-list/EGX,2026-07-30T20:39:42.471332+00:00
EPPK,EPPK.EGX,EPPK.CA,El Ahram Co. For Printing And Packing,EGX,EGP,Common Stock,EGS360A1C011,CASE~EPPK,VERIFIED_FEED_OBSERVED,true,EODHD exchange-symbol-list/EGX,2026-07-30T20:39:42.471332+00:00
ETEL,ETEL.EGX,ETEL.CA,Telecom Egypt,EGX,EGP,Common Stock,EGS48031C016,CASE~ETEL,VERIFIED_FEED_OBSERVED,true,EODHD exchange-symbol-list/EGX,2026-07-30T20:39:42.471332+00:00
ETRS,ETRS.EGX,ETRS.CA,Egyptian Transport & Commercial Services Co. -EGYTRANS NOSCO,EGX,EGP,Common Stock,EGS42051C010,CASE~ETRS,VERIFIED_FEED_OBSERVED,true,EODHD exchange-symbol-list/EGX,2026-07-30T20:39:42.471332+00:00
EXPA,EXPA.EGX,EXPA.CA,Export Development Bank of Egypt,EGX,EGP,Common Stock,EGS60241C014,CASE~EXPA,VERIFIED_FEED_OBSERVED,true,EODHD exchange-symbol-list/EGX,2026-07-30T20:39:42.471332+00:00
FAIT,FAIT.EGX,FAIT.CA,Faisal Islamic Bank of Egypt - In EGP,EGX,EGP,Common Stock,EGS60321C014,CASE~FAIT,VERIFIED_FEED_OBSERVED,true,EODHD exchange-symbol-list/EGX,2026-07-30T20:39:42.471332+00:00
FAITA,FAITA.EGX,FAITA.CA,Faisal Islamic Bank of Egypt - In US Dollars,EGX,USD,Common Stock,EGS60322C012,CASE~FAITA,VERIFIED_FEED_OBSERVED,true,EODHD exchange-symbol-list/EGX,2026-07-30T20:39:42.471332+00:00
FERC,FERC.EGX,FERC.CA,FERCHEM MISR CO. FOR FERTILLIZERS & CHEMICALS,EGX,EGP,Common Stock,EGS385S1C012,CASE~FERC,VERIFIED_FEED_OBSERVED,true,EODHD exchange-symbol-list/EGX,2026-07-30T20:39:42.471332+00:00
FTNS,FTNS.EGX,FTNS.CA,Fitness Prime,EGX,EGP,Common Stock,EGS774M1C017,CASE~FTNS,VERIFIED_FEED_OBSERVED,true,EODHD exchange-symbol-list/EGX,2026-07-30T20:39:42.471332+00:00
FWRY,FWRY.EGX,FWRY.CA,Fawry For Banking Technology And Electronic Payment,EGX,EGP,Common Stock,EGS745L1C014,CASE~FWRY,VERIFIED_FEED_OBSERVED,true,EODHD exchange-symbol-list/EGX,2026-07-30T20:39:42.471332+00:00
GBCO,GBCO.EGX,GBCO.CA,GB Corp.,EGX,EGP,Common Stock,,CASE~GBCO,VERIFIED_FEED_OBSERVED,true,EODHD exchange-symbol-list/EGX,2026-07-30T20:39:42.471332+00:00
GDWA,GDWA.EGX,GDWA.CA,Gadwa For Industrial Development,EGX,EGP,Common Stock,EGS3JM11C012,CASE~GDWA,VERIFIED_FEED_OBSERVED,true,EODHD exchange-symbol-list/EGX,2026-07-30T20:39:42.471332+00:00
GGCC,GGCC.EGX,GGCC.CA,Giza General Contracting,EGX,EGP,Common Stock,EGS21541C015,CASE~GGCC,VERIFIED_FEED_OBSERVED,true,EODHD exchange-symbol-list/EGX,2026-07-30T20:39:42.471332+00:00
GGRN,GGRN.EGX,GGRN.CA,Gogreen for Agricultural Investment,EGX,EGP,Common Stock,EGS07DR1C012,CASE~GGRN,VERIFIED_FEED_OBSERVED,true,EODHD exchange-symbol-list/EGX,2026-07-30T20:39:42.471332+00:00
GIHD,GIHD.EGX,GIHD.CA,Gharbia Islamic Housing Development,EGX,EGP,Common Stock,EGS65461C013,CASE~GIHD,VERIFIED_FEED_OBSERVED,true,EODHD exchange-symbol-list/EGX,2026-07-30T20:39:42.471332+00:00
GMCI,GMCI.EGX,GMCI.CA,GMC GROUP FOR INDUSTRIAL COMMERCIAL & FINANCIAL INVESTMENTS,EGX,EGP,Common Stock,EGS46051C016,CASE~GMCI,VERIFIED_FEED_OBSERVED,true,EODHD exchange-symbol-list/EGX,2026-07-30T20:39:42.471332+00:00
GOUR,GOUR.EGX,GOUR.CA,Gourmet Egypt.Com Foods,EGX,EGP,Common Stock,EGS540S1C014,CASE~GOUR,VERIFIED_FEED_OBSERVED,true,EODHD exchange-symbol-list/EGX,2026-07-30T20:39:42.471332+00:00
GPIM,GPIM.EGX,GPIM.CA,GPI For Urban Growth,EGX,EGP,Common Stock,EGS213S1C010,CASE~GPIM,VERIFIED_FEED_OBSERVED,true,EODHD exchange-symbol-list/EGX,2026-07-30T20:39:42.471332+00:00
GPPL,GPPL.EGX,GPPL.CA,Golden Pyramids Plaza,EGX,USD,Common Stock,EGS70342C018,CASE~GPPL,VERIFIED_FEED_OBSERVED,true,EODHD exchange-symbol-list/EGX,2026-07-30T20:39:42.471332+00:00
GRCA,GRCA.EGX,GRCA.CA,Grand Investment Capital,EGX,EGP,Common Stock,EGS69261C013,CASE~GRCA,VERIFIED_FEED_OBSERVED,true,EODHD exchange-symbol-list/EGX,2026-07-30T20:39:42.471332+00:00
GSSC,GSSC.EGX,GSSC.CA,General Silos & Storage,EGX,EGP,Common Stock,EGS30441C017,CASE~GSSC,VERIFIED_FEED_OBSERVED,true,EODHD exchange-symbol-list/EGX,2026-07-30T20:39:42.471332+00:00
GTEX,GTEX.EGX,GTEX.CA,GTEX For Commercial And Industrial,EGX,USD,Common Stock,EGS59U92C011,CASE~GTEX,VERIFIED_FEED_OBSERVED,true,EODHD exchange-symbol-list/EGX,2026-07-30T20:39:42.471332+00:00
GTWL,GTWL.EGX,GTWL.CA,Golden Textiles & Clothes Wool,EGX,EGP,Common Stock,EGS32161C019,CASE~GTWL,VERIFIED_FEED_OBSERVED,true,EODHD exchange-symbol-list/EGX,2026-07-30T20:39:42.471332+00:00
HBCO,HBCO.EGX,HBCO.CA,Heibco for commercial investments & real estate development,EGX,EGP,Common Stock,EGS23OD1C015,CASE~HBCO,VERIFIED_FEED_OBSERVED,true,EODHD exchange-symbol-list/EGX,2026-07-30T20:39:42.471332+00:00
HDBK,HDBK.EGX,HDBK.CA,Housing & Development Bank,EGX,EGP,Common Stock,EGS60301C016,CASE~HDBK,VERIFIED_FEED_OBSERVED,true,EODHD exchange-symbol-list/EGX,2026-07-30T20:39:42.471332+00:00
HELI,HELI.EGX,HELI.CA,Heliopolis Housing,EGX,EGP,Common Stock,EGS65591C017,CASE~HELI,VERIFIED_FEED_OBSERVED,true,EODHD exchange-symbol-list/EGX,2026-07-30T20:39:42.471332+00:00
HRHO,HRHO.EGX,HRHO.CA,EFG Holding,EGX,EGP,Common Stock,EGS69101C011,CASE~HRHO,VERIFIED_FEED_OBSERVED,true,EODHD exchange-symbol-list/EGX,2026-07-30T20:39:42.471332+00:00
ICFC,ICFC.EGX,ICFC.CA,International Company For Fertilizers & Chemicals,EGX,EGP,Common Stock,EGS520D1C015,CASE~ICFC,VERIFIED_FEED_OBSERVED,true,EODHD exchange-symbol-list/EGX,2026-07-30T20:39:42.471332+00:00
ICID,ICID.EGX,ICID.CA,International Co For Investment & Development,EGX,EGP,Common Stock,EGS67191C014,CASE~ICID,VERIFIED_FEED_OBSERVED,true,EODHD exchange-symbol-list/EGX,2026-07-30T20:39:42.471332+00:00
ICLE,ICLE.EGX,ICLE.CA,International Company For Leasing (IncoLEASE),EGX,EGP,Common Stock,EGS67001C015,CASE~ICLE,VERIFIED_FEED_OBSERVED,true,EODHD exchange-symbol-list/EGX,2026-07-30T20:39:42.471332+00:00
IDRE,IDRE.EGX,IDRE.CA,Ismailia Development and Real Estate Co,EGX,EGP,Common Stock,EGS214Q1C011,CASE~IDRE,VERIFIED_FEED_OBSERVED,true,EODHD exchange-symbol-list/EGX,2026-07-30T20:39:42.471332+00:00
IEEC,IEEC.EGX,IEEC.CA,Industrial & Engineering Projects,EGX,EGP,Common Stock,EGS22171C010,CASE~IEEC,VERIFIED_FEED_OBSERVED,true,EODHD exchange-symbol-list/EGX,2026-07-30T20:39:42.471332+00:00
IFAP,IFAP.EGX,IFAP.CA,International Agricultural Products,EGX,EGP,Common Stock,EGS07061C012,CASE~IFAP,VERIFIED_FEED_OBSERVED,true,EODHD exchange-symbol-list/EGX,2026-07-30T20:39:42.471332+00:00
INFI,INFI.EGX,INFI.CA,Ismailia National Food Industries,EGX,EGP,Common Stock,EGS01041C010,CASE~INFI,VERIFIED_FEED_OBSERVED,true,EODHD exchange-symbol-list/EGX,2026-07-30T20:39:42.471332+00:00
IRON,IRON.EGX,IRON.CA,Egyptian Iron & Steel,EGX,EGP,Common Stock,EGS3D061C015,CASE~IRON,VERIFIED_FEED_OBSERVED,true,EODHD exchange-symbol-list/EGX,2026-07-30T20:39:42.471332+00:00
ISMA,ISMA.EGX,ISMA.CA,Ismailia Misr Poultry,EGX,EGP,Common Stock,EGS02021C011,CASE~ISMA,VERIFIED_FEED_OBSERVED,true,EODHD exchange-symbol-list/EGX,2026-07-30T20:39:42.471332+00:00
ISMQ,ISMQ.EGX,ISMQ.CA,Iron And Steel for Mines and Quarries,EGX,EGP,Common Stock,EGS102S1C014,CASE~ISMQ,VERIFIED_FEED_OBSERVED,true,EODHD exchange-symbol-list/EGX,2026-07-30T20:39:42.471332+00:00
ISPH,ISPH.EGX,ISPH.CA,Ibnsina Pharma,EGX,EGP,Common Stock,EGS512O1C012,CASE~ISPH,VERIFIED_FEED_OBSERVED,true,EODHD exchange-symbol-list/EGX,2026-07-30T20:39:42.471332+00:00
JUFO,JUFO.EGX,JUFO.CA,Juhayna Food Industries,EGX,EGP,Common Stock,EGS30901C010,CASE~JUFO,VERIFIED_FEED_OBSERVED,true,EODHD exchange-symbol-list/EGX,2026-07-30T20:39:42.471332+00:00
KABO,KABO.EGX,KABO.CA,El Nasr Clothes & Textiles (Kabo),EGX,EGP,Common Stock,EGS33061C010,CASE~KABO,VERIFIED_FEED_OBSERVED,true,EODHD exchange-symbol-list/EGX,2026-07-30T20:39:42.471332+00:00
KASABF,KASABF.EGX,KASABF.CA,Certificates Of Odin Egyptian Equity Investment Fund-KASAB,EGX,EGP,Common Stock,EGS696Z1C017,CASE~KASABF,VERIFIED_FEED_OBSERVED,true,EODHD exchange-symbol-list/EGX,2026-07-30T20:39:42.471332+00:00
KORA,KORA.EGX,KORA.CA,KORRA,EGX,EGP,Common Stock,EGS07911C018,CASE~KORA,VERIFIED_FEED_OBSERVED,true,EODHD exchange-symbol-list/EGX,2026-07-30T20:39:42.471332+00:00
KRDI,KRDI.EGX,KRDI.CA,Al Khair River For Development Agricultural Investment&Envir,EGX,EGP,Common Stock,EGS02291C010,CASE~KRDI,VERIFIED_FEED_OBSERVED,true,EODHD exchange-symbol-list/EGX,2026-07-30T20:39:42.471332+00:00
KWIN,KWIN.EGX,KWIN.CA,El Kahera El Watania Investment,EGX,EGP,Common Stock,EGS69011C012,CASE~KWIN,VERIFIED_FEED_OBSERVED,true,EODHD exchange-symbol-list/EGX,2026-07-30T20:39:42.471332+00:00
KZPC,KZPC.EGX,KZPC.CA,Kafr El Zayat Pesticides,EGX,EGP,Common Stock,EGS38411C012,CASE~KZPC,VERIFIED_FEED_OBSERVED,true,EODHD exchange-symbol-list/EGX,2026-07-30T20:39:42.471332+00:00
LCSW,LCSW.EGX,LCSW.CA,Lecico Egypt,EGX,EGP,Common Stock,EGS3C161C014,CASE~LCSW,VERIFIED_FEED_OBSERVED,true,EODHD exchange-symbol-list/EGX,2026-07-30T20:39:42.471332+00:00
LUTS,LUTS.EGX,LUTS.CA,Lotus For Agricultural Investments And Development,EGX,EGP,Common Stock,EGS07661C019,CASE~LUTS,VERIFIED_FEED_OBSERVED,true,EODHD exchange-symbol-list/EGX,2026-07-30T20:39:42.471332+00:00
MAAL,MAAL.EGX,MAAL.CA,Egyptian Gulf Marseilia For Real Estate Investment,EGX,EGP,Common Stock,EGS739Z1C016,CASE~MAAL,VERIFIED_FEED_OBSERVED,true,EODHD exchange-symbol-list/EGX,2026-07-30T20:39:42.471332+00:00
MASR,MASR.EGX,MASR.CA,Madinet Masr For Housing and Development,EGX,EGP,Common Stock,EGS65571C019,CASE~MASR,VERIFIED_FEED_OBSERVED,true,EODHD exchange-symbol-list/EGX,2026-07-30T20:39:42.471332+00:00
MATD,MATD.EGX,MATD.CA,Marsa Marsa Alam For Tourism Development,EGX,EGP,Common Stock,EGS70P91C010,,UNVERIFIED_NO_FEED_OBSERVATION,true,EODHD exchange-symbol-list/EGX,2026-07-30T20:39:42.471332+00:00
MBEG,MBEG.EGX,MBEG.CA,M.B Engineering,EGX,EGP,Common Stock,EGS221V1C015,CASE~MBEG,VERIFIED_FEED_OBSERVED,true,EODHD exchange-symbol-list/EGX,2026-07-30T20:39:42.471332+00:00
MBSC,MBSC.EGX,MBSC.CA,Misr Beni Suef Cement,EGX,EGP,Common Stock,EGS3C371C019,CASE~MBSC,VERIFIED_FEED_OBSERVED,true,EODHD exchange-symbol-list/EGX,2026-07-30T20:39:42.471332+00:00
MCQE,MCQE.EGX,MCQE.CA,Misr Cement (Qena),EGX,EGP,Common Stock,EGS3C391C017,CASE~MCQE,VERIFIED_FEED_OBSERVED,true,EODHD exchange-symbol-list/EGX,2026-07-30T20:39:42.471332+00:00
MCRO,MCRO.EGX,MCRO.CA,Macro Group Pharmaceuticals - Macro Capital,EGX,EGP,Common Stock,EGS7D971C011,CASE~MCRO,VERIFIED_FEED_OBSERVED,true,EODHD exchange-symbol-list/EGX,2026-07-30T20:39:42.471332+00:00
MEGM,MEGM.EGX,MEGM.CA,Middle East Glass Manufacturing,EGX,EGP,Common Stock,EGS3C001C012,CASE~MEGM,VERIFIED_FEED_OBSERVED,true,EODHD exchange-symbol-list/EGX,2026-07-30T20:39:42.471332+00:00
MENA,MENA.EGX,MENA.CA,Mena Touristic & Real Estate Investment,EGX,EGP,Common Stock,EGS65441C015,CASE~MENA,VERIFIED_FEED_OBSERVED,true,EODHD exchange-symbol-list/EGX,2026-07-30T20:39:42.471332+00:00
MEPA,MEPA.EGX,MEPA.CA,Medical Packaging Company,EGX,EGP,Common Stock,,CASE~MEPA,VERIFIED_FEED_OBSERVED,true,EODHD exchange-symbol-list/EGX,2026-07-30T20:39:42.471332+00:00
MFPC,MFPC.EGX,MFPC.CA,Misr Fretilizers Production Company - Mopco,EGX,EGP,Common Stock,EGS39061C014,CASE~MFPC,VERIFIED_FEED_OBSERVED,true,EODHD exchange-symbol-list/EGX,2026-07-30T20:39:42.471332+00:00
MFSC,MFSC.EGX,MFSC.CA,Misr Duty Free Shops,EGX,EGP,Common Stock,EGS53051C016,CASE~MFSC,VERIFIED_FEED_OBSERVED,true,EODHD exchange-symbol-list/EGX,2026-07-30T20:39:42.471332+00:00
MHOT,MHOT.EGX,MHOT.CA,Misr Hotels,EGX,EGP,Common Stock,EGS70081C012,CASE~MHOT,VERIFIED_FEED_OBSERVED,true,EODHD exchange-symbol-list/EGX,2026-07-30T20:39:42.471332+00:00
MICH,MICH.EGX,MICH.CA,Misr Chemical Industries,EGX,EGP,Common Stock,EGS38211C016,CASE~MICH,VERIFIED_FEED_OBSERVED,true,EODHD exchange-symbol-list/EGX,2026-07-30T20:39:42.471332+00:00
MILS,MILS.EGX,MILS.CA,North Cairo Mills,EGX,EGP,Common Stock,EGS30361C017,CASE~MILS,VERIFIED_FEED_OBSERVED,true,EODHD exchange-symbol-list/EGX,2026-07-30T20:39:42.471332+00:00
MIPH,MIPH.EGX,MIPH.CA,Minapharm Pharmaceuticals,EGX,EGP,Common Stock,EGS380G1C011,CASE~MIPH,VERIFIED_FEED_OBSERVED,true,EODHD exchange-symbol-list/EGX,2026-07-30T20:39:42.471332+00:00
MOED,MOED.EGX,MOED.CA,The Egyptian Modern Education Systems,EGX,EGP,Common Stock,EGS729F1C012,CASE~MOED,VERIFIED_FEED_OBSERVED,true,EODHD exchange-symbol-list/EGX,2026-07-30T20:39:42.471332+00:00
MOIL,MOIL.EGX,MOIL.CA,Maridive & oil services,EGX,USD,Common Stock,EGS44012C010,CASE~MOIL,VERIFIED_FEED_OBSERVED,true,EODHD exchange-symbol-list/EGX,2026-07-30T20:39:42.471332+00:00
MOIN,MOIN.EGX,MOIN.CA,Mohandes Insurance,EGX,EGP,Common Stock,EGS63041C015,CASE~MOIN,VERIFIED_FEED_OBSERVED,true,EODHD exchange-symbol-list/EGX,2026-07-30T20:39:42.471332+00:00
MOSC,MOSC.EGX,MOSC.CA,Misr Oils & Soap,EGX,EGP,Common Stock,EGS38421C011,CASE~MOSC,VERIFIED_FEED_OBSERVED,true,EODHD exchange-symbol-list/EGX,2026-07-30T20:39:42.471332+00:00
MPCI,MPCI.EGX,MPCI.CA,Memphis Pharmaceuticals,EGX,EGP,Common Stock,EGS38351C010,CASE~MPCI,VERIFIED_FEED_OBSERVED,true,EODHD exchange-symbol-list/EGX,2026-07-30T20:39:42.471332+00:00
MPCO,MPCO.EGX,MPCO.CA,Mansourah Poultry,EGX,EGP,Common Stock,EGS02091C014,CASE~MPCO,VERIFIED_FEED_OBSERVED,true,EODHD exchange-symbol-list/EGX,2026-07-30T20:39:42.471332+00:00
MPRC,MPRC.EGX,MPRC.CA,Egyptian Media Production City,EGX,EGP,Common Stock,EGS78021C010,CASE~MPRC,VERIFIED_FEED_OBSERVED,true,EODHD exchange-symbol-list/EGX,2026-07-30T20:39:42.471332+00:00
MTIE,MTIE.EGX,MTIE.CA,MM Group For Industry And International Trade,EGX,EGP,Common Stock,EGS75011C014,CASE~MTIE,VERIFIED_FEED_OBSERVED,true,EODHD exchange-symbol-list/EGX,2026-07-30T20:39:42.471332+00:00
NAHO,NAHO.EGX,NAHO.CA,Naeem Holding,EGX,USD,Common Stock,EGS69182C011,CASE~NAHO,VERIFIED_FEED_OBSERVED,true,EODHD exchange-symbol-list/EGX,2026-07-30T20:39:42.471332+00:00
NAPR,NAPR.EGX,NAPR.CA,National Printing,EGX,EGP,Common Stock,EGS370O1C013,CASE~NAPR,VERIFIED_FEED_OBSERVED,true,EODHD exchange-symbol-list/EGX,2026-07-30T20:39:42.471332+00:00
NARE,NARE.EGX,NARE.CA,Naeem Real Estate Holding Group,EGX,EGP,Common Stock,EGS69191C012,CASE~NARE,VERIFIED_FEED_OBSERVED,true,EODHD exchange-symbol-list/EGX,2026-07-30T20:39:42.471332+00:00
NCCW,NCCW.EGX,NCCW.CA,Nasr Company for Civil Works,EGX,EGP,Common Stock,EGS23111C015,CASE~NCCW,VERIFIED_FEED_OBSERVED,true,EODHD exchange-symbol-list/EGX,2026-07-30T20:39:42.471332+00:00
NDRL,NDRL.EGX,NDRL.CA,National Drilling,EGX,EGP,Common Stock,EGS735N2C012,,UNVERIFIED_NO_FEED_OBSERVATION,true,EODHD exchange-symbol-list/EGX,2026-07-30T20:39:42.471332+00:00
NEDA,NEDA.EGX,NEDA.CA,Northern Upper Egypt Development & Agricultural Production,EGX,EGP,Common Stock,EGS52041C018,CASE~NEDA,VERIFIED_FEED_OBSERVED,true,EODHD exchange-symbol-list/EGX,2026-07-30T20:39:42.471332+00:00
NHPS,NHPS.EGX,NHPS.CA,National Housing for Professional Syndicates,EGX,EGP,Common Stock,EGS65131C012,CASE~NHPS,VERIFIED_FEED_OBSERVED,true,EODHD exchange-symbol-list/EGX,2026-07-30T20:39:42.471332+00:00
NINH,NINH.EGX,NINH.CA,Nozha International Hospital,EGX,EGP,Common Stock,EGS72011C017,CASE~NINH,VERIFIED_FEED_OBSERVED,true,EODHD exchange-symbol-list/EGX,2026-07-30T20:39:42.471332+00:00
NIPH,NIPH.EGX,NIPH.CA,El-Nile Co. For Pharmaceuticals And Chemical Industries,EGX,EGP,Common Stock,EGS38331C012,CASE~NIPH,VERIFIED_FEED_OBSERVED,true,EODHD exchange-symbol-list/EGX,2026-07-30T20:39:42.471332+00:00
NULL,NULL.EGX,NULL.CA,Fitness Prime,EGX,EGP,Common Stock,,,UNVERIFIED_NO_FEED_OBSERVATION,true,EODHD exchange-symbol-list/EGX,2026-07-30T20:39:42.471332+00:00
OBRI,OBRI.EGX,OBRI.CA,El Obour Real Estate Investment,EGX,EGP,Common Stock,EGS65551C011,CASE~OBRI,VERIFIED_FEED_OBSERVED,true,EODHD exchange-symbol-list/EGX,2026-07-30T20:39:42.471332+00:00
OCDI,OCDI.EGX,OCDI.CA,Six of October Development & Investment (SODIC),EGX,EGP,Common Stock,EGS65851C015,CASE~OCDI,VERIFIED_FEED_OBSERVED,true,EODHD exchange-symbol-list/EGX,2026-07-30T20:39:42.471332+00:00
OCPH,OCPH.EGX,OCPH.CA,October Pharma,EGX,EGP,Common Stock,EGS380R1C018,CASE~OCPH,VERIFIED_FEED_OBSERVED,true,EODHD exchange-symbol-list/EGX,2026-07-30T20:39:42.471332+00:00
ODIN,ODIN.EGX,ODIN.CA,ODIN Investments,EGX,EGP,Common Stock,EGS67181C015,CASE~ODIN,VERIFIED_FEED_OBSERVED,true,EODHD exchange-symbol-list/EGX,2026-07-30T20:39:42.471332+00:00
OFH,OFH.EGX,OFH.CA,O B Financial Holding,EGX,EGP,Common Stock,EGS696S1C016,CASE~OFH,VERIFIED_FEED_OBSERVED,true,EODHD exchange-symbol-list/EGX,2026-07-30T20:39:42.471332+00:00
OIH,OIH.EGX,OIH.CA,Orascom Investment Holding SAE,EGX,EGP,Common Stock,,CASE~OIH,VERIFIED_FEED_OBSERVED,true,EODHD exchange-symbol-list/EGX,2026-07-30T20:39:42.471332+00:00
OLFI,OLFI.EGX,OLFI.CA,Obour Land For Food Industries,EGX,EGP,Common Stock,EGS30AL1C012,CASE~OLFI,VERIFIED_FEED_OBSERVED,true,EODHD exchange-symbol-list/EGX,2026-07-30T20:39:42.471332+00:00
ORAS,ORAS.EGX,ORAS.CA,Orascom Construction PLC,EGX,EGP,Common Stock,EGS95001C011,CASE~ORAS,VERIFIED_FEED_OBSERVED,true,EODHD exchange-symbol-list/EGX,2026-07-30T20:39:42.471332+00:00
ORHD,ORHD.EGX,ORHD.CA,Orascom Development Egypt,EGX,EGP,Common Stock,EGS70321C012,CASE~ORHD,VERIFIED_FEED_OBSERVED,true,EODHD exchange-symbol-list/EGX,2026-07-30T20:39:42.471332+00:00
ORWE,ORWE.EGX,ORWE.CA,Oriental Weavers,EGX,EGP,Common Stock,EGS33041C012,CASE~ORWE,VERIFIED_FEED_OBSERVED,true,EODHD exchange-symbol-list/EGX,2026-07-30T20:39:42.471332+00:00
PHAR,PHAR.EGX,PHAR.CA,Egyptian International Pharmaceuticals (EIPICO),EGX,EGP,Common Stock,EGS38081C013,CASE~PHAR,VERIFIED_FEED_OBSERVED,true,EODHD exchange-symbol-list/EGX,2026-07-30T20:39:42.471332+00:00
PHDC,PHDC.EGX,PHDC.CA,Palm Hills Development Company,EGX,EGP,Common Stock,EGS655L1C012,CASE~PHDC,VERIFIED_FEED_OBSERVED,true,EODHD exchange-symbol-list/EGX,2026-07-30T20:39:42.471332+00:00
PHGC,PHGC.EGX,PHGC.CA,Premium HealthCare Group,EGX,EGP,Common Stock,EGS72XL1C014,CASE~PHGC,VERIFIED_FEED_OBSERVED,true,EODHD exchange-symbol-list/EGX,2026-07-30T20:39:42.471332+00:00
PHTV,PHTV.EGX,PHTV.CA,Pyramisa Hotels,EGX,EGP,Common Stock,EGS70331C011,CASE~PHTV,VERIFIED_FEED_OBSERVED,true,EODHD exchange-symbol-list/EGX,2026-07-30T20:39:42.471332+00:00
PIOH,PIOH.EGX,PIOH.CA,Pioneers Holding,EGX,EGP,Common Stock,EGS691L1C018,,UNVERIFIED_NO_FEED_OBSERVATION,true,EODHD exchange-symbol-list/EGX,2026-07-30T20:39:42.471332+00:00
POUL,POUL.EGX,POUL.CA,Cairo Poultry,EGX,EGP,Common Stock,EGS02051C018,CASE~POUL,VERIFIED_FEED_OBSERVED,true,EODHD exchange-symbol-list/EGX,2026-07-30T20:39:42.471332+00:00
PRCL,PRCL.EGX,PRCL.CA,Ceramic & Porcelain,EGX,EGP,Common Stock,EGS3C111C019,CASE~PRCL,VERIFIED_FEED_OBSERVED,true,EODHD exchange-symbol-list/EGX,2026-07-30T20:39:42.471332+00:00
PRDC,PRDC.EGX,PRDC.CA,Pioneers Properties For Urban Development - (PRE Group),EGX,EGP,Common Stock,EGS21FW1C015,CASE~PRDC,VERIFIED_FEED_OBSERVED,true,EODHD exchange-symbol-list/EGX,2026-07-30T20:39:42.471332+00:00
PRMH,PRMH.EGX,PRMH.CA,Prime Holding,EGX,EGP,Common Stock,EGS691A1C011,CASE~PRMH,VERIFIED_FEED_OBSERVED,true,EODHD exchange-symbol-list/EGX,2026-07-30T20:39:42.471332+00:00
QNBE,QNBE.EGX,QNBE.CA,Qatar Natl Bank,EGX,EGP,Common Stock,,CASE~QNBE,VERIFIED_FEED_OBSERVED,true,EODHD exchange-symbol-list/EGX,2026-07-30T20:39:42.471332+00:00
RACC,RACC.EGX,RACC.CA,Raya Customer Experience,EGX,EGP,Common Stock,EGS74191C015,CASE~RACC,VERIFIED_FEED_OBSERVED,true,EODHD exchange-symbol-list/EGX,2026-07-30T20:39:42.471332+00:00
RAKT,RAKT.EGX,RAKT.CA,Rakta Paper Manufacturing,EGX,EGP,Common Stock,EGS36021C011,CASE~RAKT,VERIFIED_FEED_OBSERVED,true,EODHD exchange-symbol-list/EGX,2026-07-30T20:39:42.471332+00:00
RAYA,RAYA.EGX,RAYA.CA,Raya Holding For Financial Investments,EGX,EGP,Common Stock,EGS690C1C010,CASE~RAYA,VERIFIED_FEED_OBSERVED,true,EODHD exchange-symbol-list/EGX,2026-07-30T20:39:42.471332+00:00
RMDA,RMDA.EGX,RMDA.CA,Tenth Of Ramadan Pharmaceutical Industries&Diagnostic-Rameda,EGX,EGP,Common Stock,EGS381B1C015,CASE~RMDA,VERIFIED_FEED_OBSERVED,true,EODHD exchange-symbol-list/EGX,2026-07-30T20:39:42.471332+00:00
ROTO,ROTO.EGX,ROTO.CA,Rowad Tourism (Al Rowad),EGX,EGP,Common Stock,EGS70281C018,CASE~ROTO,VERIFIED_FEED_OBSERVED,true,EODHD exchange-symbol-list/EGX,2026-07-30T20:39:42.471332+00:00
RREI,RREI.EGX,RREI.CA,Arab Real Estate Investment CO.-ALICO,EGX,EGP,Common Stock,EGS65011C016,CASE~RREI,VERIFIED_FEED_OBSERVED,true,EODHD exchange-symbol-list/EGX,2026-07-30T20:39:42.471332+00:00
RTVC,RTVC.EGX,RTVC.CA,Remco for Touristic Villages Construction,EGX,EGP,Common Stock,EGS70271C019,CASE~RTVC,VERIFIED_FEED_OBSERVED,true,EODHD exchange-symbol-list/EGX,2026-07-30T20:39:42.471332+00:00
RUBX,RUBX.EGX,RUBX.CA,Rubex International for Plastic and Acrylic Manufacturing,EGX,EGP,Common Stock,EGS3A221C018,CASE~RUBX,VERIFIED_FEED_OBSERVED,true,EODHD exchange-symbol-list/EGX,2026-07-30T20:39:42.471332+00:00
SAIB,SAIB.EGX,SAIB.CA,Societe Arabe Internationale De Banque S.A.E,EGX,EUR,Common Stock,EGS60142C014,CASE~SAIB,VERIFIED_FEED_OBSERVED,true,EODHD exchange-symbol-list/EGX,2026-07-30T20:39:42.471332+00:00
SAUD,SAUD.EGX,SAUD.CA,Al Baraka Bank Egypt,EGX,EGP,Common Stock,EGS60101C010,CASE~SAUD,VERIFIED_FEED_OBSERVED,true,EODHD exchange-symbol-list/EGX,2026-07-30T20:39:42.471332+00:00
SCEM,SCEM.EGX,SCEM.CA,Sinai Cement,EGX,EGP,Common Stock,EGS3C401C014,CASE~SCEM,VERIFIED_FEED_OBSERVED,true,EODHD exchange-symbol-list/EGX,2026-07-30T20:39:42.471332+00:00
SCFM,SCFM.EGX,SCFM.CA,South Cairo & Giza Mills & Bakeries,EGX,EGP,Common Stock,EGS30411C010,CASE~SCFM,VERIFIED_FEED_OBSERVED,true,EODHD exchange-symbol-list/EGX,2026-07-30T20:39:42.471332+00:00
SCTS,SCTS.EGX,SCTS.CA,Sues Canal Company For Technology Settling,EGX,EGP,Common Stock,EGS740C1C010,CASE~SCTS,VERIFIED_FEED_OBSERVED,true,EODHD exchange-symbol-list/EGX,2026-07-30T20:39:42.471332+00:00
SDTI,SDTI.EGX,SDTI.CA,Sharm Dreams Co. for Tourism Investment,EGX,EGP,Common Stock,EGS70571C012,CASE~SDTI,VERIFIED_FEED_OBSERVED,true,EODHD exchange-symbol-list/EGX,2026-07-30T20:39:42.471332+00:00
SEIG,SEIG.EGX,SEIG.CA,Saudi Egyptian Investment & Finance,EGX,EGP,Common Stock,EGS67031C012,CASE~SEIG,VERIFIED_FEED_OBSERVED,true,EODHD exchange-symbol-list/EGX,2026-07-30T20:39:42.471332+00:00
SEIGA,SEIGA.EGX,SEIGA.CA,Saudi Egyptian Investment & Finance $,EGX,EGP,Common Stock,EGS67032C010,,UNVERIFIED_NO_FEED_OBSERVATION,true,EODHD exchange-symbol-list/EGX,2026-07-30T20:39:42.471332+00:00
SIMO,SIMO.EGX,SIMO.CA,Paper Middle East (Simo),EGX,EGP,Common Stock,EGS36091C014,CASE~SIMO,VERIFIED_FEED_OBSERVED,true,EODHD exchange-symbol-list/EGX,2026-07-30T20:39:42.471332+00:00
SIPC,SIPC.EGX,SIPC.CA,Sabaa International Company for Pharmaceutical and Chemical,EGX,EGP,Common Stock,EGS382M1C011,CASE~SIPC,VERIFIED_FEED_OBSERVED,true,EODHD exchange-symbol-list/EGX,2026-07-30T20:39:42.471332+00:00
SKPC,SKPC.EGX,SKPC.CA,Sidi Kerir Petrochemicals - SIDPEC,EGX,EGP,Common Stock,EGS380S1C017,CASE~SKPC,VERIFIED_FEED_OBSERVED,true,EODHD exchange-symbol-list/EGX,2026-07-30T20:39:42.471332+00:00
SMFR,SMFR.EGX,SMFR.CA,Samad Misr -EGYFERT,EGX,EGP,Common Stock,EGS51191C012,CASE~SMFR,VERIFIED_FEED_OBSERVED,true,EODHD exchange-symbol-list/EGX,2026-07-30T20:39:42.471332+00:00
SNFC,SNFC.EGX,SNFC.CA,Sharkia National Food,EGX,EGP,Common Stock,EGS30291C016,CASE~SNFC,VERIFIED_FEED_OBSERVED,true,EODHD exchange-symbol-list/EGX,2026-07-30T20:39:42.471332+00:00
SPHT,SPHT.EGX,SPHT.CA,El Shams Pyramids For Hotels& Touristic Projects,EGX,USD,Common Stock,EGS70H02C014,CASE~SPHT,VERIFIED_FEED_OBSERVED,true,EODHD exchange-symbol-list/EGX,2026-07-30T20:39:42.471332+00:00
SPIN,SPIN.EGX,SPIN.CA,Alexandria Spinning & Weaving (SPINALEX),EGX,EGP,Common Stock,EGS32041C013,CASE~SPIN,VERIFIED_FEED_OBSERVED,true,EODHD exchange-symbol-list/EGX,2026-07-30T20:39:42.471332+00:00
SPMD,SPMD.EGX,SPMD.CA,Speed Medical,EGX,EGP,Common Stock,EGS73BR1C013,CASE~SPMD,VERIFIED_FEED_OBSERVED,true,EODHD exchange-symbol-list/EGX,2026-07-30T20:39:42.471332+00:00
SRWA,SRWA.EGX,SRWA.CA,Sarwa Capital Holding,EGX,EGP,Common Stock,EGS738I1C018,,UNVERIFIED_NO_FEED_OBSERVATION,true,EODHD exchange-symbol-list/EGX,2026-07-30T20:39:42.471332+00:00
SUGR,SUGR.EGX,SUGR.CA,Delta Sugar,EGX,EGP,Common Stock,EGS30201C015,CASE~SUGR,VERIFIED_FEED_OBSERVED,true,EODHD exchange-symbol-list/EGX,2026-07-30T20:39:42.471332+00:00
SVCE,SVCE.EGX,SVCE.CA,South Valley Cement,EGX,EGP,Common Stock,EGS3C351C011,CASE~SVCE,VERIFIED_FEED_OBSERVED,true,EODHD exchange-symbol-list/EGX,2026-07-30T20:39:42.471332+00:00
SWDY,SWDY.EGX,SWDY.CA,ELSWEDY ELECTRIC,EGX,EGP,Common Stock,EGS3G0Z1C014,CASE~SWDY,VERIFIED_FEED_OBSERVED,true,EODHD exchange-symbol-list/EGX,2026-07-30T20:39:42.471332+00:00
TALM,TALM.EGX,TALM.CA,Taaleem Management Services,EGX,EGP,Common Stock,EGS597R1C017,CASE~TALM,VERIFIED_FEED_OBSERVED,true,EODHD exchange-symbol-list/EGX,2026-07-30T20:39:42.471332+00:00
TANM,TANM.EGX,TANM.CA,Tanmiya for Real Estate Investment,EGX,EGP,Common Stock,EGS21EB1C011,CASE~TANM,VERIFIED_FEED_OBSERVED,true,EODHD exchange-symbol-list/EGX,2026-07-30T20:39:42.471332+00:00
TAQA,TAQA.EGX,TAQA.CA,Taqa Arabia,EGX,EGP,Common Stock,EGS490S1C014,CASE~TAQA,VERIFIED_FEED_OBSERVED,true,EODHD exchange-symbol-list/EGX,2026-07-30T20:39:42.471332+00:00
TMGH,TMGH.EGX,TMGH.CA,T M G Holding,EGX,EGP,Common Stock,EGS691S1C011,CASE~TMGH,VERIFIED_FEED_OBSERVED,true,EODHD exchange-symbol-list/EGX,2026-07-30T20:39:42.471332+00:00
TRTO,TRTO.EGX,TRTO.CA,TransOceans Tours,EGX,USD,Common Stock,EGS79072C012,CASE~TRTO,VERIFIED_FEED_OBSERVED,true,EODHD exchange-symbol-list/EGX,2026-07-30T20:39:42.471332+00:00
TWSA,TWSA.EGX,TWSA.CA,TAWASOA For Factoring,EGX,EGP,Common Stock,EGS7D231C010,CASE~TWSA,VERIFIED_FEED_OBSERVED,true,EODHD exchange-symbol-list/EGX,2026-07-30T20:39:42.471332+00:00
TYCN,TYCN.EGX,TYCN.CA,Tycoon Holding Company For Financial Investments,EGX,EGP,Common Stock,EGS67331C016,CASE~TYCN,VERIFIED_FEED_OBSERVED,true,EODHD exchange-symbol-list/EGX,2026-07-30T20:39:42.471332+00:00
UBEE,UBEE.EGX,UBEE.CA,The United Bank,EGX,EGP,Common Stock,EGS600M1C017,CASE~UBEE,VERIFIED_FEED_OBSERVED,true,EODHD exchange-symbol-list/EGX,2026-07-30T20:39:42.471332+00:00
UEFM,UEFM.EGX,UEFM.CA,Upper Egypt Flour Mills,EGX,EGP,Common Stock,EGS30451C016,CASE~UEFM,VERIFIED_FEED_OBSERVED,true,EODHD exchange-symbol-list/EGX,2026-07-30T20:39:42.471332+00:00
UEGC,UEGC.EGX,UEGC.CA,Elsaeed Contracting& Real Estate Investment Company SCCD,EGX,EGP,Common Stock,EGS21531C016,CASE~UEGC,VERIFIED_FEED_OBSERVED,true,EODHD exchange-symbol-list/EGX,2026-07-30T20:39:42.471332+00:00
UNIP,UNIP.EGX,UNIP.CA,Universal For Paper and Packaging Materials (Unipack,EGX,EGP,Common Stock,EGS38161C013,CASE~UNIP,VERIFIED_FEED_OBSERVED,true,EODHD exchange-symbol-list/EGX,2026-07-30T20:39:42.471332+00:00
UNIT,UNIT.EGX,UNIT.CA,United Housing & Development,EGX,EGP,Common Stock,EGS65061C011,CASE~UNIT,VERIFIED_FEED_OBSERVED,true,EODHD exchange-symbol-list/EGX,2026-07-30T20:39:42.471332+00:00
UTOP,UTOP.EGX,UTOP.CA,UTOPIA,EGX,EGP,Common Stock,EGS655Y1C017,CASE~UTOP,VERIFIED_FEED_OBSERVED,true,EODHD exchange-symbol-list/EGX,2026-07-30T20:39:42.471332+00:00
VALU,VALU.EGX,VALU.CA,U Consumer Finance,EGX,EGP,Common Stock,EGS505Z1C018,CASE~VALU,VERIFIED_FEED_OBSERVED,true,EODHD exchange-symbol-list/EGX,2026-07-30T20:39:42.471332+00:00
VLMR,VLMR.EGX,VLMR.CA,Valmore Holding,EGX,USD,Common Stock,EGS69082C013,,UNVERIFIED_NO_FEED_OBSERVATION,true,EODHD exchange-symbol-list/EGX,2026-07-30T20:39:42.471332+00:00
VLMRA,VLMRA.EGX,VLMRA.CA,Valmore Holding-EGP,EGX,EGP,Common Stock,EGS69081C023,CASE~VLMRA,VERIFIED_FEED_OBSERVED,true,EODHD exchange-symbol-list/EGX,2026-07-30T20:39:42.471332+00:00
WCDF,WCDF.EGX,WCDF.CA,Middle & West Delta Flour Mills,EGX,EGP,Common Stock,EGS30421C019,CASE~WCDF,VERIFIED_FEED_OBSERVED,true,EODHD exchange-symbol-list/EGX,2026-07-30T20:39:42.471332+00:00
WKOL,WKOL.EGX,WKOL.CA,Wadi Kom Ombo Land Reclamation,EGX,EGP,Common Stock,EGS01071C017,CASE~WKOL,VERIFIED_FEED_OBSERVED,true,EODHD exchange-symbol-list/EGX,2026-07-30T20:39:42.471332+00:00
ZEOT,ZEOT.EGX,ZEOT.CA,Extracted Oils,EGX,EGP,Common Stock,EGS38251C012,CASE~ZEOT,VERIFIED_FEED_OBSERVED,true,EODHD exchange-symbol-list/EGX,2026-07-30T20:39:42.471332+00:00
ZMID,ZMID.EGX,ZMID.CA,Zahraa Maadi Investment & Development,EGX,EGP,Common Stock,EGS21171C011,CASE~ZMID,VERIFIED_FEED_OBSERVED,true,EODHD exchange-symbol-list/EGX,2026-07-30T20:39:42.471332+00:00
ACRO,ACRO.EGX,ACRO.CA,Acrow Misr,EGX,EGP,Common Stock,EGS3E071C013,CASE~ACRO,VERIFIED_FEED_OBSERVED,false,EODHD exchange-symbol-list/EGX?delisted=1,2026-07-30T20:39:42.471332+00:00
ADRI,ADRI.EGX,ADRI.CA,Arab Development & Real Estate Investment,EGX,EGP,Common Stock,EGS65AN1C018,CASE~ADRI,VERIFIED_FEED_OBSERVED,false,EODHD exchange-symbol-list/EGX?delisted=1,2026-07-30T20:39:42.471332+00:00
AGIG,AGIG.EGX,AGIG.CA,Arab Moltaka Investments Co,EGX,EGP,Common Stock,EGS67221C019,,UNVERIFIED_NO_FEED_OBSERVATION,false,EODHD exchange-symbol-list/EGX?alias_of=AMIA,2026-07-30T20:39:42.471332+00:00
AIFI,AIFI.EGX,AIFI.CA,,EGX,,,,CASE~AIFI,VERIFIED_FEED_OBSERVED,false,retired from legacy operational universe,2026-07-30T20:39:42.471332+00:00
AIH,AIH.EGX,AIH.CA,Arabia Investments Holding,EGX,EGP,Common Stock,,,UNVERIFIED_NO_FEED_OBSERVATION,false,EODHD exchange-symbol-list/EGX?delisted=1,2026-07-30T20:39:42.471332+00:00
AIHC,AIHC.EGX,AIHC.CA,,EGX,,,,CASE~AIHC,VERIFIED_FEED_OBSERVED,false,retired from legacy operational universe,2026-07-30T20:39:42.471332+00:00
AITG,AITG.EGX,AITG.CA,Assiut Islamic Trading,EGX,EGP,Common Stock,EGS50091C015,,UNVERIFIED_NO_FEED_OBSERVATION,false,EODHD exchange-symbol-list/EGX?delisted=1,2026-07-30T20:39:42.471332+00:00
AIVC,AIVC.EGX,AIVC.CA,Al Arafa For Investment And Consultancies,EGX,EGP,Common Stock,EGS672I2C014,,UNVERIFIED_NO_FEED_OBSERVATION,false,EODHD exchange-symbol-list/EGX?delisted=1,2026-07-30T20:39:42.471332+00:00
AIVCB,AIVCB.EGX,AIVCB.CA,Al Arafa Investment And Consulting in EGP,EGX,EGP,Common Stock,EGS672I1C032,,UNVERIFIED_NO_FEED_OBSERVATION,false,EODHD exchange-symbol-list/EGX?delisted=1,2026-07-30T20:39:42.471332+00:00
ALEX,ALEX.EGX,ALEX.CA,Alexandria Cement,EGX,EGP,Common Stock,EGS3H051C012,CASE~ALEX,VERIFIED_FEED_OBSERVED,false,EODHD exchange-symbol-list/EGX?delisted=1,2026-07-30T20:39:42.471332+00:00
AMPI,AMPI.EGX,AMPI.CA,Al Moasher for Programming and Information Dissemination,EGX,EGP,Common Stock,EGS745W1C011,CASE~AMPI,VERIFIED_FEED_OBSERVED,false,EODHD exchange-symbol-list/EGX?delisted=1,2026-07-30T20:39:42.471332+00:00
ANFI,ANFI.EGX,ANFI.CA,Alexandria National Company for Financial Investment,EGX,EGP,Common Stock,EGS67331C016,,UNVERIFIED_NO_FEED_OBSERVATION,false,EODHD exchange-symbol-list/EGX?delisted=1,2026-07-30T20:39:42.471332+00:00
APPC,APPC.EGX,APPC.CA,Advanced Pharmaceutical Packaging Co. (APP),EGX,EGP,Common Stock,EGS38461C017,CASE~APPC,VERIFIED_FEED_OBSERVED,false,EODHD exchange-symbol-list/EGX?delisted=1,2026-07-30T20:39:42.471332+00:00
AREHA,AREHA.EGX,AREHA.CA,Egyptian Real Estate Group Bearer Shares,EGX,EGP,Common Stock,EGS65211B907,,UNVERIFIED_NO_FEED_OBSERVATION,false,EODHD exchange-symbol-list/EGX?delisted=1,2026-07-30T20:39:42.471332+00:00
AUTO,AUTO.EGX,AUTO.CA,GB Corp,EGX,EGP,Common Stock,EGS673T1C012,,UNVERIFIED_NO_FEED_OBSERVATION,false,EODHD exchange-symbol-list/EGX?alias_of=GBCO,2026-07-30T20:39:42.471332+00:00
BIDI,BIDI.EGX,BIDI.CA,El Badr Investment And Development BID,EGX,EGP,Common Stock,EGS3A2Z1C015,CASE~BIDI,VERIFIED_FEED_OBSERVED,false,EODHD exchange-symbol-list/EGX?delisted=1,2026-07-30T20:39:42.471332+00:00
BIGP,BIGP.EGX,BIGP.CA,Barbary Investment Group ( BIG),EGX,EGP,Common Stock,EGS551D1C017,CASE~BIGP,VERIFIED_FEED_OBSERVED,false,EODHD exchange-symbol-list/EGX?delisted=1,2026-07-30T20:39:42.471332+00:00
CILB,CILB.EGX,CILB.CA,City Lab,EGX,EGP,Common Stock,,,UNVERIFIED_NO_FEED_OBSERVATION,false,EODHD exchange-symbol-list/EGX?delisted=1,2026-07-30T20:39:42.471332+00:00
CIRF,CIRF.EGX,CIRF.CA,Cairo For Investment And Real Estate Development,EGX,EGP,Common Stock,EGS70021C018,,UNVERIFIED_NO_FEED_OBSERVATION,false,EODHD exchange-symbol-list/EGX?delisted=1,2026-07-30T20:39:42.471332+00:00
DCRC,DCRC.EGX,DCRC.CA,Delta Construction & Rebuilding,EGX,EGP,Common Stock,EGS21451C017,CASE~DCRC,VERIFIED_FEED_OBSERVED,false,EODHD exchange-symbol-list/EGX?delisted=1,2026-07-30T20:39:42.471332+00:00
DIFC,DIFC.EGX,DIFC.CA,,EGX,,,,CASE~DIFC,VERIFIED_FEED_OBSERVED,false,retired from legacy operational universe,2026-07-30T20:39:42.471332+00:00
EFMP,EFMP.EGX,EFMP.CA,El-Farasha Co.For Manufacture And Printing Packing And Wrapp,EGX,EGP,Common Stock,EGS3A3W1C017,,UNVERIFIED_NO_FEED_OBSERVATION,false,EODHD exchange-symbol-list/EGX?delisted=1,2026-07-30T20:39:42.471332+00:00
EGX30ETF,EGX30ETF.EGX,EGX30ETF.CA,,EGX,,,,CASE~EGX30ETF,VERIFIED_FEED_OBSERVED,false,retired from legacy operational universe,2026-07-30T20:39:42.471332+00:00
EITP,EITP.EGX,EITP.CA,Egyptian International Tourism Projects,EGX,EGP,Common Stock,EGS70011C019,CASE~EITP,VERIFIED_FEED_OBSERVED,false,EODHD exchange-symbol-list/EGX?delisted=1,2026-07-30T20:39:42.471332+00:00
EIUD,EIUD.EGX,EIUD.CA,Egyptians For Investment & Urban Development,EGX,EGP,Common Stock,EGS213S1C010,,UNVERIFIED_NO_FEED_OBSERVATION,false,EODHD exchange-symbol-list/EGX?delisted=1,2026-07-30T20:39:42.471332+00:00
EKHO,EKHO.EGX,EKHO.CA,Egyptian Kuwaiti Holding,EGX,EGP,Common Stock,EGS69082C013,,UNVERIFIED_NO_FEED_OBSERVATION,false,EODHD exchange-symbol-list/EGX?delisted=1,2026-07-30T20:39:42.471332+00:00
EKHOA,EKHOA.EGX,EKHOA.CA,Egyptian Kuwaiti Holding-EGP,EGX,EGP,Common Stock,EGS69081C023,,UNVERIFIED_NO_FEED_OBSERVATION,false,EODHD exchange-symbol-list/EGX?delisted=1,2026-07-30T20:39:42.471332+00:00
ELWA,ELWA.EGX,ELWA.CA,,EGX,,,,CASE~ELWA,VERIFIED_FEED_OBSERVED,false,retired from legacy operational universe,2026-07-30T20:39:42.471332+00:00
EMRI,EMRI.EGX,EMRI.CA,Emerald Real Estate Investment,EGX,EGP,Common Stock,EGS659E1C017,,UNVERIFIED_NO_FEED_OBSERVATION,false,EODHD exchange-symbol-list/EGX?delisted=1,2026-07-30T20:39:42.471332+00:00
ESAC,ESAC.EGX,ESAC.CA,,EGX,,,,CASE~ESAC,VERIFIED_FEED_OBSERVED,false,retired from legacy operational universe,2026-07-30T20:39:42.471332+00:00
ESGI,ESGI.EGX,ESGI.CA,Egyptian Starch & Glucose,EGX,EGP,Common Stock,EGS30431C018,,UNVERIFIED_NO_FEED_OBSERVATION,false,EODHD exchange-symbol-list/EGX?delisted=1,2026-07-30T20:39:42.471332+00:00
ESRS,ESRS.EGX,ESRS.CA,Ezz Steel,EGX,EGP,Common Stock,EGS3C251C013,CASE~ESRS,VERIFIED_FEED_OBSERVED,false,EODHD exchange-symbol-list/EGX?delisted=1,2026-07-30T20:39:42.471332+00:00
FCMD,FCMD.EGX,FCMD.CA,,EGX,,,,CASE~FCMD,VERIFIED_FEED_OBSERVED,false,retired from legacy operational universe,2026-07-30T20:39:42.471332+00:00
FIRE,FIRE.EGX,FIRE.CA,First Investment Company And Real Estate Development,EGX,EGP,Common Stock,EGS65AL1C010,CASE~FIRE,VERIFIED_FEED_OBSERVED,false,EODHD exchange-symbol-list/EGX?delisted=1,2026-07-30T20:39:42.471332+00:00
FNAR,FNAR.EGX,FNAR.CA,Al Fanar Contracting Construction Trade Import And Export Co,EGX,EGP,Common Stock,EGS221U1C016,CASE~FNAR,VERIFIED_FEED_OBSERVED,false,EODHD exchange-symbol-list/EGX?delisted=1,2026-07-30T20:39:42.471332+00:00
GOCO,GOCO.EGX,GOCO.CA,Golden Coast Company,EGX,EGP,Common Stock,EGS70GV1C015,CASE~GOCO,VERIFIED_FEED_OBSERVED,false,EODHD exchange-symbol-list/EGX?delisted=1,2026-07-30T20:39:42.471332+00:00
GTHE,GTHE.EGX,GTHE.CA,Global Telecom Holding,EGX,EGP,Common Stock,EGS74081C018,CASE~GTHE,VERIFIED_FEED_OBSERVED,false,EODHD exchange-symbol-list/EGX?delisted=1,2026-07-30T20:39:42.471332+00:00
HCFI,HCFI.EGX,HCFI.CA,,EGX,,,,CASE~HCFI,VERIFIED_FEED_OBSERVED,false,retired from legacy operational universe,2026-07-30T20:39:42.471332+00:00
IBCT,IBCT.EGX,IBCT.CA,International Business Corporation For Trading and Agencies,EGX,EGP,Common Stock,EGS550K1C019,CASE~IBCT,VERIFIED_FEED_OBSERVED,false,EODHD exchange-symbol-list/EGX?delisted=1,2026-07-30T20:39:42.471332+00:00
ICAL,ICAL.EGX,ICAL.CA,Inter-Cairo For Aluminum Industry,EGX,EGP,Common Stock,EGS3J2C1C013,,UNVERIFIED_NO_FEED_OBSERVATION,false,EODHD exchange-symbol-list/EGX?delisted=1,2026-07-30T20:39:42.471332+00:00
ICMI,ICMI.EGX,ICMI.CA,International company For Medical Industries -ICMI,EGX,EGP,Common Stock,EGS3I0S1C019,,UNVERIFIED_NO_FEED_OBSERVATION,false,EODHD exchange-symbol-list/EGX?delisted=1,2026-07-30T20:39:42.471332+00:00
IDHC,IDHC.EGX,IDHC.CA,Integrated Diagnostics Holdings Plc,EGX,EGP,Common Stock,EGS99021C015,,UNVERIFIED_NO_FEED_OBSERVATION,false,EODHD exchange-symbol-list/EGX?delisted=1,2026-07-30T20:39:42.471332+00:00
INEG,INEG.EGX,INEG.CA,Integrated Engineering Group S.A.E,EGX,EGP,Common Stock,EGS3E3B1C014,CASE~INEG,VERIFIED_FEED_OBSERVED,false,EODHD exchange-symbol-list/EGX?delisted=1,2026-07-30T20:39:42.471332+00:00
IPPM,IPPM.EGX,IPPM.CA,International Printing & Packaging Materials Co.,EGX,EGP,Common Stock,EGS371R1C019,,UNVERIFIED_NO_FEED_OBSERVATION,false,EODHD exchange-symbol-list/EGX?delisted=1,2026-07-30T20:39:42.471332+00:00
IRAX,IRAX.EGX,IRAX.CA,EL Ezz Aldekhela Steel - Alexandria,EGX,EGP,Common Stock,EGS3D041C017,CASE~IRAX,VERIFIED_FEED_OBSERVED,false,EODHD exchange-symbol-list/EGX?delisted=1,2026-07-30T20:39:42.471332+00:00
MEDP,MEDP.EGX,MEDP.CA,Medical Packaging Company,EGX,EGP,Common Stock,EGS3C4L1C015,,UNVERIFIED_NO_FEED_OBSERVATION,false,EODHD exchange-symbol-list/EGX?alias_of=MEPA,2026-07-30T20:39:42.471332+00:00
MFIN,MFIN.EGX,MFIN.CA,Misr Financial Investments,EGX,EGP,Common Stock,EGS68051C019,,UNVERIFIED_NO_FEED_OBSERVATION,false,EODHD exchange-symbol-list/EGX?delisted=1,2026-07-30T20:39:42.471332+00:00
MISR,MISR.EGX,MISR.CA,,EGX,,,,CASE~MISR,VERIFIED_FEED_OBSERVED,false,retired from legacy operational universe,2026-07-30T20:39:42.471332+00:00
MKIT,MKIT.EGX,MKIT.CA,Misr Kuwait Investment & Trading Co.,EGX,EGP,Common Stock,EGS659O1C015,CASE~MKIT,VERIFIED_FEED_OBSERVED,false,EODHD exchange-symbol-list/EGX?delisted=1,2026-07-30T20:39:42.471332+00:00
MMAT,MMAT.EGX,MMAT.CA,,EGX,,,,CASE~MMAT,VERIFIED_FEED_OBSERVED,false,retired from legacy operational universe,2026-07-30T20:39:42.471332+00:00
MRCO,MRCO.EGX,MRCO.CA,Misr Conditioning (Miraco),EGX,EGP,Common Stock,EGS3G061C012,,UNVERIFIED_NO_FEED_OBSERVATION,false,EODHD exchange-symbol-list/EGX?delisted=1,2026-07-30T20:39:42.471332+00:00
NASR,NASR.EGX,NASR.CA,El Nasr Transformers (El Maco),EGX,EGP,Common Stock,EGS3G191C017,,UNVERIFIED_NO_FEED_OBSERVATION,false,EODHD exchange-symbol-list/EGX?delisted=1,2026-07-30T20:39:42.471332+00:00
NBKE,NBKE.EGX,NBKE.CA,National Bank Of Kuwait- Egypt- NBK,EGX,EGP,Common Stock,EGS60171C013,CASE~NBKE,VERIFIED_FEED_OBSERVED,false,EODHD exchange-symbol-list/EGX?delisted=1,2026-07-30T20:39:42.471332+00:00
NCEM,NCEM.EGX,NCEM.CA,National Cement,EGX,EGP,Common Stock,EGS3C121C018,,UNVERIFIED_NO_FEED_OBSERVATION,false,EODHD exchange-symbol-list/EGX?delisted=1,2026-07-30T20:39:42.471332+00:00
NCGC,NCGC.EGX,NCGC.CA,Nile Cotton Ginning,EGX,EGP,Common Stock,EGS32131C012,CASE~NCGC,VERIFIED_FEED_OBSERVED,false,EODHD exchange-symbol-list/EGX?delisted=1,2026-07-30T20:39:42.471332+00:00
NCIN,NCIN.EGX,NCIN.CA,Nile City Investment,EGX,EGP,Common Stock,EGS67391C010,,UNVERIFIED_NO_FEED_OBSERVATION,false,EODHD exchange-symbol-list/EGX?delisted=1,2026-07-30T20:39:42.471332+00:00
NCMP,NCMP.EGX,NCMP.CA,National company for maize products,EGX,EGP,Common Stock,EGS30761C026,,UNVERIFIED_NO_FEED_OBSERVATION,false,EODHD exchange-symbol-list/EGX?delisted=1,2026-07-30T20:39:42.471332+00:00
NOAF,NOAF.EGX,NOAF.CA,North Africa Co. for Real Estate Investment,EGX,EGP,Common Stock,EGS65A91C012,,UNVERIFIED_NO_FEED_OBSERVATION,false,EODHD exchange-symbol-list/EGX?delisted=1,2026-07-30T20:39:42.471332+00:00
ODHN,ODHN.EGX,ODHN.CA,Orascom Development Holding (AG),EGX,EGP,Common Stock,EGG676K1D011,,UNVERIFIED_NO_FEED_OBSERVATION,false,EODHD exchange-symbol-list/EGX?delisted=1,2026-07-30T20:39:42.471332+00:00
ODID,ODID.EGX,ODID.CA,Odin for Investment & Development,EGX,EGP,Common Stock,EGS7DBU1C018,,UNVERIFIED_NO_FEED_OBSERVATION,false,EODHD exchange-symbol-list/EGX?delisted=1,2026-07-30T20:39:42.471332+00:00
OREG,OREG.EGX,OREG.CA,Orange Egypt For Telecommunications,EGX,EGP,Common Stock,EGS48011C018,,UNVERIFIED_NO_FEED_OBSERVATION,false,EODHD exchange-symbol-list/EGX?delisted=1,2026-07-30T20:39:42.471332+00:00
ORMT,ORMT.EGX,ORMT.CA,Orascom Investment Holding,EGX,EGP,Common Stock,EGS693V1C014,,UNVERIFIED_NO_FEED_OBSERVATION,false,EODHD exchange-symbol-list/EGX?alias_of=OIH,2026-07-30T20:39:42.471332+00:00
PACH,PACH.EGX,PACH.CA,Paint & Chemicals Industries (Pachin),EGX,EGP,Common Stock,EGS38311C014,CASE~PACH,VERIFIED_FEED_OBSERVED,false,EODHD exchange-symbol-list/EGX?delisted=1,2026-07-30T20:39:42.471332+00:00
QNBA,QNBA.EGX,QNBA.CA,Qatar National Bank,EGX,EGP,Common Stock,EGS60081C014,,UNVERIFIED_NO_FEED_OBSERVATION,false,EODHD exchange-symbol-list/EGX?alias_of=QNBE,2026-07-30T20:39:42.471332+00:00
REAC,REAC.EGX,REAC.CA,Reacap Financial Investments,EGX,EGP,Common Stock,EGS69191C012,,UNVERIFIED_NO_FEED_OBSERVATION,false,EODHD exchange-symbol-list/EGX?delisted=1,2026-07-30T20:39:42.471332+00:00
RKAZ,RKAZ.EGX,RKAZ.CA,REKAZ Financial Holding,EGX,EGP,Common Stock,EGS521T1C016,CASE~RKAZ,VERIFIED_FEED_OBSERVED,false,EODHD exchange-symbol-list/EGX?delisted=1,2026-07-30T20:39:42.471332+00:00
RMTV,RMTV.EGX,RMTV.CA,Rowad Misr Tourism Investment,EGX,EGP,Common Stock,EGS70131C015,CASE~RMTV,VERIFIED_FEED_OBSERVED,false,EODHD exchange-symbol-list/EGX?delisted=1,2026-07-30T20:39:42.471332+00:00
SBAG,SBAG.EGX,SBAG.CA,Suez Bags,EGX,EGP,Common Stock,EGS36041C019,,UNVERIFIED_NO_FEED_OBSERVATION,false,EODHD exchange-symbol-list/EGX?delisted=1,2026-07-30T20:39:42.471332+00:00
SMCS,SMCS.EGX,SMCS.CA,Samcrete Misr,EGX,EGP,Common Stock,EGS21071C021,,UNVERIFIED_NO_FEED_OBSERVATION,false,EODHD exchange-symbol-list/EGX?delisted=1,2026-07-30T20:39:42.471332+00:00
SMCSA,SMCSA.EGX,SMCSA.CA,Samcrete Misr Preferred Shares,EGX,EGP,Common Stock,EGS21071P015,,UNVERIFIED_NO_FEED_OBSERVATION,false,EODHD exchange-symbol-list/EGX?delisted=1,2026-07-30T20:39:42.471332+00:00
SMPP,SMPP.EGX,SMPP.CA,Modern Shorouk Printing & Packaging,EGX,EGP,Common Stock,EGS3A0A1C016,CASE~SMPP,VERIFIED_FEED_OBSERVED,false,EODHD exchange-symbol-list/EGX?delisted=1,2026-07-30T20:39:42.471332+00:00
SNFI,SNFI.EGX,SNFI.CA,,EGX,,,,CASE~SNFI,VERIFIED_FEED_OBSERVED,false,retired from legacy operational universe,2026-07-30T20:39:42.471332+00:00
SUCE,SUCE.EGX,SUCE.CA,Suez Cement,EGX,EGP,Common Stock,EGS3C181C012,CASE~SUCE,VERIFIED_FEED_OBSERVED,false,EODHD exchange-symbol-list/EGX?delisted=1,2026-07-30T20:39:42.471332+00:00
TORA,TORA.EGX,TORA.CA,Torah Cement,EGX,EGP,Common Stock,EGS3C311C015,CASE~TORA,VERIFIED_FEED_OBSERVED,false,EODHD exchange-symbol-list/EGX?delisted=1,2026-07-30T20:39:42.471332+00:00
TOUR,TOUR.EGX,TOUR.CA,Tourism Urbanization,EGX,EGP,Common Stock,EGS65021C015,,UNVERIFIED_NO_FEED_OBSERVATION,false,EODHD exchange-symbol-list/EGX?delisted=1,2026-07-30T20:39:42.471332+00:00
UASG,UASG.EGX,UASG.CA,United Arab Shipping,EGX,EGP,Common Stock,EGS47021C018,CASE~UASG,VERIFIED_FEED_OBSERVED,false,EODHD exchange-symbol-list/EGX?delisted=1,2026-07-30T20:39:42.471332+00:00
UNBE,UNBE.EGX,UNBE.CA,"Union National Bank - Egypt "" UNB-E",EGX,EGP,Common Stock,EGS60051C017,,UNVERIFIED_NO_FEED_OBSERVATION,false,EODHD exchange-symbol-list/EGX?delisted=1,2026-07-30T20:39:42.471332+00:00
UPMS,UPMS.EGX,UPMS.CA,Union Pharmacist Company For Medical Services and Investment,EGX,EGP,Common Stock,EGS3I1D1C015,CASE~UPMS,VERIFIED_FEED_OBSERVED,false,EODHD exchange-symbol-list/EGX?delisted=1,2026-07-30T20:39:42.471332+00:00
VERT,VERT.EGX,VERT.CA,Vertika for Industry & Trade,EGX,EGP,Common Stock,EGS74801C019,CASE~VERT,VERIFIED_FEED_OBSERVED,false,EODHD exchange-symbol-list/EGX?delisted=1,2026-07-30T20:39:42.471332+00:00
WACE,WACE.EGX,WACE.CA,El Wadi For International and Investement Development,EGX,EGP,Common Stock,EGS51161C015,,UNVERIFIED_NO_FEED_OBSERVATION,false,EODHD exchange-symbol-list/EGX?delisted=1,2026-07-30T20:39:42.471332+00:00
WATP,WATP.EGX,WATP.CA,Modern Company For Water Proofing (Bitumode),EGX,EGP,Common Stock,EGS3J041C011,,UNVERIFIED_NO_FEED_OBSERVATION,false,EODHD exchange-symbol-list/EGX?delisted=1,2026-07-30T20:39:42.471332+00:00
