# EGX quoted spreads, median of bid/ask over the session.
# measured_from=2026-08-02 measured_to=2026-08-26 generated=2026-08-26
# Symbols with fewer than 50 quotes are omitted rather
# than estimated; a caller finding no row must fall back, not guess.
# Applying these to older trades assumes spread is a stable property
# of the symbol. It is an assumption, and a better one than a flat rate.
ticker,median_spread_percent,p25_spread_percent,p75_spread_percent,quotes
COMI,0.036,0.0145,0.0731,177298
FWRY,0.0531,0.0523,0.1541,160606
TMGH,0.0722,0.0405,0.1316,199372
ABUK,0.0928,0.041,0.1685,163082
MFPC,0.1009,0.0506,0.1702,144074
HRHO,0.1123,0.0721,0.1854,94648
SKPC,0.1213,0.0611,0.2316,106792
GDWA,0.1235,0.1226,0.1291,72767
EFIH,0.1251,0.043,0.2086,162077
ORHD,0.1254,0.0714,0.2264,142719
PHDC,0.1297,0.0659,0.196,163679
MASR,0.1301,0.1263,0.1327,170452
ADIB,0.1317,0.0736,0.2232,117877
ORAS,0.1322,0.0972,0.253,156150
HELI,0.1324,0.1214,0.2424,108453
ZMID,0.1369,0.1298,0.2491,112317
EAST,0.1395,0.0825,0.2469,61834
RAYA,0.14,0.1354,0.2706,120961
EGCH,0.1413,0.0713,0.2218,101440
MOED,0.1461,0.1294,0.2541,121510
ISPH,0.1478,0.0755,0.2303,220880
VLMRA,0.167,0.0988,0.2995,61534
AMOC,0.1679,0.1049,0.2709,165356
EMFD,0.1682,0.0847,0.2567,92587
CLHO,0.1691,0.058,0.2874,120273
NCCW,0.1711,0.1633,0.3413,76344
RMDA,0.1729,0.1589,0.3247,162883
ATQA,0.1768,0.0923,0.2706,114682
ETEL,0.183,0.0826,0.3415,155572
JUFO,0.1833,0.0873,0.3025,119497
VALU,0.1847,0.0918,0.3578,63315
SVCE,0.1864,0.1058,0.3546,132407
EGAL,0.1867,0.1153,0.2878,165045
MTIE,0.1871,0.1059,0.3342,120143
ORWE,0.1874,0.1133,0.3082,107567
CCAP,0.1878,0.1781,0.1899,157609
ETRS,0.1889,0.0944,0.3714,49075
TAQA,0.1921,0.0666,0.2688,85254
PHAR,0.1956,0.0961,0.316,304895
RACC,0.1986,0.0996,0.3079,59113
ISMQ,0.2039,0.108,0.3104,74875
CNFN,0.2043,0.2018,0.4057,32556
SPMD,0.2086,0.2068,0.4065,60345
OBRI,0.2143,0.0927,0.373,78666
SAUD,0.2144,0.1236,0.3693,53224
EFID,0.215,0.1195,0.3263,133668
BONY,0.2176,0.2068,0.4132,92311
GBCO,0.2193,0.108,0.3565,88245
RREI,0.2205,0.213,0.4367,61256
SIPC,0.2205,0.2026,0.4283,124468
ALCN,0.2219,0.0993,0.3723,72485
ELSH,0.222,0.1415,0.3752,63726
OFH,0.2278,0.1159,0.3914,92550
KRDI,0.2384,0.2186,0.2561,156135
COPR,0.2413,0.1963,0.3953,119056
CIEB,0.2413,0.1225,0.4132,39781
ADPC,0.2436,0.2286,0.4454,91076
NIPH,0.2443,0.1409,0.3697,323754
EXPA,0.2448,0.1432,0.4343,50123
POUL,0.2518,0.1317,0.4555,57386
ARCC,0.2524,0.1292,0.4225,162028
IFAP,0.2552,0.1447,0.4422,58078
SUGR,0.2638,0.144,0.4442,75772
UNIP,0.2663,0.2491,0.5013,62960
AIDC,0.2809,0.1413,0.437,58720
HDBK,0.2811,0.1531,0.4363,64602
BIOC,0.2821,0.1767,0.5391,243633
ASCM,0.2892,0.148,0.4593,80696
AMER,0.2963,0.1668,0.4699,179714
ICFC,0.299,0.1727,0.5041,81351
KORA,0.2999,0.2972,0.3008,87891
OLFI,0.3023,0.1606,0.5143,68757
GTWL,0.3029,0.185,0.4759,227381
MPCI,0.3089,0.222,0.5409,163696
FAITA,0.3098,0.1035,0.6173,3701
OCDI,0.312,0.185,0.5573,77599
SCEM,0.3147,0.1679,0.4918,168418
BTFH,0.3221,0.317,0.3252,120231
PRDC,0.3235,0.209,0.5283,54989
RUBX,0.326,0.1629,0.5638,47768
KZPC,0.3339,0.1859,0.5615,59443
DTPP,0.335,0.2366,0.6034,103593
ODIN,0.3384,0.2954,0.6135,86883
ACGC,0.3428,0.18,0.5623,71096
EHDR,0.3431,0.3263,0.3604,56864
SWDY,0.3435,0.1884,0.4756,161452
EEII,0.3454,0.3295,0.6309,49815
KABO,0.3503,0.2088,0.6064,54090
CANA,0.3519,0.1948,0.5487,49770
TALM,0.3543,0.1642,0.5453,75284
TYCN,0.3578,0.1989,0.6183,101353
ATLC,0.361,0.1857,0.5469,42431
ACTF,0.3617,0.3604,0.3656,51383
SNFC,0.3623,0.1838,0.4796,39711
MBSC,0.3699,0.239,0.5757,109806
NINH,0.3712,0.1955,0.6166,84384
EGTS,0.3795,0.2076,0.5845,53011
GSSC,0.382,0.2978,0.6804,28237
DGTZ,0.3824,0.3752,0.7547,19977
ASPI,0.3824,0.2035,0.6018,83344
FERC,0.3827,0.1979,0.5922,53950
PRMH,0.3883,0.3617,0.7168,41736
ZEOT,0.3914,0.2187,0.6899,66293
NHPS,0.3924,0.2145,0.5348,65198
CRST,0.3929,0.318,0.4706,166375
CCRS,0.3945,0.349,0.6757,50821
HBCO,0.3954,0.1982,0.7306,66574
EPCO,0.396,0.1781,0.6689,60229
MCQE,0.3976,0.2451,0.6998,110695
CICH,0.3976,0.2376,0.6894,25861
QNBE,0.3981,0.2144,0.6385,40009
SPIN,0.4049,0.2109,0.6349,54671
AFMC,0.4073,0.2389,0.6847,210829
ARAB,0.409,0.404,0.4141,91010
PRCL,0.4091,0.2014,0.6411,48881
INFI,0.4175,0.2483,0.5978,131334
MICH,0.4199,0.2112,0.6716,83312
ACAP,0.4233,0.2183,0.6342,35790
UBEE,0.4243,0.2708,0.6734,13695
ALUM,0.4246,0.2226,0.7168,53970
EFIC,0.4254,0.2359,0.6567,67381
GOUR,0.4296,0.2087,0.6693,49736
MOIL,0.4435,0.2937,0.7326,14452
ACAMD,0.4454,0.4283,0.4773,74575
MILS,0.4512,0.2711,0.7141,120854
AJWA,0.4512,0.2582,0.6625,50232
AMES,0.4529,0.2675,0.6859,137770
SMFR,0.4549,0.3328,0.7622,65769
OCPH,0.4552,0.2972,0.7764,81291
AALR,0.4556,0.2886,0.6885,105995
NARE,0.4558,0.2365,0.6893,49425
CSAG,0.4581,0.2503,0.7313,58272
ELEC,0.4598,0.4556,0.4684,99344
MPCO,0.4619,0.4435,0.4914,142676
UEGC,0.4684,0.404,0.7463,67559
LCSW,0.4689,0.2575,0.7388,67175
DOMT,0.4714,0.2417,0.7403,39811
MAAL,0.4739,0.2307,0.8014,35565
CIRA,0.4766,0.2635,0.6965,52467
EALR,0.4772,0.2466,0.7325,78801
SCTS,0.4827,0.3065,0.7865,33045
ISMA,0.4858,0.2576,0.7876,63958
MPRC,0.4882,0.2977,0.7503,41292
DSCW,0.4914,0.4751,0.5141,91703
KWIN,0.4931,0.3026,0.7949,94972
AMIA,0.5019,0.2918,0.8564,79606
BINV,0.5089,0.3029,0.7725,16678
EGAS,0.5159,0.2961,0.7663,64580
RTVC,0.5168,0.2621,0.7843,18372
EBSC,0.5168,0.5013,1.0101,26908
MBEG,0.524,0.3003,0.8565,48151
LUTS,0.5277,0.1806,0.6645,223932
MEPA,0.5277,0.5168,0.5362,63266
ECAP,0.528,0.2911,0.8759,40288
TANM,0.5296,0.2954,0.9033,38163
MOIN,0.5308,0.2774,0.8559,80403
SCFM,0.5317,0.3112,0.8035,48361
MHOT,0.533,0.2869,0.925,48672
ROTO,0.5333,0.3005,0.804,44791
WKOL,0.5383,0.2825,0.8299,66550
CPCI,0.5479,0.3285,0.8261,47072
DAPH,0.5508,0.3351,0.7728,80890
COSG,0.551,0.5362,0.5865,75003
MENA,0.5525,0.2649,0.929,18685
GRCA,0.5585,0.3091,0.8641,69107
IDRE,0.5616,0.3339,0.8769,49269
IRON,0.5639,0.2888,0.9274,44424
MOSC,0.5683,0.2981,0.863,54049
GIHD,0.5688,0.3007,0.8587,69727
CEFM,0.5689,0.3339,0.7695,59947
ELKA,0.5731,0.5666,0.5797,91910
OIH,0.5797,0.5362,0.6231,76962
CAED,0.5807,0.3567,0.8467,90722
IEEC,0.59,0.2242,0.8658,144310
TWSA,0.6107,0.3077,0.9132,22665
ENGC,0.6159,0.3606,0.9229,54973
EGBE,0.6179,0.354,1.25,12405
AXPH,0.625,0.3377,1.0619,42199
ADCI,0.6337,0.325,0.9916,69470
MCRO,0.6431,0.6349,0.6601,143225
EASB,0.6439,0.3766,0.929,30501
UEFM,0.6503,0.349,0.9712,14408
FAIT,0.6536,0.3238,0.9456,22742
AREH,0.6557,0.639,0.6689,50835
WCDF,0.6563,0.3527,1.0707,18096
AFDI,0.6579,0.3591,1.0253,61698
KASABF,0.6689,0.3396,1.2422,54805
GGRN,0.6873,0.678,0.7018,47392
ICID,0.722,0.379,1.1991,49217
SEIG,0.7538,0.383,1.1715,23729
CERA,0.7605,0.7491,0.7722,32428
MFSC,0.7864,0.4539,1.2136,49409
APSW,0.8014,0.4479,1.3529,12009
GPIM,0.8163,0.7491,0.8368,33398
GGCC,0.8163,0.3245,0.9852,105781
EDFM,0.9266,0.4772,1.2685,11892
UNIT,0.9479,0.5041,1.4478,28392
CFGH,0.9569,0.8811,1.9048,3563
NAPR,0.962,0.5962,1.5707,17423
NAHO,0.9756,0.8163,1.6393,6971
SDTI,0.9947,0.5865,1.4101,36012
NEDA,1.0929,0.7194,1.4599,5832
PHGC,1.1173,1.1173,1.1299,43909
MIPH,1.1217,0.6447,1.6622,19859
EGREF,1.3713,0.7241,2.0881,36582
EGSA,1.4664,1.1442,1.7114,1818
FTNS,1.4706,0.738,2.1818,9565
GMCI,1.519,1.005,2.0305,6517
ELNA,1.568,1.0681,2.1562,3844
PHTV,1.5952,0.9402,2.7,16127
EPPK,1.9194,0.8305,2.9664,9071
UTOP,1.9453,0.7722,3.2072,23790
RAKT,2.2482,1.7102,2.7409,4299
GTEX,2.5974,2.3529,2.6667,1907
TRTO,2.8169,2.0619,5.7143,2853
CPME,4.3722,2.6396,6.5068,10329
EOSB,4.4164,1.2422,5.0,241
