canonical_ticker,company_name,sector_id,sector_name,sector_rank,market_cap_egp,source,source_as_of,workbook_sha256
AALR,"General Company For Land Reclamation,Development & Reconstru",construction,Construction,8,1895126100,EGX sector workbook (EGX_Active_Stocks_By_Sector_Market_Cap.xlsx),2026-08-10 - EGX 'last trading date' on company pages,2758a5ec68ee56bdc836196bd8b72ddb7b8e3dbdfb120053610bd425dd97aa59
ABUK,Abou Kir Fertilizers,basic_resources,Basic Resources,3,92937146778,EGX sector workbook (EGX_Active_Stocks_By_Sector_Market_Cap.xlsx),2026-08-10 - EGX 'last trading date' on company pages,2758a5ec68ee56bdc836196bd8b72ddb7b8e3dbdfb120053610bd425dd97aa59
ACAMD,Arab Co. for Asset Management And Development,real_estate,Real Estate,18,3018901043,EGX sector workbook (EGX_Active_Stocks_By_Sector_Market_Cap.xlsx),2026-08-10 - EGX 'last trading date' on company pages,2758a5ec68ee56bdc836196bd8b72ddb7b8e3dbdfb120053610bd425dd97aa59
ACAP,A Capital Holding,real_estate,Real Estate,11,6698339502,EGX sector workbook (EGX_Active_Stocks_By_Sector_Market_Cap.xlsx),2026-08-10 - EGX 'last trading date' on company pages,2758a5ec68ee56bdc836196bd8b72ddb7b8e3dbdfb120053610bd425dd97aa59
ACFR,Alexandria Company For Refractories,building_materials,Building Materials,14,196837850,EGX sector workbook (EGX_Active_Stocks_By_Sector_Market_Cap.xlsx),2026-08-10 - EGX 'last trading date' on company pages,2758a5ec68ee56bdc836196bd8b72ddb7b8e3dbdfb120053610bd425dd97aa59
ACGC,Arab Cotton Ginning,textile_durable_goods,Textile & Durable Goods,5,2984474979,EGX sector workbook (EGX_Active_Stocks_By_Sector_Market_Cap.xlsx),2026-08-10 - EGX 'last trading date' on company pages,2758a5ec68ee56bdc836196bd8b72ddb7b8e3dbdfb120053610bd425dd97aa59
ACTF,Act Financial,non_bank_financial_services,Non-bank Financial Services,15,3164922451,EGX sector workbook (EGX_Active_Stocks_By_Sector_Market_Cap.xlsx),2026-08-10 - EGX 'last trading date' on company pages,2758a5ec68ee56bdc836196bd8b72ddb7b8e3dbdfb120053610bd425dd97aa59
ADCI,Arab Pharmaceuticals,health_care_pharmaceuticals,Health Care & Pharmaceuticals,15,4092960000,EGX sector workbook (EGX_Active_Stocks_By_Sector_Market_Cap.xlsx),2026-08-10 - EGX 'last trading date' on company pages,2758a5ec68ee56bdc836196bd8b72ddb7b8e3dbdfb120053610bd425dd97aa59
ADIB,Abu Dhabi Islamic Bank- Egypt,banks,Banks,4,80565000000,EGX sector workbook (EGX_Active_Stocks_By_Sector_Market_Cap.xlsx),2026-08-10 - EGX 'last trading date' on company pages,2758a5ec68ee56bdc836196bd8b72ddb7b8e3dbdfb120053610bd425dd97aa59
ADPC,The Arab Dairy Products Co. Arab Dairy - Panda,food_and_beverages,Food and Beverages,17,2208496300,EGX sector workbook (EGX_Active_Stocks_By_Sector_Market_Cap.xlsx),2026-08-10 - EGX 'last trading date' on company pages,2758a5ec68ee56bdc836196bd8b72ddb7b8e3dbdfb120053610bd425dd97aa59
AFDI,El Ahli Investment and Development,non_bank_financial_services,Non-bank Financial Services,21,1168200000,EGX sector workbook (EGX_Active_Stocks_By_Sector_Market_Cap.xlsx),2026-08-10 - EGX 'last trading date' on company pages,2758a5ec68ee56bdc836196bd8b72ddb7b8e3dbdfb120053610bd425dd97aa59
AFMC,Alexandria Flour Mills,food_and_beverages,Food and Beverages,7,7361179916,EGX sector workbook (EGX_Active_Stocks_By_Sector_Market_Cap.xlsx),2026-08-10 - EGX 'last trading date' on company pages,2758a5ec68ee56bdc836196bd8b72ddb7b8e3dbdfb120053610bd425dd97aa59
AIDC,Arabia for Investment and Development,non_bank_financial_services,Non-bank Financial Services,22,1106271376,EGX sector workbook (EGX_Active_Stocks_By_Sector_Market_Cap.xlsx),2026-08-10 - EGX 'last trading date' on company pages,2758a5ec68ee56bdc836196bd8b72ddb7b8e3dbdfb120053610bd425dd97aa59
AIFI,Atlas For Investment and Food Industries,real_estate,Real Estate,19,2475263610,EGX sector workbook (EGX_Active_Stocks_By_Sector_Market_Cap.xlsx),2026-08-10 - EGX 'last trading date' on company pages,2758a5ec68ee56bdc836196bd8b72ddb7b8e3dbdfb120053610bd425dd97aa59
AIHC,Arabia Investments Holding,non_bank_financial_services,Non-bank Financial Services,27,791529379,EGX sector workbook (EGX_Active_Stocks_By_Sector_Market_Cap.xlsx),2026-08-10 - EGX 'last trading date' on company pages,2758a5ec68ee56bdc836196bd8b72ddb7b8e3dbdfb120053610bd425dd97aa59
AJWA,AJWA for Food Industries company Egypt,food_and_beverages,Food and Beverages,12,3739534377,EGX sector workbook (EGX_Active_Stocks_By_Sector_Market_Cap.xlsx),2026-08-10 - EGX 'last trading date' on company pages,2758a5ec68ee56bdc836196bd8b72ddb7b8e3dbdfb120053610bd425dd97aa59
ALCN,Alexandria Containers and goods,shipping_transportation_services,Shipping & Transportation Services,1,91470858760,EGX sector workbook (EGX_Active_Stocks_By_Sector_Market_Cap.xlsx),2026-08-10 - EGX 'last trading date' on company pages,2758a5ec68ee56bdc836196bd8b72ddb7b8e3dbdfb120053610bd425dd97aa59
ALUM,Arab Aluminum,basic_resources,Basic Resources,14,1070355075,EGX sector workbook (EGX_Active_Stocks_By_Sector_Market_Cap.xlsx),2026-08-10 - EGX 'last trading date' on company pages,2758a5ec68ee56bdc836196bd8b72ddb7b8e3dbdfb120053610bd425dd97aa59
AMER,Amer Group Holding,real_estate,Real Estate,13,5850078163,EGX sector workbook (EGX_Active_Stocks_By_Sector_Market_Cap.xlsx),2026-08-10 - EGX 'last trading date' on company pages,2758a5ec68ee56bdc836196bd8b72ddb7b8e3dbdfb120053610bd425dd97aa59
AMES,Alexandria New Medical Center,health_care_pharmaceuticals,Health Care & Pharmaceuticals,5,15115485528,EGX sector workbook (EGX_Active_Stocks_By_Sector_Market_Cap.xlsx),2026-08-10 - EGX 'last trading date' on company pages,2758a5ec68ee56bdc836196bd8b72ddb7b8e3dbdfb120053610bd425dd97aa59
AMIA,Arab Moltaka Investments Co,non_bank_financial_services,Non-bank Financial Services,11,6504668947,EGX sector workbook (EGX_Active_Stocks_By_Sector_Market_Cap.xlsx),2026-08-10 - EGX 'last trading date' on company pages,2758a5ec68ee56bdc836196bd8b72ddb7b8e3dbdfb120053610bd425dd97aa59
AMII,Arabian Metal Industries And Industrial Investments,building_materials,Building Materials,11,1034210461,EGX sector workbook (EGX_Active_Stocks_By_Sector_Market_Cap.xlsx),2026-08-10 - EGX 'last trading date' on company pages,2758a5ec68ee56bdc836196bd8b72ddb7b8e3dbdfb120053610bd425dd97aa59
AMOC,Alexandria Mineral Oils Company,energy_support_services,Energy & Support Services,3,11855970000,EGX sector workbook (EGX_Active_Stocks_By_Sector_Market_Cap.xlsx),2026-08-10 - EGX 'last trading date' on company pages,2758a5ec68ee56bdc836196bd8b72ddb7b8e3dbdfb120053610bd425dd97aa59
ANCC,ALNAHDA Industrial Co,building_materials,Building Materials,12,756000000,EGX sector workbook (EGX_Active_Stocks_By_Sector_Market_Cap.xlsx),2026-08-10 - EGX 'last trading date' on company pages,2758a5ec68ee56bdc836196bd8b72ddb7b8e3dbdfb120053610bd425dd97aa59
APSW,ARAB POLVARA SPINNING & WEAVING CO.,textile_durable_goods,Textile & Durable Goods,9,818820534,EGX sector workbook (EGX_Active_Stocks_By_Sector_Market_Cap.xlsx),2026-08-10 - EGX 'last trading date' on company pages,2758a5ec68ee56bdc836196bd8b72ddb7b8e3dbdfb120053610bd425dd97aa59
ARAB,Arab Developers Holding,real_estate,Real Estate,12,5856226031,EGX sector workbook (EGX_Active_Stocks_By_Sector_Market_Cap.xlsx),2026-08-10 - EGX 'last trading date' on company pages,2758a5ec68ee56bdc836196bd8b72ddb7b8e3dbdfb120053610bd425dd97aa59
ARCC,Arabian Cement Company,building_materials,Building Materials,1,23879056247,EGX sector workbook (EGX_Active_Stocks_By_Sector_Market_Cap.xlsx),2026-08-10 - EGX 'last trading date' on company pages,2758a5ec68ee56bdc836196bd8b72ddb7b8e3dbdfb120053610bd425dd97aa59
AREH,Egyptian Real Estate Group,real_estate,Real Estate,31,612000000,EGX sector workbook (EGX_Active_Stocks_By_Sector_Market_Cap.xlsx),2026-08-10 - EGX 'last trading date' on company pages,2758a5ec68ee56bdc836196bd8b72ddb7b8e3dbdfb120053610bd425dd97aa59
ASCM,ASEC Company For Mining - ASCOM,basic_resources,Basic Resources,12,3399500000,EGX sector workbook (EGX_Active_Stocks_By_Sector_Market_Cap.xlsx),2026-08-10 - EGX 'last trading date' on company pages,2758a5ec68ee56bdc836196bd8b72ddb7b8e3dbdfb120053610bd425dd97aa59
ASPI,Aspire Capital Holding For Financial Investments,non_bank_financial_services,Non-bank Financial Services,24,1002000000,EGX sector workbook (EGX_Active_Stocks_By_Sector_Market_Cap.xlsx),2026-08-10 - EGX 'last trading date' on company pages,2758a5ec68ee56bdc836196bd8b72ddb7b8e3dbdfb120053610bd425dd97aa59
ATLC,Al Tawfeek Leasing Company-A.T.LEASE,non_bank_financial_services,Non-bank Financial Services,16,2192000000,EGX sector workbook (EGX_Active_Stocks_By_Sector_Market_Cap.xlsx),2026-08-10 - EGX 'last trading date' on company pages,2758a5ec68ee56bdc836196bd8b72ddb7b8e3dbdfb120053610bd425dd97aa59
ATQA,Misr National Steel - Ataqa,basic_resources,Basic Resources,9,12840000000,EGX sector workbook (EGX_Active_Stocks_By_Sector_Market_Cap.xlsx),2026-08-10 - EGX 'last trading date' on company pages,2758a5ec68ee56bdc836196bd8b72ddb7b8e3dbdfb120053610bd425dd97aa59
AXPH,Alexandria Pharmaceuticals,health_care_pharmaceuticals,Health Care & Pharmaceuticals,13,6704550000,EGX sector workbook (EGX_Active_Stocks_By_Sector_Market_Cap.xlsx),2026-08-10 - EGX 'last trading date' on company pages,2758a5ec68ee56bdc836196bd8b72ddb7b8e3dbdfb120053610bd425dd97aa59
BINV,B Investments Holding,non_bank_financial_services,Non-bank Financial Services,8,10667022096,EGX sector workbook (EGX_Active_Stocks_By_Sector_Market_Cap.xlsx),2026-08-10 - EGX 'last trading date' on company pages,2758a5ec68ee56bdc836196bd8b72ddb7b8e3dbdfb120053610bd425dd97aa59
BIOC,Glaxo Smith Kline,health_care_pharmaceuticals,Health Care & Pharmaceuticals,1,43427384000,EGX sector workbook (EGX_Active_Stocks_By_Sector_Market_Cap.xlsx),2026-08-10 - EGX 'last trading date' on company pages,2758a5ec68ee56bdc836196bd8b72ddb7b8e3dbdfb120053610bd425dd97aa59
BONY,Bonyan for Development and Trade,real_estate,Real Estate,9,8474292841,EGX sector workbook (EGX_Active_Stocks_By_Sector_Market_Cap.xlsx),2026-08-10 - EGX 'last trading date' on company pages,2758a5ec68ee56bdc836196bd8b72ddb7b8e3dbdfb120053610bd425dd97aa59
BQDC,Banque Du Caire,banks,Banks,7,30500000000,EGX sector workbook (EGX_Active_Stocks_By_Sector_Market_Cap.xlsx),2026-08-10 - EGX 'last trading date' on company pages,2758a5ec68ee56bdc836196bd8b72ddb7b8e3dbdfb120053610bd425dd97aa59
BTFH,Beltone Holding,non_bank_financial_services,Non-bank Financial Services,3,33118950457,EGX sector workbook (EGX_Active_Stocks_By_Sector_Market_Cap.xlsx),2026-08-10 - EGX 'last trading date' on company pages,2758a5ec68ee56bdc836196bd8b72ddb7b8e3dbdfb120053610bd425dd97aa59
CAED,Cairo Educational Services,education_services,Education Services,5,1444560000,EGX sector workbook (EGX_Active_Stocks_By_Sector_Market_Cap.xlsx),2026-08-10 - EGX 'last trading date' on company pages,2758a5ec68ee56bdc836196bd8b72ddb7b8e3dbdfb120053610bd425dd97aa59
CANA,Suez Canal Bank S.A.E,banks,Banks,5,40750000000,EGX sector workbook (EGX_Active_Stocks_By_Sector_Market_Cap.xlsx),2026-08-10 - EGX 'last trading date' on company pages,2758a5ec68ee56bdc836196bd8b72ddb7b8e3dbdfb120053610bd425dd97aa59
CCAP,QALAA For Financial Investments,non_bank_financial_services,Non-bank Financial Services,6,16629164278,EGX sector workbook (EGX_Active_Stocks_By_Sector_Market_Cap.xlsx),2026-08-10 - EGX 'last trading date' on company pages,2758a5ec68ee56bdc836196bd8b72ddb7b8e3dbdfb120053610bd425dd97aa59
CCRS,Gulf Canadian Real Estate Investment Co.,real_estate,Real Estate,32,518700000,EGX sector workbook (EGX_Active_Stocks_By_Sector_Market_Cap.xlsx),2026-08-10 - EGX 'last trading date' on company pages,2758a5ec68ee56bdc836196bd8b72ddb7b8e3dbdfb120053610bd425dd97aa59
CEFM,Middle Egypt Flour Mills,food_and_beverages,Food and Beverages,21,1984798867,EGX sector workbook (EGX_Active_Stocks_By_Sector_Market_Cap.xlsx),2026-08-10 - EGX 'last trading date' on company pages,2758a5ec68ee56bdc836196bd8b72ddb7b8e3dbdfb120053610bd425dd97aa59
CERA,The Arab Ceramic CO.- Ceramica Remas,building_materials,Building Materials,9,1423125000,EGX sector workbook (EGX_Active_Stocks_By_Sector_Market_Cap.xlsx),2026-08-10 - EGX 'last trading date' on company pages,2758a5ec68ee56bdc836196bd8b72ddb7b8e3dbdfb120053610bd425dd97aa59
CFGH,Concrete Fashion Group For Commercial& Industrial Investment,textile_durable_goods,Textile & Durable Goods,6,2438409145,EGX sector workbook (EGX_Active_Stocks_By_Sector_Market_Cap.xlsx),2026-08-10 - EGX 'last trading date' on company pages,2758a5ec68ee56bdc836196bd8b72ddb7b8e3dbdfb120053610bd425dd97aa59
CICH,CI Capital Holding For Financial Investments,non_bank_financial_services,Non-bank Financial Services,7,12480000000,EGX sector workbook (EGX_Active_Stocks_By_Sector_Market_Cap.xlsx),2026-08-10 - EGX 'last trading date' on company pages,2758a5ec68ee56bdc836196bd8b72ddb7b8e3dbdfb120053610bd425dd97aa59
CIEB,Credit Agricole Egypt,banks,Banks,6,30612500000,EGX sector workbook (EGX_Active_Stocks_By_Sector_Market_Cap.xlsx),2026-08-10 - EGX 'last trading date' on company pages,2758a5ec68ee56bdc836196bd8b72ddb7b8e3dbdfb120053610bd425dd97aa59
CIRA,Cairo For Investment And Real Estate Developments-CIRA Edu,education_services,Education Services,2,22437427513,EGX sector workbook (EGX_Active_Stocks_By_Sector_Market_Cap.xlsx),2026-08-10 - EGX 'last trading date' on company pages,2758a5ec68ee56bdc836196bd8b72ddb7b8e3dbdfb120053610bd425dd97aa59
CLHO,Cleopatra Hospital Company,health_care_pharmaceuticals,Health Care & Pharmaceuticals,3,25959651004,EGX sector workbook (EGX_Active_Stocks_By_Sector_Market_Cap.xlsx),2026-08-10 - EGX 'last trading date' on company pages,2758a5ec68ee56bdc836196bd8b72ddb7b8e3dbdfb120053610bd425dd97aa59
CNFN,Contact Financial Holding,non_bank_financial_services,Non-bank Financial Services,12,5936991040,EGX sector workbook (EGX_Active_Stocks_By_Sector_Market_Cap.xlsx),2026-08-10 - EGX 'last trading date' on company pages,2758a5ec68ee56bdc836196bd8b72ddb7b8e3dbdfb120053610bd425dd97aa59
COMI,Commercial International Bank-Egypt (CIB),banks,Banks,1,476719474000,EGX sector workbook (EGX_Active_Stocks_By_Sector_Market_Cap.xlsx),2026-08-10 - EGX 'last trading date' on company pages,2758a5ec68ee56bdc836196bd8b72ddb7b8e3dbdfb120053610bd425dd97aa59
COPR,Copper For Commercial Investment & Real Estate Development,construction,Construction,12,643270067,EGX sector workbook (EGX_Active_Stocks_By_Sector_Market_Cap.xlsx),2026-08-10 - EGX 'last trading date' on company pages,2758a5ec68ee56bdc836196bd8b72ddb7b8e3dbdfb120053610bd425dd97aa59
COSG,Cairo Oils & Soap,food_and_beverages,Food and Beverages,27,1067040000,EGX sector workbook (EGX_Active_Stocks_By_Sector_Market_Cap.xlsx),2026-08-10 - EGX 'last trading date' on company pages,2758a5ec68ee56bdc836196bd8b72ddb7b8e3dbdfb120053610bd425dd97aa59
CPCI,Cairo Pharmaceuticals,health_care_pharmaceuticals,Health Care & Pharmaceuticals,10,8573526000,EGX sector workbook (EGX_Active_Stocks_By_Sector_Market_Cap.xlsx),2026-08-10 - EGX 'last trading date' on company pages,2758a5ec68ee56bdc836196bd8b72ddb7b8e3dbdfb120053610bd425dd97aa59
CPME,Catalyst Partners Middle East CPME,non_bank_financial_services,Non-bank Financial Services,9,10053334369,EGX sector workbook (EGX_Active_Stocks_By_Sector_Market_Cap.xlsx),2026-08-10 - EGX 'last trading date' on company pages,2758a5ec68ee56bdc836196bd8b72ddb7b8e3dbdfb120053610bd425dd97aa59
CRST,Creast Mark For Contracting And Real Estate Development,construction,Construction,4,2604226652,EGX sector workbook (EGX_Active_Stocks_By_Sector_Market_Cap.xlsx),2026-08-10 - EGX 'last trading date' on company pages,2758a5ec68ee56bdc836196bd8b72ddb7b8e3dbdfb120053610bd425dd97aa59
CSAG,Canal Shipping Agencies,shipping_transportation_services,Shipping & Transportation Services,2,11820000000,EGX sector workbook (EGX_Active_Stocks_By_Sector_Market_Cap.xlsx),2026-08-10 - EGX 'last trading date' on company pages,2758a5ec68ee56bdc836196bd8b72ddb7b8e3dbdfb120053610bd425dd97aa59
DAPH,Development & Engineering Consultants,real_estate,Real Estate,17,3032978256,EGX sector workbook (EGX_Active_Stocks_By_Sector_Market_Cap.xlsx),2026-08-10 - EGX 'last trading date' on company pages,2758a5ec68ee56bdc836196bd8b72ddb7b8e3dbdfb120053610bd425dd97aa59
DCCC,Damietta Container and Cargo Handling,shipping_transportation_services,Shipping & Transportation Services,4,1100000000,EGX sector workbook (EGX_Active_Stocks_By_Sector_Market_Cap.xlsx),2026-08-10 - EGX 'last trading date' on company pages,2758a5ec68ee56bdc836196bd8b72ddb7b8e3dbdfb120053610bd425dd97aa59
DEIN,Delta Insurance,non_bank_financial_services,Non-bank Financial Services,19,1422437500,EGX sector workbook (EGX_Active_Stocks_By_Sector_Market_Cap.xlsx),2026-08-10 - EGX 'last trading date' on company pages,2758a5ec68ee56bdc836196bd8b72ddb7b8e3dbdfb120053610bd425dd97aa59
DGTZ,Digitize for Investment And Technology,it_media_and_communication_services,"IT, Media, and Communication Services",8,284040000,EGX sector workbook (EGX_Active_Stocks_By_Sector_Market_Cap.xlsx),2026-08-10 - EGX 'last trading date' on company pages,2758a5ec68ee56bdc836196bd8b72ddb7b8e3dbdfb120053610bd425dd97aa59
DOMT,Arabian Food Industries DOMTY,food_and_beverages,Food and Beverages,6,8119347807,EGX sector workbook (EGX_Active_Stocks_By_Sector_Market_Cap.xlsx),2026-08-10 - EGX 'last trading date' on company pages,2758a5ec68ee56bdc836196bd8b72ddb7b8e3dbdfb120053610bd425dd97aa59
DSCW,Dice Sport & Casual Wear,textile_durable_goods,Textile & Durable Goods,2,5735129746,EGX sector workbook (EGX_Active_Stocks_By_Sector_Market_Cap.xlsx),2026-08-10 - EGX 'last trading date' on company pages,2758a5ec68ee56bdc836196bd8b72ddb7b8e3dbdfb120053610bd425dd97aa59
DTPP,Delta For Printing & Packaging,industrial_goods_services_and_automobiles,"Industrial Goods, Services, and Automobiles",5,1607200000,EGX sector workbook (EGX_Active_Stocks_By_Sector_Market_Cap.xlsx),2026-08-10 - EGX 'last trading date' on company pages,2758a5ec68ee56bdc836196bd8b72ddb7b8e3dbdfb120053610bd425dd97aa59
EALR,El Arabia for Land Reclamation,construction,Construction,7,1997996000,EGX sector workbook (EGX_Active_Stocks_By_Sector_Market_Cap.xlsx),2026-08-10 - EGX 'last trading date' on company pages,2758a5ec68ee56bdc836196bd8b72ddb7b8e3dbdfb120053610bd425dd97aa59
EASB,Egyptian Arabian(Themar)Comp. For Securities&Bonds Brok. EAC,non_bank_financial_services,Non-bank Financial Services,31,722000000,EGX sector workbook (EGX_Active_Stocks_By_Sector_Market_Cap.xlsx),2026-08-10 - EGX 'last trading date' on company pages,2758a5ec68ee56bdc836196bd8b72ddb7b8e3dbdfb120053610bd425dd97aa59
EAST,Eastern Company,food_and_beverages,Food and Beverages,1,109320000000,EGX sector workbook (EGX_Active_Stocks_By_Sector_Market_Cap.xlsx),2026-08-10 - EGX 'last trading date' on company pages,2758a5ec68ee56bdc836196bd8b72ddb7b8e3dbdfb120053610bd425dd97aa59
EBSC,Osool ESB Securities Brokerage,non_bank_financial_services,Non-bank Financial Services,23,1013967287,EGX sector workbook (EGX_Active_Stocks_By_Sector_Market_Cap.xlsx),2026-08-10 - EGX 'last trading date' on company pages,2758a5ec68ee56bdc836196bd8b72ddb7b8e3dbdfb120053610bd425dd97aa59
ECAP,El Ezz Porcelain (Gemma),building_materials,Building Materials,7,2016346991,EGX sector workbook (EGX_Active_Stocks_By_Sector_Market_Cap.xlsx),2026-08-10 - EGX 'last trading date' on company pages,2758a5ec68ee56bdc836196bd8b72ddb7b8e3dbdfb120053610bd425dd97aa59
EDFM,East Delta Flour Mills,food_and_beverages,Food and Beverages,16,2371920000,EGX sector workbook (EGX_Active_Stocks_By_Sector_Market_Cap.xlsx),2026-08-10 - EGX 'last trading date' on company pages,2758a5ec68ee56bdc836196bd8b72ddb7b8e3dbdfb120053610bd425dd97aa59
EEII,El Arabia Engineering Industries,industrial_goods_services_and_automobiles,"Industrial Goods, Services, and Automobiles",7,664122893,EGX sector workbook (EGX_Active_Stocks_By_Sector_Market_Cap.xlsx),2026-08-10 - EGX 'last trading date' on company pages,2758a5ec68ee56bdc836196bd8b72ddb7b8e3dbdfb120053610bd425dd97aa59
EEPM,Egypt Education Platform,education_services,Education Services,4,2605629916,EGX sector workbook (EGX_Active_Stocks_By_Sector_Market_Cap.xlsx),2026-08-10 - EGX 'last trading date' on company pages,2758a5ec68ee56bdc836196bd8b72ddb7b8e3dbdfb120053610bd425dd97aa59
EFAC,Egyptian Ferroalloys Co.-EFACO,basic_resources,Basic Resources,17,300000000,EGX sector workbook (EGX_Active_Stocks_By_Sector_Market_Cap.xlsx),2026-08-10 - EGX 'last trading date' on company pages,2758a5ec68ee56bdc836196bd8b72ddb7b8e3dbdfb120053610bd425dd97aa59
EFIC,Egyptian Financial & Industrial,basic_resources,Basic Resources,7,21131000000,EGX sector workbook (EGX_Active_Stocks_By_Sector_Market_Cap.xlsx),2026-08-10 - EGX 'last trading date' on company pages,2758a5ec68ee56bdc836196bd8b72ddb7b8e3dbdfb120053610bd425dd97aa59
EFID,Edita Food Industries S.A.E,food_and_beverages,Food and Beverages,2,44506868248,EGX sector workbook (EGX_Active_Stocks_By_Sector_Market_Cap.xlsx),2026-08-10 - EGX 'last trading date' on company pages,2758a5ec68ee56bdc836196bd8b72ddb7b8e3dbdfb120053610bd425dd97aa59
EFIH,E-finance For Digital and Financial Investments,it_media_and_communication_services,"IT, Media, and Communication Services",2,83200000008,EGX sector workbook (EGX_Active_Stocks_By_Sector_Market_Cap.xlsx),2026-08-10 - EGX 'last trading date' on company pages,2758a5ec68ee56bdc836196bd8b72ddb7b8e3dbdfb120053610bd425dd97aa59
EGAL,Egypt Aluminum,basic_resources,Basic Resources,1,124987500000,EGX sector workbook (EGX_Active_Stocks_By_Sector_Market_Cap.xlsx),2026-08-10 - EGX 'last trading date' on company pages,2758a5ec68ee56bdc836196bd8b72ddb7b8e3dbdfb120053610bd425dd97aa59
EGAS,Natural Gas & Mining Project (Egypt Gas),utilities,Utilities,2,8537962706,EGX sector workbook (EGX_Active_Stocks_By_Sector_Market_Cap.xlsx),2026-08-10 - EGX 'last trading date' on company pages,2758a5ec68ee56bdc836196bd8b72ddb7b8e3dbdfb120053610bd425dd97aa59
EGBE,Egyptian Gulf Bank,banks,Banks,12,14676696869,EGX sector workbook (EGX_Active_Stocks_By_Sector_Market_Cap.xlsx),2026-08-10 - EGX 'last trading date' on company pages,2758a5ec68ee56bdc836196bd8b72ddb7b8e3dbdfb120053610bd425dd97aa59
EGCH,Egyptian Chemical Industries (Kima),basic_resources,Basic Resources,6,28010763886,EGX sector workbook (EGX_Active_Stocks_By_Sector_Market_Cap.xlsx),2026-08-10 - EGX 'last trading date' on company pages,2758a5ec68ee56bdc836196bd8b72ddb7b8e3dbdfb120053610bd425dd97aa59
EGCN,The Egyptian Contracting Co.-AL- ABD,construction,Construction,13,369433000,EGX sector workbook (EGX_Active_Stocks_By_Sector_Market_Cap.xlsx),2026-08-10 - EGX 'last trading date' on company pages,2758a5ec68ee56bdc836196bd8b72ddb7b8e3dbdfb120053610bd425dd97aa59
EGOT,El Masreyah Tourism & Hotels (EGOTH),travel_leisure,Travel & Leisure,7,3000000000,EGX sector workbook (EGX_Active_Stocks_By_Sector_Market_Cap.xlsx),2026-08-10 - EGX 'last trading date' on company pages,2758a5ec68ee56bdc836196bd8b72ddb7b8e3dbdfb120053610bd425dd97aa59
EGSA,Egyptian Satellites (NileSat),it_media_and_communication_services,"IT, Media, and Communication Services",4,16172004054,EGX sector workbook (EGX_Active_Stocks_By_Sector_Market_Cap.xlsx),2026-08-10 - EGX 'last trading date' on company pages,2758a5ec68ee56bdc836196bd8b72ddb7b8e3dbdfb120053610bd425dd97aa59
EGTS,Egyptian for Tourism Resorts,travel_leisure,Travel & Leisure,2,19110000000,EGX sector workbook (EGX_Active_Stocks_By_Sector_Market_Cap.xlsx),2026-08-10 - EGX 'last trading date' on company pages,2758a5ec68ee56bdc836196bd8b72ddb7b8e3dbdfb120053610bd425dd97aa59
EHDR,Egyptians Housing Development & Reconstruction,real_estate,Real Estate,23,1968960000,EGX sector workbook (EGX_Active_Stocks_By_Sector_Market_Cap.xlsx),2026-08-10 - EGX 'last trading date' on company pages,2758a5ec68ee56bdc836196bd8b72ddb7b8e3dbdfb120053610bd425dd97aa59
ELAB,The Egyptian Linear Alkyl Benzene co.-ELAB,energy_support_services,Energy & Support Services,4,10471657478,EGX sector workbook (EGX_Active_Stocks_By_Sector_Market_Cap.xlsx),2026-08-10 - EGX 'last trading date' on company pages,2758a5ec68ee56bdc836196bd8b72ddb7b8e3dbdfb120053610bd425dd97aa59
ELEC,Electro Cable Egypt,industrial_goods_services_and_automobiles,"Industrial Goods, Services, and Automobiles",3,7289788821,EGX sector workbook (EGX_Active_Stocks_By_Sector_Market_Cap.xlsx),2026-08-10 - EGX 'last trading date' on company pages,2758a5ec68ee56bdc836196bd8b72ddb7b8e3dbdfb120053610bd425dd97aa59
ELKA,El Kahera Housing,real_estate,Real Estate,16,3137932100,EGX sector workbook (EGX_Active_Stocks_By_Sector_Market_Cap.xlsx),2026-08-10 - EGX 'last trading date' on company pages,2758a5ec68ee56bdc836196bd8b72ddb7b8e3dbdfb120053610bd425dd97aa59
ELNA,El Nasr For Manufacturing Agricultural Crops,food_and_beverages,Food and Beverages,29,297942413,EGX sector workbook (EGX_Active_Stocks_By_Sector_Market_Cap.xlsx),2026-08-10 - EGX 'last trading date' on company pages,2758a5ec68ee56bdc836196bd8b72ddb7b8e3dbdfb120053610bd425dd97aa59
ELSH,El Shams Housing & Urbanization,real_estate,Real Estate,15,3189862500,EGX sector workbook (EGX_Active_Stocks_By_Sector_Market_Cap.xlsx),2026-08-10 - EGX 'last trading date' on company pages,2758a5ec68ee56bdc836196bd8b72ddb7b8e3dbdfb120053610bd425dd97aa59
ELWA,El Wadi For International and Investement Development,travel_leisure,Travel & Leisure,10,322140000,EGX sector workbook (EGX_Active_Stocks_By_Sector_Market_Cap.xlsx),2026-08-10 - EGX 'last trading date' on company pages,2758a5ec68ee56bdc836196bd8b72ddb7b8e3dbdfb120053610bd425dd97aa59
EMFD,Emaar Misr for Development,real_estate,Real Estate,2,64273766731,EGX sector workbook (EGX_Active_Stocks_By_Sector_Market_Cap.xlsx),2026-08-10 - EGX 'last trading date' on company pages,2758a5ec68ee56bdc836196bd8b72ddb7b8e3dbdfb120053610bd425dd97aa59
ENGC,Engineering Industries (ICON),construction,Construction,3,6707550000,EGX sector workbook (EGX_Active_Stocks_By_Sector_Market_Cap.xlsx),2026-08-10 - EGX 'last trading date' on company pages,2758a5ec68ee56bdc836196bd8b72ddb7b8e3dbdfb120053610bd425dd97aa59
ENHD,El Nasr Housing and Development,real_estate,Real Estate,34,350000000,EGX sector workbook (EGX_Active_Stocks_By_Sector_Market_Cap.xlsx),2026-08-10 - EGX 'last trading date' on company pages,2758a5ec68ee56bdc836196bd8b72ddb7b8e3dbdfb120053610bd425dd97aa59
ENPI,Engineering for the Petroleum and Process Industries-Enppi,energy_support_services,Energy & Support Services,1,17803922414,EGX sector workbook (EGX_Active_Stocks_By_Sector_Market_Cap.xlsx),2026-08-10 - EGX 'last trading date' on company pages,2758a5ec68ee56bdc836196bd8b72ddb7b8e3dbdfb120053610bd425dd97aa59
EOSB,El Orouba Securities Brokerage,non_bank_financial_services,Non-bank Financial Services,33,45725000,EGX sector workbook (EGX_Active_Stocks_By_Sector_Market_Cap.xlsx),2026-08-10 - EGX 'last trading date' on company pages,2758a5ec68ee56bdc836196bd8b72ddb7b8e3dbdfb120053610bd425dd97aa59
EPCO,Egypt for Poultry,food_and_beverages,Food and Beverages,28,532125000,EGX sector workbook (EGX_Active_Stocks_By_Sector_Market_Cap.xlsx),2026-08-10 - EGX 'last trading date' on company pages,2758a5ec68ee56bdc836196bd8b72ddb7b8e3dbdfb120053610bd425dd97aa59
EPPK,El Ahram Co. For Printing And Packing,paper_packaging,Paper & Packaging,5,114233600,EGX sector workbook (EGX_Active_Stocks_By_Sector_Market_Cap.xlsx),2026-08-10 - EGX 'last trading date' on company pages,2758a5ec68ee56bdc836196bd8b72ddb7b8e3dbdfb120053610bd425dd97aa59
ETEL,Telecom Egypt,it_media_and_communication_services,"IT, Media, and Communication Services",1,187658380988,EGX sector workbook (EGX_Active_Stocks_By_Sector_Market_Cap.xlsx),2026-08-10 - EGX 'last trading date' on company pages,2758a5ec68ee56bdc836196bd8b72ddb7b8e3dbdfb120053610bd425dd97aa59
ETRS,Egyptian Transport & Commercial Services Co. -EGYTRANS NOSCO,shipping_transportation_services,Shipping & Transportation Services,3,2406963042,EGX sector workbook (EGX_Active_Stocks_By_Sector_Market_Cap.xlsx),2026-08-10 - EGX 'last trading date' on company pages,2758a5ec68ee56bdc836196bd8b72ddb7b8e3dbdfb120053610bd425dd97aa59
EXPA,Export Development Bank of Egypt,banks,Banks,8,28043200000,EGX sector workbook (EGX_Active_Stocks_By_Sector_Market_Cap.xlsx),2026-08-10 - EGX 'last trading date' on company pages,2758a5ec68ee56bdc836196bd8b72ddb7b8e3dbdfb120053610bd425dd97aa59
FAIT,Faisal Islamic Bank of Egypt,banks,Banks,9,25143850807,EGX sector workbook (EGX_Active_Stocks_By_Sector_Market_Cap.xlsx),2026-08-10 - EGX 'last trading date' on company pages,2758a5ec68ee56bdc836196bd8b72ddb7b8e3dbdfb120053610bd425dd97aa59
FERC,FERCHEM MISR CO. FOR FERTILLIZERS & CHEMICALS,basic_resources,Basic Resources,4,34024000000,EGX sector workbook (EGX_Active_Stocks_By_Sector_Market_Cap.xlsx),2026-08-10 - EGX 'last trading date' on company pages,2758a5ec68ee56bdc836196bd8b72ddb7b8e3dbdfb120053610bd425dd97aa59
FWRY,Fawry For Banking Technology And Electronic Payment,it_media_and_communication_services,"IT, Media, and Communication Services",3,65405246285,EGX sector workbook (EGX_Active_Stocks_By_Sector_Market_Cap.xlsx),2026-08-10 - EGX 'last trading date' on company pages,2758a5ec68ee56bdc836196bd8b72ddb7b8e3dbdfb120053610bd425dd97aa59
GBCO,GB Corp,industrial_goods_services_and_automobiles,"Industrial Goods, Services, and Automobiles",2,34529755000,EGX sector workbook (EGX_Active_Stocks_By_Sector_Market_Cap.xlsx),2026-08-10 - EGX 'last trading date' on company pages,2758a5ec68ee56bdc836196bd8b72ddb7b8e3dbdfb120053610bd425dd97aa59
GDWA,Gadwa For Industrial Development,industrial_goods_services_and_automobiles,"Industrial Goods, Services, and Automobiles",4,4351793624,EGX sector workbook (EGX_Active_Stocks_By_Sector_Market_Cap.xlsx),2026-08-10 - EGX 'last trading date' on company pages,2758a5ec68ee56bdc836196bd8b72ddb7b8e3dbdfb120053610bd425dd97aa59
GEOS,Geos for trading and contracting,construction,Construction,14,105000000,EGX sector workbook (EGX_Active_Stocks_By_Sector_Market_Cap.xlsx),2026-08-10 - EGX 'last trading date' on company pages,2758a5ec68ee56bdc836196bd8b72ddb7b8e3dbdfb120053610bd425dd97aa59
GGCC,Giza General Contracting,construction,Construction,5,2596884000,EGX sector workbook (EGX_Active_Stocks_By_Sector_Market_Cap.xlsx),2026-08-10 - EGX 'last trading date' on company pages,2758a5ec68ee56bdc836196bd8b72ddb7b8e3dbdfb120053610bd425dd97aa59
GGRN,Gogreen for Agricultural Investment,food_and_beverages,Food and Beverages,19,2030000000,EGX sector workbook (EGX_Active_Stocks_By_Sector_Market_Cap.xlsx),2026-08-10 - EGX 'last trading date' on company pages,2758a5ec68ee56bdc836196bd8b72ddb7b8e3dbdfb120053610bd425dd97aa59
GIHD,Gharbia Islamic Housing Development,real_estate,Real Estate,33,382781250,EGX sector workbook (EGX_Active_Stocks_By_Sector_Market_Cap.xlsx),2026-08-10 - EGX 'last trading date' on company pages,2758a5ec68ee56bdc836196bd8b72ddb7b8e3dbdfb120053610bd425dd97aa59
GMCI,GMC GROUP FOR INDUSTRIAL COMMERCIAL & FINANCIAL INVESTMENTS,trade_distributors,Trade & Distributors,7,84064993,EGX sector workbook (EGX_Active_Stocks_By_Sector_Market_Cap.xlsx),2026-08-10 - EGX 'last trading date' on company pages,2758a5ec68ee56bdc836196bd8b72ddb7b8e3dbdfb120053610bd425dd97aa59
GOUR,Gourmet Egypt.Com Foods,trade_distributors,Trade & Distributors,3,6140000000,EGX sector workbook (EGX_Active_Stocks_By_Sector_Market_Cap.xlsx),2026-08-10 - EGX 'last trading date' on company pages,2758a5ec68ee56bdc836196bd8b72ddb7b8e3dbdfb120053610bd425dd97aa59
GPIM,GPI For Urban Growth,construction,Construction,6,2012727265,EGX sector workbook (EGX_Active_Stocks_By_Sector_Market_Cap.xlsx),2026-08-10 - EGX 'last trading date' on company pages,2758a5ec68ee56bdc836196bd8b72ddb7b8e3dbdfb120053610bd425dd97aa59
GPPL,Golden Pyramids Plaza,travel_leisure,Travel & Leisure,1,40317461343,EGX sector workbook (EGX_Active_Stocks_By_Sector_Market_Cap.xlsx),2026-08-10 - EGX 'last trading date' on company pages,2758a5ec68ee56bdc836196bd8b72ddb7b8e3dbdfb120053610bd425dd97aa59
GRCA,Grand Investment Capital,non_bank_financial_services,Non-bank Financial Services,32,457704000,EGX sector workbook (EGX_Active_Stocks_By_Sector_Market_Cap.xlsx),2026-08-10 - EGX 'last trading date' on company pages,2758a5ec68ee56bdc836196bd8b72ddb7b8e3dbdfb120053610bd425dd97aa59
GSSC,General Silos & Storage,food_and_beverages,Food and Beverages,9,4805850000,EGX sector workbook (EGX_Active_Stocks_By_Sector_Market_Cap.xlsx),2026-08-10 - EGX 'last trading date' on company pages,2758a5ec68ee56bdc836196bd8b72ddb7b8e3dbdfb120053610bd425dd97aa59
GTEX,GTEX For Commercial And Industrial,textile_durable_goods,Textile & Durable Goods,8,914403429,EGX sector workbook (EGX_Active_Stocks_By_Sector_Market_Cap.xlsx),2026-08-10 - EGX 'last trading date' on company pages,2758a5ec68ee56bdc836196bd8b72ddb7b8e3dbdfb120053610bd425dd97aa59
GTWL,Golden Textiles & Clothes Wool,textile_durable_goods,Textile & Durable Goods,7,1846838836,EGX sector workbook (EGX_Active_Stocks_By_Sector_Market_Cap.xlsx),2026-08-10 - EGX 'last trading date' on company pages,2758a5ec68ee56bdc836196bd8b72ddb7b8e3dbdfb120053610bd425dd97aa59
HAVC,Hassan Allam Investment And Venture Capital,non_bank_financial_services,Non-bank Financial Services,34,10000000,EGX sector workbook (EGX_Active_Stocks_By_Sector_Market_Cap.xlsx),2026-08-10 - EGX 'last trading date' on company pages,2758a5ec68ee56bdc836196bd8b72ddb7b8e3dbdfb120053610bd425dd97aa59
HDBK,Housing & Development Bank,banks,Banks,3,90533520000,EGX sector workbook (EGX_Active_Stocks_By_Sector_Market_Cap.xlsx),2026-08-10 - EGX 'last trading date' on company pages,2758a5ec68ee56bdc836196bd8b72ddb7b8e3dbdfb120053610bd425dd97aa59
HELI,Heliopolis Housing,real_estate,Real Estate,6,33844409820,EGX sector workbook (EGX_Active_Stocks_By_Sector_Market_Cap.xlsx),2026-08-10 - EGX 'last trading date' on company pages,2758a5ec68ee56bdc836196bd8b72ddb7b8e3dbdfb120053610bd425dd97aa59
HRHO,EFG Holding,non_bank_financial_services,Non-bank Financial Services,1,39286032699,EGX sector workbook (EGX_Active_Stocks_By_Sector_Market_Cap.xlsx),2026-08-10 - EGX 'last trading date' on company pages,2758a5ec68ee56bdc836196bd8b72ddb7b8e3dbdfb120053610bd425dd97aa59
ICFC,International Company For Fertilizers & Chemicals,trade_distributors,Trade & Distributors,6,1920948750,EGX sector workbook (EGX_Active_Stocks_By_Sector_Market_Cap.xlsx),2026-08-10 - EGX 'last trading date' on company pages,2758a5ec68ee56bdc836196bd8b72ddb7b8e3dbdfb120053610bd425dd97aa59
ICID,International Co For Investment & Development,real_estate,Real Estate,30,926000000,EGX sector workbook (EGX_Active_Stocks_By_Sector_Market_Cap.xlsx),2026-08-10 - EGX 'last trading date' on company pages,2758a5ec68ee56bdc836196bd8b72ddb7b8e3dbdfb120053610bd425dd97aa59
ICLE,International Company For Leasing (IncoLEASE),non_bank_financial_services,Non-bank Financial Services,28,788000000,EGX sector workbook (EGX_Active_Stocks_By_Sector_Market_Cap.xlsx),2026-08-10 - EGX 'last trading date' on company pages,2758a5ec68ee56bdc836196bd8b72ddb7b8e3dbdfb120053610bd425dd97aa59
IDRE,Ismailia Development and Real Estate Co,real_estate,Real Estate,21,2088728775,EGX sector workbook (EGX_Active_Stocks_By_Sector_Market_Cap.xlsx),2026-08-10 - EGX 'last trading date' on company pages,2758a5ec68ee56bdc836196bd8b72ddb7b8e3dbdfb120053610bd425dd97aa59
IEEC,Industrial & Engineering Projects,construction,Construction,11,1029348000,EGX sector workbook (EGX_Active_Stocks_By_Sector_Market_Cap.xlsx),2026-08-10 - EGX 'last trading date' on company pages,2758a5ec68ee56bdc836196bd8b72ddb7b8e3dbdfb120053610bd425dd97aa59
IFAP,International Agricultural Products,trade_distributors,Trade & Distributors,2,10840886379,EGX sector workbook (EGX_Active_Stocks_By_Sector_Market_Cap.xlsx),2026-08-10 - EGX 'last trading date' on company pages,2758a5ec68ee56bdc836196bd8b72ddb7b8e3dbdfb120053610bd425dd97aa59
INFI,Ismailia National Food Industries,food_and_beverages,Food and Beverages,13,3635420250,EGX sector workbook (EGX_Active_Stocks_By_Sector_Market_Cap.xlsx),2026-08-10 - EGX 'last trading date' on company pages,2758a5ec68ee56bdc836196bd8b72ddb7b8e3dbdfb120053610bd425dd97aa59
IRON,Egyptian Iron & Steel,basic_resources,Basic Resources,5,31074307163,EGX sector workbook (EGX_Active_Stocks_By_Sector_Market_Cap.xlsx),2026-08-10 - EGX 'last trading date' on company pages,2758a5ec68ee56bdc836196bd8b72ddb7b8e3dbdfb120053610bd425dd97aa59
ISMA,Ismailia Misr Poultry,food_and_beverages,Food and Beverages,14,2992221417,EGX sector workbook (EGX_Active_Stocks_By_Sector_Market_Cap.xlsx),2026-08-10 - EGX 'last trading date' on company pages,2758a5ec68ee56bdc836196bd8b72ddb7b8e3dbdfb120053610bd425dd97aa59
ISMQ,Iron And Steel for Mines and Quarries,basic_resources,Basic Resources,10,9182599413,EGX sector workbook (EGX_Active_Stocks_By_Sector_Market_Cap.xlsx),2026-08-10 - EGX 'last trading date' on company pages,2758a5ec68ee56bdc836196bd8b72ddb7b8e3dbdfb120053610bd425dd97aa59
ISPH,Ibnsina Pharma,health_care_pharmaceuticals,Health Care & Pharmaceuticals,6,14666400000,EGX sector workbook (EGX_Active_Stocks_By_Sector_Market_Cap.xlsx),2026-08-10 - EGX 'last trading date' on company pages,2758a5ec68ee56bdc836196bd8b72ddb7b8e3dbdfb120053610bd425dd97aa59
JUFO,Juhayna Food Industries,food_and_beverages,Food and Beverages,3,39171277094,EGX sector workbook (EGX_Active_Stocks_By_Sector_Market_Cap.xlsx),2026-08-10 - EGX 'last trading date' on company pages,2758a5ec68ee56bdc836196bd8b72ddb7b8e3dbdfb120053610bd425dd97aa59
KABO,El Nasr Clothes & Textiles (Kabo),textile_durable_goods,Textile & Durable Goods,4,4788603772,EGX sector workbook (EGX_Active_Stocks_By_Sector_Market_Cap.xlsx),2026-08-10 - EGX 'last trading date' on company pages,2758a5ec68ee56bdc836196bd8b72ddb7b8e3dbdfb120053610bd425dd97aa59
KNGC,EL- Nasr Glass And Crystal NGC,industrial_goods_services_and_automobiles,"Industrial Goods, Services, and Automobiles",9,100000000,EGX sector workbook (EGX_Active_Stocks_By_Sector_Market_Cap.xlsx),2026-08-10 - EGX 'last trading date' on company pages,2758a5ec68ee56bdc836196bd8b72ddb7b8e3dbdfb120053610bd425dd97aa59
KORA,KORRA,construction,Construction,2,7515000000,EGX sector workbook (EGX_Active_Stocks_By_Sector_Market_Cap.xlsx),2026-08-10 - EGX 'last trading date' on company pages,2758a5ec68ee56bdc836196bd8b72ddb7b8e3dbdfb120053610bd425dd97aa59
KRDI,Al Khair River For Development Agricultural Investment&Envir,food_and_beverages,Food and Beverages,25,1614600000,EGX sector workbook (EGX_Active_Stocks_By_Sector_Market_Cap.xlsx),2026-08-10 - EGX 'last trading date' on company pages,2758a5ec68ee56bdc836196bd8b72ddb7b8e3dbdfb120053610bd425dd97aa59
KWIN,El Kahera El Watania Investment,non_bank_financial_services,Non-bank Financial Services,25,977550000,EGX sector workbook (EGX_Active_Stocks_By_Sector_Market_Cap.xlsx),2026-08-10 - EGX 'last trading date' on company pages,2758a5ec68ee56bdc836196bd8b72ddb7b8e3dbdfb120053610bd425dd97aa59
KZPC,Kafr El Zayat Pesticides,basic_resources,Basic Resources,13,2572798010,EGX sector workbook (EGX_Active_Stocks_By_Sector_Market_Cap.xlsx),2026-08-10 - EGX 'last trading date' on company pages,2758a5ec68ee56bdc836196bd8b72ddb7b8e3dbdfb120053610bd425dd97aa59
LCSW,Lecico Egypt,building_materials,Building Materials,6,2692800000,EGX sector workbook (EGX_Active_Stocks_By_Sector_Market_Cap.xlsx),2026-08-10 - EGX 'last trading date' on company pages,2758a5ec68ee56bdc836196bd8b72ddb7b8e3dbdfb120053610bd425dd97aa59
LUTS,Lotus For Agricultural Investments And Development,food_and_beverages,Food and Beverages,26,1070650000,EGX sector workbook (EGX_Active_Stocks_By_Sector_Market_Cap.xlsx),2026-08-10 - EGX 'last trading date' on company pages,2758a5ec68ee56bdc836196bd8b72ddb7b8e3dbdfb120053610bd425dd97aa59
MAAL,Egyptian Gulf Marseilia For Real Estate Investment,real_estate,Real Estate,25,1696484160,EGX sector workbook (EGX_Active_Stocks_By_Sector_Market_Cap.xlsx),2026-08-10 - EGX 'last trading date' on company pages,2758a5ec68ee56bdc836196bd8b72ddb7b8e3dbdfb120053610bd425dd97aa59
MASR,Madinet Masr For Housing and Development,real_estate,Real Estate,7,16567600000,EGX sector workbook (EGX_Active_Stocks_By_Sector_Market_Cap.xlsx),2026-08-10 - EGX 'last trading date' on company pages,2758a5ec68ee56bdc836196bd8b72ddb7b8e3dbdfb120053610bd425dd97aa59
MBEG,M.B Engineering,industrial_goods_services_and_automobiles,"Industrial Goods, Services, and Automobiles",6,1168680155,EGX sector workbook (EGX_Active_Stocks_By_Sector_Market_Cap.xlsx),2026-08-10 - EGX 'last trading date' on company pages,2758a5ec68ee56bdc836196bd8b72ddb7b8e3dbdfb120053610bd425dd97aa59
MBSC,Misr Beni Suef Cement,building_materials,Building Materials,4,14581466878,EGX sector workbook (EGX_Active_Stocks_By_Sector_Market_Cap.xlsx),2026-08-10 - EGX 'last trading date' on company pages,2758a5ec68ee56bdc836196bd8b72ddb7b8e3dbdfb120053610bd425dd97aa59
MCQE,Misr Cement (Qena),building_materials,Building Materials,3,19488000000,EGX sector workbook (EGX_Active_Stocks_By_Sector_Market_Cap.xlsx),2026-08-10 - EGX 'last trading date' on company pages,2758a5ec68ee56bdc836196bd8b72ddb7b8e3dbdfb120053610bd425dd97aa59
MCRO,Macro Group Pharmaceuticals -Macro Capital,health_care_pharmaceuticals,Health Care & Pharmaceuticals,14,5576619140,EGX sector workbook (EGX_Active_Stocks_By_Sector_Market_Cap.xlsx),2026-08-10 - EGX 'last trading date' on company pages,2758a5ec68ee56bdc836196bd8b72ddb7b8e3dbdfb120053610bd425dd97aa59
MEGM,Middle East Glass Manufacturing,paper_packaging,Paper & Packaging,3,785355032,EGX sector workbook (EGX_Active_Stocks_By_Sector_Market_Cap.xlsx),2026-08-10 - EGX 'last trading date' on company pages,2758a5ec68ee56bdc836196bd8b72ddb7b8e3dbdfb120053610bd425dd97aa59
MENA,Mena Touristic & Real Estate Investment,real_estate,Real Estate,24,1698289878,EGX sector workbook (EGX_Active_Stocks_By_Sector_Market_Cap.xlsx),2026-08-10 - EGX 'last trading date' on company pages,2758a5ec68ee56bdc836196bd8b72ddb7b8e3dbdfb120053610bd425dd97aa59
MEPA,Medical Packaging Company,health_care_pharmaceuticals,Health Care & Pharmaceuticals,18,1277250000,EGX sector workbook (EGX_Active_Stocks_By_Sector_Market_Cap.xlsx),2026-08-10 - EGX 'last trading date' on company pages,2758a5ec68ee56bdc836196bd8b72ddb7b8e3dbdfb120053610bd425dd97aa59
MFPC,Misr Fertilizers Production Company - Mopco,basic_resources,Basic Resources,2,106121189731,EGX sector workbook (EGX_Active_Stocks_By_Sector_Market_Cap.xlsx),2026-08-10 - EGX 'last trading date' on company pages,2758a5ec68ee56bdc836196bd8b72ddb7b8e3dbdfb120053610bd425dd97aa59
MFSC,Misr Duty Free Shops,trade_distributors,Trade & Distributors,4,4597500000,EGX sector workbook (EGX_Active_Stocks_By_Sector_Market_Cap.xlsx),2026-08-10 - EGX 'last trading date' on company pages,2758a5ec68ee56bdc836196bd8b72ddb7b8e3dbdfb120053610bd425dd97aa59
MHOT,Misr Hotels,travel_leisure,Travel & Leisure,3,13669920000,EGX sector workbook (EGX_Active_Stocks_By_Sector_Market_Cap.xlsx),2026-08-10 - EGX 'last trading date' on company pages,2758a5ec68ee56bdc836196bd8b72ddb7b8e3dbdfb120053610bd425dd97aa59
MICH,Misr Chemical Industries,basic_resources,Basic Resources,11,5246353125,EGX sector workbook (EGX_Active_Stocks_By_Sector_Market_Cap.xlsx),2026-08-10 - EGX 'last trading date' on company pages,2758a5ec68ee56bdc836196bd8b72ddb7b8e3dbdfb120053610bd425dd97aa59
MILS,North Cairo Mills,food_and_beverages,Food and Beverages,20,2009139000,EGX sector workbook (EGX_Active_Stocks_By_Sector_Market_Cap.xlsx),2026-08-10 - EGX 'last trading date' on company pages,2758a5ec68ee56bdc836196bd8b72ddb7b8e3dbdfb120053610bd425dd97aa59
MIPH,Minapharm Pharmaceuticals,health_care_pharmaceuticals,Health Care & Pharmaceuticals,8,9619726557,EGX sector workbook (EGX_Active_Stocks_By_Sector_Market_Cap.xlsx),2026-08-10 - EGX 'last trading date' on company pages,2758a5ec68ee56bdc836196bd8b72ddb7b8e3dbdfb120053610bd425dd97aa59
MITR,Misr Travel,travel_leisure,Travel & Leisure,14,125765466,EGX sector workbook (EGX_Active_Stocks_By_Sector_Market_Cap.xlsx),2026-08-10 - EGX 'last trading date' on company pages,2758a5ec68ee56bdc836196bd8b72ddb7b8e3dbdfb120053610bd425dd97aa59
MLIC,Misr Life Insurance,non_bank_financial_services,Non-bank Financial Services,13,5000000000,EGX sector workbook (EGX_Active_Stocks_By_Sector_Market_Cap.xlsx),2026-08-10 - EGX 'last trading date' on company pages,2758a5ec68ee56bdc836196bd8b72ddb7b8e3dbdfb120053610bd425dd97aa59
MMAT,Marsa Marsa Alam For Tourism Development,travel_leisure,Travel & Leisure,12,176500000,EGX sector workbook (EGX_Active_Stocks_By_Sector_Market_Cap.xlsx),2026-08-10 - EGX 'last trading date' on company pages,2758a5ec68ee56bdc836196bd8b72ddb7b8e3dbdfb120053610bd425dd97aa59
MMHC,El MAAMOURA For Construction And Tourism Development Company,travel_leisure,Travel & Leisure,11,250000000,EGX sector workbook (EGX_Active_Stocks_By_Sector_Market_Cap.xlsx),2026-08-10 - EGX 'last trading date' on company pages,2758a5ec68ee56bdc836196bd8b72ddb7b8e3dbdfb120053610bd425dd97aa59
MOED,The Egyptian Modern Education Systems,education_services,Education Services,6,687420000,EGX sector workbook (EGX_Active_Stocks_By_Sector_Market_Cap.xlsx),2026-08-10 - EGX 'last trading date' on company pages,2758a5ec68ee56bdc836196bd8b72ddb7b8e3dbdfb120053610bd425dd97aa59
MOIL,Maridive & oil services,energy_support_services,Energy & Support Services,2,15802959849,EGX sector workbook (EGX_Active_Stocks_By_Sector_Market_Cap.xlsx),2026-08-10 - EGX 'last trading date' on company pages,2758a5ec68ee56bdc836196bd8b72ddb7b8e3dbdfb120053610bd425dd97aa59
MOIN,Mohandes Insurance,non_bank_financial_services,Non-bank Financial Services,10,9391200000,EGX sector workbook (EGX_Active_Stocks_By_Sector_Market_Cap.xlsx),2026-08-10 - EGX 'last trading date' on company pages,2758a5ec68ee56bdc836196bd8b72ddb7b8e3dbdfb120053610bd425dd97aa59
MOSC,Misr Oils & Soap,food_and_beverages,Food and Beverages,22,1836000000,EGX sector workbook (EGX_Active_Stocks_By_Sector_Market_Cap.xlsx),2026-08-10 - EGX 'last trading date' on company pages,2758a5ec68ee56bdc836196bd8b72ddb7b8e3dbdfb120053610bd425dd97aa59
MPCI,Memphis Pharmaceuticals,health_care_pharmaceuticals,Health Care & Pharmaceuticals,9,8957130000,EGX sector workbook (EGX_Active_Stocks_By_Sector_Market_Cap.xlsx),2026-08-10 - EGX 'last trading date' on company pages,2758a5ec68ee56bdc836196bd8b72ddb7b8e3dbdfb120053610bd425dd97aa59
MPCO,Mansourah Poultry,food_and_beverages,Food and Beverages,18,2140000000,EGX sector workbook (EGX_Active_Stocks_By_Sector_Market_Cap.xlsx),2026-08-10 - EGX 'last trading date' on company pages,2758a5ec68ee56bdc836196bd8b72ddb7b8e3dbdfb120053610bd425dd97aa59
MPRC,Egyptian Media Production City,it_media_and_communication_services,"IT, Media, and Communication Services",5,8912610000,EGX sector workbook (EGX_Active_Stocks_By_Sector_Market_Cap.xlsx),2026-08-10 - EGX 'last trading date' on company pages,2758a5ec68ee56bdc836196bd8b72ddb7b8e3dbdfb120053610bd425dd97aa59
MTIE,MM Group For Industry And International Trade,trade_distributors,Trade & Distributors,1,21243095415,EGX sector workbook (EGX_Active_Stocks_By_Sector_Market_Cap.xlsx),2026-08-10 - EGX 'last trading date' on company pages,2758a5ec68ee56bdc836196bd8b72ddb7b8e3dbdfb120053610bd425dd97aa59
NAHO,Naeem Holding,non_bank_financial_services,Non-bank Financial Services,18,1792617015,EGX sector workbook (EGX_Active_Stocks_By_Sector_Market_Cap.xlsx),2026-08-10 - EGX 'last trading date' on company pages,2758a5ec68ee56bdc836196bd8b72ddb7b8e3dbdfb120053610bd425dd97aa59
NAPR,National Printing,paper_packaging,Paper & Packaging,1,6423552496,EGX sector workbook (EGX_Active_Stocks_By_Sector_Market_Cap.xlsx),2026-08-10 - EGX 'last trading date' on company pages,2758a5ec68ee56bdc836196bd8b72ddb7b8e3dbdfb120053610bd425dd97aa59
NARE,Naeem Real Estate Holding Group,real_estate,Real Estate,20,2158891311,EGX sector workbook (EGX_Active_Stocks_By_Sector_Market_Cap.xlsx),2026-08-10 - EGX 'last trading date' on company pages,2758a5ec68ee56bdc836196bd8b72ddb7b8e3dbdfb120053610bd425dd97aa59
NCCW,Nasr Company for Civil Works,construction,Construction,10,1506960000,EGX sector workbook (EGX_Active_Stocks_By_Sector_Market_Cap.xlsx),2026-08-10 - EGX 'last trading date' on company pages,2758a5ec68ee56bdc836196bd8b72ddb7b8e3dbdfb120053610bd425dd97aa59
NDRL,National Drilling,energy_support_services,Energy & Support Services,6,1169195895,EGX sector workbook (EGX_Active_Stocks_By_Sector_Market_Cap.xlsx),2026-08-10 - EGX 'last trading date' on company pages,2758a5ec68ee56bdc836196bd8b72ddb7b8e3dbdfb120053610bd425dd97aa59
NEDA,Northern Upper Egypt Development & Agricultural Production,food_and_beverages,Food and Beverages,30,173345582,EGX sector workbook (EGX_Active_Stocks_By_Sector_Market_Cap.xlsx),2026-08-10 - EGX 'last trading date' on company pages,2758a5ec68ee56bdc836196bd8b72ddb7b8e3dbdfb120053610bd425dd97aa59
NFCI,ELNASR Co For Fertilizers And Chemical Industries,basic_resources,Basic Resources,15,630000000,EGX sector workbook (EGX_Active_Stocks_By_Sector_Market_Cap.xlsx),2026-08-10 - EGX 'last trading date' on company pages,2758a5ec68ee56bdc836196bd8b72ddb7b8e3dbdfb120053610bd425dd97aa59
NHPS,National Housing for Professional Syndicates,real_estate,Real Estate,26,1552000000,EGX sector workbook (EGX_Active_Stocks_By_Sector_Market_Cap.xlsx),2026-08-10 - EGX 'last trading date' on company pages,2758a5ec68ee56bdc836196bd8b72ddb7b8e3dbdfb120053610bd425dd97aa59
NINH,Nozha International Hospital,health_care_pharmaceuticals,Health Care & Pharmaceuticals,12,6945000000,EGX sector workbook (EGX_Active_Stocks_By_Sector_Market_Cap.xlsx),2026-08-10 - EGX 'last trading date' on company pages,2758a5ec68ee56bdc836196bd8b72ddb7b8e3dbdfb120053610bd425dd97aa59
NIPH,El-Nile Co. For Pharmaceuticals And Chemical Industries,health_care_pharmaceuticals,Health Care & Pharmaceuticals,4,21540000000,EGX sector workbook (EGX_Active_Stocks_By_Sector_Market_Cap.xlsx),2026-08-10 - EGX 'last trading date' on company pages,2758a5ec68ee56bdc836196bd8b72ddb7b8e3dbdfb120053610bd425dd97aa59
NMIN,EL Nasr Mining,basic_resources,Basic Resources,16,600000000,EGX sector workbook (EGX_Active_Stocks_By_Sector_Market_Cap.xlsx),2026-08-10 - EGX 'last trading date' on company pages,2758a5ec68ee56bdc836196bd8b72ddb7b8e3dbdfb120053610bd425dd97aa59
OBRI,El Obour Real Estate Investment,real_estate,Real Estate,27,1336000000,EGX sector workbook (EGX_Active_Stocks_By_Sector_Market_Cap.xlsx),2026-08-10 - EGX 'last trading date' on company pages,2758a5ec68ee56bdc836196bd8b72ddb7b8e3dbdfb120053610bd425dd97aa59
OCAP,O G Capital For Investments SPAC,non_bank_financial_services,Non-bank Financial Services,35,10000000,EGX sector workbook (EGX_Active_Stocks_By_Sector_Market_Cap.xlsx),2026-08-10 - EGX 'last trading date' on company pages,2758a5ec68ee56bdc836196bd8b72ddb7b8e3dbdfb120053610bd425dd97aa59
OCDI,Six of October Development & Investment (SODIC),real_estate,Real Estate,5,40612747959,EGX sector workbook (EGX_Active_Stocks_By_Sector_Market_Cap.xlsx),2026-08-10 - EGX 'last trading date' on company pages,2758a5ec68ee56bdc836196bd8b72ddb7b8e3dbdfb120053610bd425dd97aa59
OCPH,October Pharma,health_care_pharmaceuticals,Health Care & Pharmaceuticals,11,6958080000,EGX sector workbook (EGX_Active_Stocks_By_Sector_Market_Cap.xlsx),2026-08-10 - EGX 'last trading date' on company pages,2758a5ec68ee56bdc836196bd8b72ddb7b8e3dbdfb120053610bd425dd97aa59
ODIN,ODIN Investments,non_bank_financial_services,Non-bank Financial Services,17,1962000000,EGX sector workbook (EGX_Active_Stocks_By_Sector_Market_Cap.xlsx),2026-08-10 - EGX 'last trading date' on company pages,2758a5ec68ee56bdc836196bd8b72ddb7b8e3dbdfb120053610bd425dd97aa59
OFH,O B Financial Holding,non_bank_financial_services,Non-bank Financial Services,14,3997468098,EGX sector workbook (EGX_Active_Stocks_By_Sector_Market_Cap.xlsx),2026-08-10 - EGX 'last trading date' on company pages,2758a5ec68ee56bdc836196bd8b72ddb7b8e3dbdfb120053610bd425dd97aa59
OIH,Orascom Investment Holding,it_media_and_communication_services,"IT, Media, and Communication Services",6,8550475711,EGX sector workbook (EGX_Active_Stocks_By_Sector_Market_Cap.xlsx),2026-08-10 - EGX 'last trading date' on company pages,2758a5ec68ee56bdc836196bd8b72ddb7b8e3dbdfb120053610bd425dd97aa59
OLFI,Obour Land For Food Industries,food_and_beverages,Food and Beverages,5,9816000000,EGX sector workbook (EGX_Active_Stocks_By_Sector_Market_Cap.xlsx),2026-08-10 - EGX 'last trading date' on company pages,2758a5ec68ee56bdc836196bd8b72ddb7b8e3dbdfb120053610bd425dd97aa59
ORAS,Orascom Construction PLC,construction,Construction,1,79706365005,EGX sector workbook (EGX_Active_Stocks_By_Sector_Market_Cap.xlsx),2026-08-10 - EGX 'last trading date' on company pages,2758a5ec68ee56bdc836196bd8b72ddb7b8e3dbdfb120053610bd425dd97aa59
ORHD,Orascom Development Egypt,real_estate,Real Estate,3,48169476815,EGX sector workbook (EGX_Active_Stocks_By_Sector_Market_Cap.xlsx),2026-08-10 - EGX 'last trading date' on company pages,2758a5ec68ee56bdc836196bd8b72ddb7b8e3dbdfb120053610bd425dd97aa59
ORWE,Oriental Weavers,textile_durable_goods,Textile & Durable Goods,1,17465716858,EGX sector workbook (EGX_Active_Stocks_By_Sector_Market_Cap.xlsx),2026-08-10 - EGX 'last trading date' on company pages,2758a5ec68ee56bdc836196bd8b72ddb7b8e3dbdfb120053610bd425dd97aa59
PHAR,Egyptian International Pharmaceuticals (EIPICO),health_care_pharmaceuticals,Health Care & Pharmaceuticals,2,27031296035,EGX sector workbook (EGX_Active_Stocks_By_Sector_Market_Cap.xlsx),2026-08-10 - EGX 'last trading date' on company pages,2758a5ec68ee56bdc836196bd8b72ddb7b8e3dbdfb120053610bd425dd97aa59
PHDC,Palm Hills Development Company,real_estate,Real Estate,4,44328669682,EGX sector workbook (EGX_Active_Stocks_By_Sector_Market_Cap.xlsx),2026-08-10 - EGX 'last trading date' on company pages,2758a5ec68ee56bdc836196bd8b72ddb7b8e3dbdfb120053610bd425dd97aa59
PHGC,Premium HealthCare Group,health_care_pharmaceuticals,Health Care & Pharmaceuticals,16,2103105395,EGX sector workbook (EGX_Active_Stocks_By_Sector_Market_Cap.xlsx),2026-08-10 - EGX 'last trading date' on company pages,2758a5ec68ee56bdc836196bd8b72ddb7b8e3dbdfb120053610bd425dd97aa59
PHTV,Pyramisa Hotels,travel_leisure,Travel & Leisure,4,9694854000,EGX sector workbook (EGX_Active_Stocks_By_Sector_Market_Cap.xlsx),2026-08-10 - EGX 'last trading date' on company pages,2758a5ec68ee56bdc836196bd8b72ddb7b8e3dbdfb120053610bd425dd97aa59
PMSC,Petroleum Marine Services Co P.M.S,energy_support_services,Energy & Support Services,5,5983092000,EGX sector workbook (EGX_Active_Stocks_By_Sector_Market_Cap.xlsx),2026-08-10 - EGX 'last trading date' on company pages,2758a5ec68ee56bdc836196bd8b72ddb7b8e3dbdfb120053610bd425dd97aa59
POCO,Port Said Containers And Cargo Handling Co.,shipping_transportation_services,Shipping & Transportation Services,5,1000000000,EGX sector workbook (EGX_Active_Stocks_By_Sector_Market_Cap.xlsx),2026-08-10 - EGX 'last trading date' on company pages,2758a5ec68ee56bdc836196bd8b72ddb7b8e3dbdfb120053610bd425dd97aa59
POUL,Cairo Poultry,food_and_beverages,Food and Beverages,4,19136113920,EGX sector workbook (EGX_Active_Stocks_By_Sector_Market_Cap.xlsx),2026-08-10 - EGX 'last trading date' on company pages,2758a5ec68ee56bdc836196bd8b72ddb7b8e3dbdfb120053610bd425dd97aa59
PRCL,Ceramic & Porcelain,building_materials,Building Materials,8,1772879680,EGX sector workbook (EGX_Active_Stocks_By_Sector_Market_Cap.xlsx),2026-08-10 - EGX 'last trading date' on company pages,2758a5ec68ee56bdc836196bd8b72ddb7b8e3dbdfb120053610bd425dd97aa59
PRDC,Pioneers Properties For Urban Development - PRE Group,real_estate,Real Estate,8,9654724475,EGX sector workbook (EGX_Active_Stocks_By_Sector_Market_Cap.xlsx),2026-08-10 - EGX 'last trading date' on company pages,2758a5ec68ee56bdc836196bd8b72ddb7b8e3dbdfb120053610bd425dd97aa59
PRMH,Prime Holding,non_bank_financial_services,Non-bank Financial Services,26,969500000,EGX sector workbook (EGX_Active_Stocks_By_Sector_Market_Cap.xlsx),2026-08-10 - EGX 'last trading date' on company pages,2758a5ec68ee56bdc836196bd8b72ddb7b8e3dbdfb120053610bd425dd97aa59
QNBE,Qatar National Bank,banks,Banks,2,120993309541,EGX sector workbook (EGX_Active_Stocks_By_Sector_Market_Cap.xlsx),2026-08-10 - EGX 'last trading date' on company pages,2758a5ec68ee56bdc836196bd8b72ddb7b8e3dbdfb120053610bd425dd97aa59
RACC,Raya Customer Experience,it_media_and_communication_services,"IT, Media, and Communication Services",7,2019950888,EGX sector workbook (EGX_Active_Stocks_By_Sector_Market_Cap.xlsx),2026-08-10 - EGX 'last trading date' on company pages,2758a5ec68ee56bdc836196bd8b72ddb7b8e3dbdfb120053610bd425dd97aa59
RAKT,Rakta Paper Manufacturing,paper_packaging,Paper & Packaging,4,688800000,EGX sector workbook (EGX_Active_Stocks_By_Sector_Market_Cap.xlsx),2026-08-10 - EGX 'last trading date' on company pages,2758a5ec68ee56bdc836196bd8b72ddb7b8e3dbdfb120053610bd425dd97aa59
RAYA,Raya Holding For Financial Investments,non_bank_financial_services,Non-bank Financial Services,4,31510351572,EGX sector workbook (EGX_Active_Stocks_By_Sector_Market_Cap.xlsx),2026-08-10 - EGX 'last trading date' on company pages,2758a5ec68ee56bdc836196bd8b72ddb7b8e3dbdfb120053610bd425dd97aa59
RMDA,Tenth Of Ramadan Pharmaceutical Industries&Diagnostic-Rameda,health_care_pharmaceuticals,Health Care & Pharmaceuticals,7,14107752312,EGX sector workbook (EGX_Active_Stocks_By_Sector_Market_Cap.xlsx),2026-08-10 - EGX 'last trading date' on company pages,2758a5ec68ee56bdc836196bd8b72ddb7b8e3dbdfb120053610bd425dd97aa59
ROTO,Rowad Tourism (Al Rowad),travel_leisure,Travel & Leisure,9,841353480,EGX sector workbook (EGX_Active_Stocks_By_Sector_Market_Cap.xlsx),2026-08-10 - EGX 'last trading date' on company pages,2758a5ec68ee56bdc836196bd8b72ddb7b8e3dbdfb120053610bd425dd97aa59
RREI,Arab Real Estate Investment CO.-ALICO,real_estate,Real Estate,28,1190112000,EGX sector workbook (EGX_Active_Stocks_By_Sector_Market_Cap.xlsx),2026-08-10 - EGX 'last trading date' on company pages,2758a5ec68ee56bdc836196bd8b72ddb7b8e3dbdfb120053610bd425dd97aa59
RTVC,Remco for Touristic Villages Construction,travel_leisure,Travel & Leisure,8,937831689,EGX sector workbook (EGX_Active_Stocks_By_Sector_Market_Cap.xlsx),2026-08-10 - EGX 'last trading date' on company pages,2758a5ec68ee56bdc836196bd8b72ddb7b8e3dbdfb120053610bd425dd97aa59
RUBX,Rubex International for Plastic and Acrylic Manufacturing,building_materials,Building Materials,13,751773740,EGX sector workbook (EGX_Active_Stocks_By_Sector_Market_Cap.xlsx),2026-08-10 - EGX 'last trading date' on company pages,2758a5ec68ee56bdc836196bd8b72ddb7b8e3dbdfb120053610bd425dd97aa59
SAIB,Societe Arabe Internationale De Banque S.A.E.,banks,Banks,13,3482472410,EGX sector workbook (EGX_Active_Stocks_By_Sector_Market_Cap.xlsx),2026-08-10 - EGX 'last trading date' on company pages,2758a5ec68ee56bdc836196bd8b72ddb7b8e3dbdfb120053610bd425dd97aa59
SAUD,Al Baraka Bank Egypt,banks,Banks,10,16251559556,EGX sector workbook (EGX_Active_Stocks_By_Sector_Market_Cap.xlsx),2026-08-10 - EGX 'last trading date' on company pages,2758a5ec68ee56bdc836196bd8b72ddb7b8e3dbdfb120053610bd425dd97aa59
SCEM,Sinai Cement,building_materials,Building Materials,2,21384014989,EGX sector workbook (EGX_Active_Stocks_By_Sector_Market_Cap.xlsx),2026-08-10 - EGX 'last trading date' on company pages,2758a5ec68ee56bdc836196bd8b72ddb7b8e3dbdfb120053610bd425dd97aa59
SCFM,South Cairo & Giza Mills & Bakeries,food_and_beverages,Food and Beverages,24,1671060000,EGX sector workbook (EGX_Active_Stocks_By_Sector_Market_Cap.xlsx),2026-08-10 - EGX 'last trading date' on company pages,2758a5ec68ee56bdc836196bd8b72ddb7b8e3dbdfb120053610bd425dd97aa59
SCTS,Sues Canal Company For Technology Settling,education_services,Education Services,1,56387997000,EGX sector workbook (EGX_Active_Stocks_By_Sector_Market_Cap.xlsx),2026-08-10 - EGX 'last trading date' on company pages,2758a5ec68ee56bdc836196bd8b72ddb7b8e3dbdfb120053610bd425dd97aa59
SDTI,Sharm Dreams Co. for Tourism Investment,travel_leisure,Travel & Leisure,6,3854162360,EGX sector workbook (EGX_Active_Stocks_By_Sector_Market_Cap.xlsx),2026-08-10 - EGX 'last trading date' on company pages,2758a5ec68ee56bdc836196bd8b72ddb7b8e3dbdfb120053610bd425dd97aa59
SEIG,Saudi Egyptian Investment & Finance,non_bank_financial_services,Non-bank Financial Services,20,1347500000,EGX sector workbook (EGX_Active_Stocks_By_Sector_Market_Cap.xlsx),2026-08-10 - EGX 'last trading date' on company pages,2758a5ec68ee56bdc836196bd8b72ddb7b8e3dbdfb120053610bd425dd97aa59
SIDC,Chemical Industries Development - CID,health_care_pharmaceuticals,Health Care & Pharmaceuticals,20,400000000,EGX sector workbook (EGX_Active_Stocks_By_Sector_Market_Cap.xlsx),2026-08-10 - EGX 'last trading date' on company pages,2758a5ec68ee56bdc836196bd8b72ddb7b8e3dbdfb120053610bd425dd97aa59
SIEG,Egyptian Company for Pipes and Cement Products Siegwart,building_materials,Building Materials,10,1200000000,EGX sector workbook (EGX_Active_Stocks_By_Sector_Market_Cap.xlsx),2026-08-10 - EGX 'last trading date' on company pages,2758a5ec68ee56bdc836196bd8b72ddb7b8e3dbdfb120053610bd425dd97aa59
SIMO,Paper Middle East (Simo),paper_packaging,Paper & Packaging,6,46050000,EGX sector workbook (EGX_Active_Stocks_By_Sector_Market_Cap.xlsx),2026-08-10 - EGX 'last trading date' on company pages,2758a5ec68ee56bdc836196bd8b72ddb7b8e3dbdfb120053610bd425dd97aa59
SINA,Sinai Manganese Company,basic_resources,Basic Resources,18,300000000,EGX sector workbook (EGX_Active_Stocks_By_Sector_Market_Cap.xlsx),2026-08-10 - EGX 'last trading date' on company pages,2758a5ec68ee56bdc836196bd8b72ddb7b8e3dbdfb120053610bd425dd97aa59
SIPC,Sabaa International Company for Pharmaceutical and Chemical,health_care_pharmaceuticals,Health Care & Pharmaceuticals,17,1277500000,EGX sector workbook (EGX_Active_Stocks_By_Sector_Market_Cap.xlsx),2026-08-10 - EGX 'last trading date' on company pages,2758a5ec68ee56bdc836196bd8b72ddb7b8e3dbdfb120053610bd425dd97aa59
SKPC,Sidi Kerir Petrochemicals - SIDPEC,basic_resources,Basic Resources,8,18620280000,EGX sector workbook (EGX_Active_Stocks_By_Sector_Market_Cap.xlsx),2026-08-10 - EGX 'last trading date' on company pages,2758a5ec68ee56bdc836196bd8b72ddb7b8e3dbdfb120053610bd425dd97aa59
SMFR,Samad Misr -EGYFERT,trade_distributors,Trade & Distributors,5,2503200000,EGX sector workbook (EGX_Active_Stocks_By_Sector_Market_Cap.xlsx),2026-08-10 - EGX 'last trading date' on company pages,2758a5ec68ee56bdc836196bd8b72ddb7b8e3dbdfb120053610bd425dd97aa59
SNFC,Sharkia National Food,food_and_beverages,Food and Beverages,23,1776969981,EGX sector workbook (EGX_Active_Stocks_By_Sector_Market_Cap.xlsx),2026-08-10 - EGX 'last trading date' on company pages,2758a5ec68ee56bdc836196bd8b72ddb7b8e3dbdfb120053610bd425dd97aa59
SPHT,El Shams Pyramids For Hotels& Touristic Projects,travel_leisure,Travel & Leisure,5,8012537294,EGX sector workbook (EGX_Active_Stocks_By_Sector_Market_Cap.xlsx),2026-08-10 - EGX 'last trading date' on company pages,2758a5ec68ee56bdc836196bd8b72ddb7b8e3dbdfb120053610bd425dd97aa59
SPIN,Alexandria Spinning & Weaving (SPINALEX),textile_durable_goods,Textile & Durable Goods,3,5666925512,EGX sector workbook (EGX_Active_Stocks_By_Sector_Market_Cap.xlsx),2026-08-10 - EGX 'last trading date' on company pages,2758a5ec68ee56bdc836196bd8b72ddb7b8e3dbdfb120053610bd425dd97aa59
SPMD,Speed Medical,health_care_pharmaceuticals,Health Care & Pharmaceuticals,19,815221190,EGX sector workbook (EGX_Active_Stocks_By_Sector_Market_Cap.xlsx),2026-08-10 - EGX 'last trading date' on company pages,2758a5ec68ee56bdc836196bd8b72ddb7b8e3dbdfb120053610bd425dd97aa59
SUGR,Delta Sugar,food_and_beverages,Food and Beverages,8,6953485868,EGX sector workbook (EGX_Active_Stocks_By_Sector_Market_Cap.xlsx),2026-08-10 - EGX 'last trading date' on company pages,2758a5ec68ee56bdc836196bd8b72ddb7b8e3dbdfb120053610bd425dd97aa59
SVCE,South Valley Cement,building_materials,Building Materials,5,4528391728,EGX sector workbook (EGX_Active_Stocks_By_Sector_Market_Cap.xlsx),2026-08-10 - EGX 'last trading date' on company pages,2758a5ec68ee56bdc836196bd8b72ddb7b8e3dbdfb120053610bd425dd97aa59
SWDY,ELSWEDY ELECTRIC,industrial_goods_services_and_automobiles,"Industrial Goods, Services, and Automobiles",1,231204010608,EGX sector workbook (EGX_Active_Stocks_By_Sector_Market_Cap.xlsx),2026-08-10 - EGX 'last trading date' on company pages,2758a5ec68ee56bdc836196bd8b72ddb7b8e3dbdfb120053610bd425dd97aa59
TALM,Taaleem Management Services,education_services,Education Services,3,13807239563,EGX sector workbook (EGX_Active_Stocks_By_Sector_Market_Cap.xlsx),2026-08-10 - EGX 'last trading date' on company pages,2758a5ec68ee56bdc836196bd8b72ddb7b8e3dbdfb120053610bd425dd97aa59
TANM,Tanmiya for Real Estate Investment,real_estate,Real Estate,29,951570000,EGX sector workbook (EGX_Active_Stocks_By_Sector_Market_Cap.xlsx),2026-08-10 - EGX 'last trading date' on company pages,2758a5ec68ee56bdc836196bd8b72ddb7b8e3dbdfb120053610bd425dd97aa59
TAQA,Taqa Arabia,utilities,Utilities,1,20826248520,EGX sector workbook (EGX_Active_Stocks_By_Sector_Market_Cap.xlsx),2026-08-10 - EGX 'last trading date' on company pages,2758a5ec68ee56bdc836196bd8b72ddb7b8e3dbdfb120053610bd425dd97aa59
TMGH,T M G Holding,real_estate,Real Estate,1,202665299853,EGX sector workbook (EGX_Active_Stocks_By_Sector_Market_Cap.xlsx),2026-08-10 - EGX 'last trading date' on company pages,2758a5ec68ee56bdc836196bd8b72ddb7b8e3dbdfb120053610bd425dd97aa59
TRTO,TransOceans Tours,travel_leisure,Travel & Leisure,13,169520940,EGX sector workbook (EGX_Active_Stocks_By_Sector_Market_Cap.xlsx),2026-08-10 - EGX 'last trading date' on company pages,2758a5ec68ee56bdc836196bd8b72ddb7b8e3dbdfb120053610bd425dd97aa59
TWSA,TAWASOA For Factoring,non_bank_financial_services,Non-bank Financial Services,29,753250000,EGX sector workbook (EGX_Active_Stocks_By_Sector_Market_Cap.xlsx),2026-08-10 - EGX 'last trading date' on company pages,2758a5ec68ee56bdc836196bd8b72ddb7b8e3dbdfb120053610bd425dd97aa59
TYCN,Tycoon Holding Company For Financial Investments,non_bank_financial_services,Non-bank Financial Services,30,751877500,EGX sector workbook (EGX_Active_Stocks_By_Sector_Market_Cap.xlsx),2026-08-10 - EGX 'last trading date' on company pages,2758a5ec68ee56bdc836196bd8b72ddb7b8e3dbdfb120053610bd425dd97aa59
UBEE,The United Bank,banks,Banks,11,15422000000,EGX sector workbook (EGX_Active_Stocks_By_Sector_Market_Cap.xlsx),2026-08-10 - EGX 'last trading date' on company pages,2758a5ec68ee56bdc836196bd8b72ddb7b8e3dbdfb120053610bd425dd97aa59
UEFM,Upper Egypt Flour Mills,food_and_beverages,Food and Beverages,11,3822210000,EGX sector workbook (EGX_Active_Stocks_By_Sector_Market_Cap.xlsx),2026-08-10 - EGX 'last trading date' on company pages,2758a5ec68ee56bdc836196bd8b72ddb7b8e3dbdfb120053610bd425dd97aa59
UEGC,Elsaeed Contracting& Real Estate Investment Company SCCD,real_estate,Real Estate,22,2045153352,EGX sector workbook (EGX_Active_Stocks_By_Sector_Market_Cap.xlsx),2026-08-10 - EGX 'last trading date' on company pages,2758a5ec68ee56bdc836196bd8b72ddb7b8e3dbdfb120053610bd425dd97aa59
UNIP,Universal For Paper and Packaging Materials (Unipack,paper_packaging,Paper & Packaging,2,941782911,EGX sector workbook (EGX_Active_Stocks_By_Sector_Market_Cap.xlsx),2026-08-10 - EGX 'last trading date' on company pages,2758a5ec68ee56bdc836196bd8b72ddb7b8e3dbdfb120053610bd425dd97aa59
UNIT,United Housing & Development,real_estate,Real Estate,14,4188186075,EGX sector workbook (EGX_Active_Stocks_By_Sector_Market_Cap.xlsx),2026-08-10 - EGX 'last trading date' on company pages,2758a5ec68ee56bdc836196bd8b72ddb7b8e3dbdfb120053610bd425dd97aa59
VALU,U Consumer Finance,non_bank_financial_services,Non-bank Financial Services,5,24517989928,EGX sector workbook (EGX_Active_Stocks_By_Sector_Market_Cap.xlsx),2026-08-10 - EGX 'last trading date' on company pages,2758a5ec68ee56bdc836196bd8b72ddb7b8e3dbdfb120053610bd425dd97aa59
VLMRA,Valmore Holding,non_bank_financial_services,Non-bank Financial Services,2,35851855395,EGX sector workbook (EGX_Active_Stocks_By_Sector_Market_Cap.xlsx),2026-08-10 - EGX 'last trading date' on company pages,2758a5ec68ee56bdc836196bd8b72ddb7b8e3dbdfb120053610bd425dd97aa59
WCDF,Middle & West Delta Flour Mills,food_and_beverages,Food and Beverages,10,4409175000,EGX sector workbook (EGX_Active_Stocks_By_Sector_Market_Cap.xlsx),2026-08-10 - EGX 'last trading date' on company pages,2758a5ec68ee56bdc836196bd8b72ddb7b8e3dbdfb120053610bd425dd97aa59
WKOL,Wadi Kom Ombo Land Reclamation,construction,Construction,9,1800008000,EGX sector workbook (EGX_Active_Stocks_By_Sector_Market_Cap.xlsx),2026-08-10 - EGX 'last trading date' on company pages,2758a5ec68ee56bdc836196bd8b72ddb7b8e3dbdfb120053610bd425dd97aa59
YAYT,Spring And Transportation Needs Manufacturing Co,industrial_goods_services_and_automobiles,"Industrial Goods, Services, and Automobiles",8,125000000,EGX sector workbook (EGX_Active_Stocks_By_Sector_Market_Cap.xlsx),2026-08-10 - EGX 'last trading date' on company pages,2758a5ec68ee56bdc836196bd8b72ddb7b8e3dbdfb120053610bd425dd97aa59
ZEOT,Extracted Oils,food_and_beverages,Food and Beverages,15,2614000000,EGX sector workbook (EGX_Active_Stocks_By_Sector_Market_Cap.xlsx),2026-08-10 - EGX 'last trading date' on company pages,2758a5ec68ee56bdc836196bd8b72ddb7b8e3dbdfb120053610bd425dd97aa59
ZMID,Zahraa Maadi Investment & Development,real_estate,Real Estate,10,7610000000,EGX sector workbook (EGX_Active_Stocks_By_Sector_Market_Cap.xlsx),2026-08-10 - EGX 'last trading date' on company pages,2758a5ec68ee56bdc836196bd8b72ddb7b8e3dbdfb120053610bd425dd97aa59
