canonical_symbol,eodhd_symbol,company_name,exchange,currency,instrument_type,isin
AALR,AALR.EGX,"General Company For Land Reclamation,Development & Reconstru",EGX,EGP,Common Stock,EGS01081C016
ABUK,ABUK.EGX,Abou Kir Fertilizers,EGX,EGP,Common Stock,EGS38191C010
ACAMD,ACAMD.EGX,Arab Co. for Asset Management And Development,EGX,EGP,Common Stock,EGS72AQ1C016
ACAP,ACAP.EGX,A Capital Holding,EGX,EGP,Common Stock,EGS697S1C015
ACGC,ACGC.EGX,Arab Cotton Ginning,EGX,EGP,Common Stock,EGS32221C011
ACTF,ACTF.EGX,Act Financial,EGX,EGP,Common Stock,EGS7D5P1C019
ADCI,ADCI.EGX,Arab Pharmaceuticals,EGX,EGP,Common Stock,EGS38321C013
ADIB,ADIB.EGX,Abu Dhabi Islamic Bank- Egypt,EGX,EGP,Common Stock,EGS60111C019
ADPC,ADPC.EGX,The Arab Dairy Products Co. Arab Dairy - Panda,EGX,EGP,Common Stock,EGS30221C013
AFDI,AFDI.EGX,El Ahli Investment and Development,EGX,EGP,Common Stock,EGS69021C011
AFMC,AFMC.EGX,Alexandria Flour Mills,EGX,EGP,Common Stock,EGS30471C014
AGIG,AGIG.EGX,Arab Moltaka Investments Co,EGX,EGP,Common Stock,EGS67221C019
AIDC,AIDC.EGX,Arabia for Investment and Development,EGX,EGP,Common Stock,EGS65R01C015
AIND,AIND.EGX,Arabia Investments Holding,EGX,EGP,Common Stock,EGS21351C019
AJWA,AJWA.EGX,AJWA for Food Industries company Egypt,EGX,EGP,Common Stock,EGS30211C014
ALCN,ALCN.EGX,Alexandria Containers and goods,EGX,EGP,Common Stock,EGS42111C012
ALRA,ALRA.EGX,Atlas For Investment and Food Industries,EGX,EGP,Common Stock,EGS071L1C018
ALUM,ALUM.EGX,Arab Aluminum,EGX,EGP,Common Stock,EGS3D031C018
AMER,AMER.EGX,Amer Group Holding,EGX,EGP,Common Stock,EGS675S1C011
AMES,AMES.EGX,Alexandria New Medical Center,EGX,EGP,Common Stock,EGS72081C010
AMIA,AMIA.EGX,Arab Moltaka Investments Co.,EGX,EGP,Common Stock,
AMII,AMII.EGX,Arabian Metal Industries And Industrial Investments,EGX,EGP,Common Stock,EGS3E1E1C013
AMOC,AMOC.EGX,Alexandria Mineral Oils Company,EGX,EGP,Common Stock,EGS380P1C010
APSW,APSW.EGX,ARAB POLVARA SPINNING & WEAVING CO.,EGX,EGP,Common Stock,EGS32331C018
ARAB,ARAB.EGX,Arab Developers Holding,EGX,EGP,Common Stock,EGS694A1C018
ARCC,ARCC.EGX,Arabian Cement Company,EGX,EGP,Common Stock,EGS3C0O1C016
AREH,AREH.EGX,Egyptian Real Estate Group,EGX,EGP,Common Stock,EGS65211C012
ARVA,ARVA.EGX,Arab Valves Company,EGX,EGP,Common Stock,EGS3E1E1C013
ASCM,ASCM.EGX,ASEC Company for Mining - ASCOM,EGX,EGP,Common Stock,EGS10001C013
ASPI,ASPI.EGX,Aspire Capital Holding For Financial Investments,EGX,EGP,Common Stock,EGS691L1C018
ATLC,ATLC.EGX,Al Tawfeek Leasing Company-A.T.LEASE,EGX,EGP,Common Stock,EGS676N1C015
ATQA,ATQA.EGX,Misr National Steel - Ataqa,EGX,EGP,Common Stock,EGS3D0C1C018
AUTO,AUTO.EGX,GB Corp,EGX,EGP,Common Stock,EGS673T1C012
AXPH,AXPH.EGX,Alexandria Pharmaceuticals,EGX,EGP,Common Stock,EGS38341C011
BINV,BINV.EGX,B Investments Holding,EGX,EGP,Common Stock,EGS691T1C010
BIOC,BIOC.EGX,Glaxo Smith Kline,EGX,EGP,Common Stock,EGS38171C012
BONY,BONY.EGX,Bonyan for Development and Trade,EGX,EGP,Common Stock,EGS656M1C010
BTFH,BTFH.EGX,Beltone Holding,EGX,EGP,Common Stock,EGS691G1C015
CAED,CAED.EGX,Cairo Educational Services,EGX,EGP,Common Stock,EGS72201C014
CANA,CANA.EGX,Suez Canal Bank S.A.E,EGX,EGP,Common Stock,EGS60231C015
CCAP,CCAP.EGX,QALA For Financial Investments,EGX,EGP,Common Stock,EGS73541C012
CCRS,CCRS.EGX,Gulf Canadian Real Estate Investment Co.,EGX,EGP,Common Stock,EGS651B1C018
CEFM,CEFM.EGX,Middle Egypt Flour Mills,EGX,EGP,Common Stock,EGS30401C011
CERA,CERA.EGX,The Arab Ceramic CO.- Ceramica Remas,EGX,EGP,Common Stock,EGS3C151C015
CFGH,CFGH.EGX,Concrete Fashion Group For Commercial& Industrial Investment,EGX,EGP,Common Stock,EGS672I2C014
CICH,CICH.EGX,CI Capital Holding For Financial Investments,EGX,EGP,Common Stock,EGS691D1C018
CIEB,CIEB.EGX,Credit Agricole Egypt,EGX,EGP,Common Stock,EGS60041C018
CIRA,CIRA.EGX,Cairo for Investment and Real Estate Development SAE,EGX,EGP,Common Stock,
CLHO,CLHO.EGX,Cleopatra Hospital Company,EGX,EGP,Common Stock,EGS729J1C018
CNFN,CNFN.EGX,Contact Financial Holding,EGX,EGP,Common Stock,EGS738I1C018
COMI,COMI.EGX,Commercial International Bank-Egypt (CIB),EGX,EGP,Common Stock,EGS60121C018
COPR,COPR.EGX,Copper For Commercial Investment & Real Estate Development,EGX,EGP,Common Stock,EGS65511C015
COSG,COSG.EGX,Cairo Oils & Soap,EGX,EGP,Common Stock,EGS30581C010
CPCI,CPCI.EGX,Cairo Pharmaceuticals,EGX,EGP,Common Stock,EGS38391C016
CPME,CPME.EGX,Catalyst Partners Middle East,EGX,EGP,Common Stock,EGS698X1C017
CRST,CRST.EGX,Creast Mark For Contracting And Real Estate Development,EGX,EGP,Common Stock,EGS23141C012
CSAG,CSAG.EGX,Canal Shipping Agencies,EGX,EGP,Common Stock,EGS44031C010
DAPH,DAPH.EGX,Development & Engineering Consultants,EGX,EGP,Common Stock,EGS65081C019
DEIN,DEIN.EGX,Delta Insurance,EGX,EGP,Common Stock,EGS63031C016
DGTZ,DGTZ.EGX,Digitize for Investment And Technology,EGX,EGP,Common Stock,EGS74F71C015
DOMT,DOMT.EGX,Arabian Food Industries DOMTY,EGX,EGP,Common Stock,EGS30031C016
DSCW,DSCW.EGX,Dice Sport & Casual Wear,EGX,EGP,Common Stock,EGS33321C018
DTPP,DTPP.EGX,Delta For Printing & Packaging,EGX,EGP,Common Stock,EGS370W1C013
EALR,EALR.EGX,El Arabia for Land Reclamation,EGX,EGP,Common Stock,EGS65771C015
EASB,EASB.EGX,Egyptian Arabian(Themar)Comp. For Securities&Bonds Brok. EAC,EGX,EGP,Common Stock,EGS681D1C010
EAST,EAST.EGX,Eastern Company,EGX,EGP,Common Stock,EGS37091C013
EBSC,EBSC.EGX,Osool ESB Securities Brokerage,EGX,EGP,Common Stock,EGS68181C014
ECAP,ECAP.EGX,El Ezz Porcelain (Gemma),EGX,EGP,Common Stock,EGS3C071C015
EDBM,EDBM.EGX,The Egyptian Company for Construction Development-Lift Slab,EGX,EGP,Common Stock,EGS23141C012
EDFM,EDFM.EGX,East Delta Flour Mills,EGX,EGP,Common Stock,EGS30351C018
EEII,EEII.EGX,El Arabia Engineering Industries,EGX,EGP,Common Stock,EGS3G111C015
EFIC,EFIC.EGX,Egyptian Financial & Industrial,EGX,EGP,Common Stock,EGS38381C017
EFID,EFID.EGX,Edita Food Industries S.A.E,EGX,EGP,Common Stock,EGS305I1C011
EFIH,EFIH.EGX,E-finance For Digital and Financial Investments,EGX,EGP,Common Stock,EGS743O1C013
EGAL,EGAL.EGX,Egypt Aluminum,EGX,EGP,Common Stock,EGS3E181C010
EGAS,EGAS.EGX,Natural Gas & Mining Project (Egypt Gas),EGX,EGP,Common Stock,EGS39011C019
EGBE,EGBE.EGX,Egyptian Gulf Bank,EGX,EGP,Common Stock,EGS60182C010
EGCH,EGCH.EGX,Egyptian Chemical Industries (Kima),EGX,EGP,Common Stock,EGS38201C017
EGREF,EGREF.EGX,Egyptians Real Estate Fund Certificates,EGX,EGP,Common Stock,EGS694B1C017
EGSA,EGSA.EGX,Egyptian Satellites (NileSat),EGX,EGP,Common Stock,EGS48022C015
EGTS,EGTS.EGX,Egyptian for Tourism Resorts,EGX,EGP,Common Stock,EGS70431C019
EHDR,EHDR.EGX,Egyptians Housing Development & Reconstruction,EGX,EGP,Common Stock,EGS65341C017
ELEC,ELEC.EGX,Electro Cable Egypt,EGX,EGP,Common Stock,EGS3G231C011
ELKA,ELKA.EGX,El Kahera Housing,EGX,EGP,Common Stock,EGS65071C010
ELNA,ELNA.EGX,El Nasr For Manufacturing Agricultural Crops,EGX,EGP,Common Stock,EGS300L1C011
ELSH,ELSH.EGX,El Shams Housing & Urbanization,EGX,EGP,Common Stock,EGS65091C018
EMFD,EMFD.EGX,Emaar Misr for Development,EGX,EGP,Common Stock,EGS673Y1C015
ENGC,ENGC.EGX,Engineering Industries (ICON),EGX,EGP,Common Stock,EGS3F021C017
EOSB,EOSB.EGX,El Orouba Securities Brokerage,EGX,EGP,Common Stock,EGS681I1C015
EPCO,EPCO.EGX,Egypt for Poultry,EGX,EGP,Common Stock,EGS02211C018
EPPK,EPPK.EGX,El Ahram Co. For Printing And Packing,EGX,EGP,Common Stock,EGS360A1C011
ETEL,ETEL.EGX,Telecom Egypt,EGX,EGP,Common Stock,EGS48031C016
ETRS,ETRS.EGX,Egyptian Transport & Commercial Services Co. -EGYTRANS NOSCO,EGX,EGP,Common Stock,EGS42051C010
EXPA,EXPA.EGX,Export Development Bank of Egypt,EGX,EGP,Common Stock,EGS60241C014
FAIT,FAIT.EGX,Faisal Islamic Bank of Egypt - In EGP,EGX,EGP,Common Stock,EGS60321C014
FAITA,FAITA.EGX,Faisal Islamic Bank of Egypt - In US Dollars,EGX,EGP,Common Stock,EGS60322C012
FERC,FERC.EGX,FERCHEM MISR CO. FOR FERTILLIZERS & CHEMICALS,EGX,EGP,Common Stock,EGS385S1C012
FTNS,FTNS.EGX,Fitness Prime,EGX,EGP,Common Stock,EGS774M1C017
FWRY,FWRY.EGX,Fawry For Banking Technology And Electronic Payment,EGX,EGP,Common Stock,EGS745L1C014
GBCO,GBCO.EGX,GB Corp.,EGX,EGP,Common Stock,
GDWA,GDWA.EGX,Gadwa For Industrial Development,EGX,EGP,Common Stock,EGS3JM11C012
GGCC,GGCC.EGX,Giza General Contracting,EGX,EGP,Common Stock,EGS21541C015
GGRN,GGRN.EGX,Gogreen for Agricultural Investment,EGX,EGP,Common Stock,EGS07DR1C012
GIHD,GIHD.EGX,Gharbia Islamic Housing Development,EGX,EGP,Common Stock,EGS65461C013
GMCI,GMCI.EGX,GMC GROUP FOR INDUSTRIAL COMMERCIAL & FINANCIAL INVESTMENTS,EGX,EGP,Common Stock,EGS46051C016
GOUR,GOUR.EGX,Gourmet Egypt.Com Foods,EGX,EGP,Common Stock,EGS540S1C014
GPIM,GPIM.EGX,GPI For Urban Growth,EGX,EGP,Common Stock,EGS213S1C010
GPPL,GPPL.EGX,Golden Pyramids Plaza,EGX,EGP,Common Stock,EGS70342C018
GRCA,GRCA.EGX,Grand Investment Capital,EGX,EGP,Common Stock,EGS69261C013
GSSC,GSSC.EGX,General Silos & Storage,EGX,EGP,Common Stock,EGS30441C017
GTEX,GTEX.EGX,GTEX For Commercial And Industrial,EGX,EGP,Common Stock,EGS59U92C011
GTWL,GTWL.EGX,Golden Textiles & Clothes Wool,EGX,EGP,Common Stock,EGS32161C019
HBCO,HBCO.EGX,Heibco for commercial investments & real estate development,EGX,EGP,Common Stock,EGS23OD1C015
HDBK,HDBK.EGX,Housing & Development Bank,EGX,EGP,Common Stock,EGS60301C016
HELI,HELI.EGX,Heliopolis Housing,EGX,EGP,Common Stock,EGS65591C017
HRHO,HRHO.EGX,EFG Holding,EGX,EGP,Common Stock,EGS69101C011
ICFC,ICFC.EGX,International Company For Fertilizers & Chemicals,EGX,EGP,Common Stock,EGS520D1C015
ICID,ICID.EGX,International Co For Investment & Development,EGX,EGP,Common Stock,EGS67191C014
ICLE,ICLE.EGX,International Company For Leasing (IncoLEASE),EGX,EGP,Common Stock,EGS67001C015
IDRE,IDRE.EGX,Ismailia Development and Real Estate Co,EGX,EGP,Common Stock,EGS214Q1C011
IEEC,IEEC.EGX,Industrial & Engineering Projects,EGX,EGP,Common Stock,EGS22171C010
IFAP,IFAP.EGX,International Agricultural Products,EGX,EGP,Common Stock,EGS07061C012
INFI,INFI.EGX,Ismailia National Food Industries,EGX,EGP,Common Stock,EGS01041C010
IRON,IRON.EGX,Egyptian Iron & Steel,EGX,EGP,Common Stock,EGS3D061C015
ISMA,ISMA.EGX,Ismailia Misr Poultry,EGX,EGP,Common Stock,EGS02021C011
ISMQ,ISMQ.EGX,Iron And Steel for Mines and Quarries,EGX,EGP,Common Stock,EGS102S1C014
ISPH,ISPH.EGX,Ibnsina Pharma,EGX,EGP,Common Stock,EGS512O1C012
JUFO,JUFO.EGX,Juhayna Food Industries,EGX,EGP,Common Stock,EGS30901C010
KABO,KABO.EGX,El Nasr Clothes & Textiles (Kabo),EGX,EGP,Common Stock,EGS33061C010
KASABF,KASABF.EGX,Certificates Of Odin Egyptian Equity Investment Fund-KASAB,EGX,EGP,Common Stock,EGS696Z1C017
KORA,KORA.EGX,KORRA,EGX,EGP,Common Stock,EGS07911C018
KRDI,KRDI.EGX,Al Khair River For Development Agricultural Investment&Envir,EGX,EGP,Common Stock,EGS02291C010
KWIN,KWIN.EGX,El Kahera El Watania Investment,EGX,EGP,Common Stock,EGS69011C012
KZPC,KZPC.EGX,Kafr El Zayat Pesticides,EGX,EGP,Common Stock,EGS38411C012
LCSW,LCSW.EGX,Lecico Egypt,EGX,EGP,Common Stock,EGS3C161C014
LUTS,LUTS.EGX,Lotus For Agricultural Investments And Development,EGX,EGP,Common Stock,EGS07661C019
MAAL,MAAL.EGX,Egyptian Gulf Marseilia For Real Estate Investment,EGX,EGP,Common Stock,EGS739Z1C016
MASR,MASR.EGX,Madinet Masr For Housing and Development,EGX,EGP,Common Stock,EGS65571C019
MATD,MATD.EGX,Marsa Marsa Alam For Tourism Development,EGX,EGP,Common Stock,EGS70P91C010
MBEG,MBEG.EGX,M.B Engineering,EGX,EGP,Common Stock,EGS221V1C015
MBSC,MBSC.EGX,Misr Beni Suef Cement,EGX,EGP,Common Stock,EGS3C371C019
MCQE,MCQE.EGX,Misr Cement (Qena),EGX,EGP,Common Stock,EGS3C391C017
MCRO,MCRO.EGX,Macro Group Pharmaceuticals - Macro Capital,EGX,EGP,Common Stock,EGS7D971C011
MEDP,MEDP.EGX,Medical Packaging Company,EGX,EGP,Common Stock,EGS3C4L1C015
MEGM,MEGM.EGX,Middle East Glass Manufacturing,EGX,EGP,Common Stock,EGS3C001C012
MENA,MENA.EGX,Mena Touristic & Real Estate Investment,EGX,EGP,Common Stock,EGS65441C015
MEPA,MEPA.EGX,Medical Packaging Company,EGX,EGP,Common Stock,
MFPC,MFPC.EGX,Misr Fretilizers Production Company - Mopco,EGX,EGP,Common Stock,EGS39061C014
MFSC,MFSC.EGX,Misr Duty Free Shops,EGX,EGP,Common Stock,EGS53051C016
MHOT,MHOT.EGX,Misr Hotels,EGX,EGP,Common Stock,EGS70081C012
MICH,MICH.EGX,Misr Chemical Industries,EGX,EGP,Common Stock,EGS38211C016
MILS,MILS.EGX,North Cairo Mills,EGX,EGP,Common Stock,EGS30361C017
MIPH,MIPH.EGX,Minapharm Pharmaceuticals,EGX,EGP,Common Stock,EGS380G1C011
MOED,MOED.EGX,The Egyptian Modern Education Systems,EGX,EGP,Common Stock,EGS729F1C012
MOIL,MOIL.EGX,Maridive & oil services,EGX,EGP,Common Stock,EGS44012C010
MOIN,MOIN.EGX,Mohandes Insurance,EGX,EGP,Common Stock,EGS63041C015
MOSC,MOSC.EGX,Misr Oils & Soap,EGX,EGP,Common Stock,EGS38421C011
MPCI,MPCI.EGX,Memphis Pharmaceuticals,EGX,EGP,Common Stock,EGS38351C010
MPCO,MPCO.EGX,Mansourah Poultry,EGX,EGP,Common Stock,EGS02091C014
MPRC,MPRC.EGX,Egyptian Media Production City,EGX,EGP,Common Stock,EGS78021C010
MTIE,MTIE.EGX,MM Group For Industry And International Trade,EGX,EGP,Common Stock,EGS75011C014
NAHO,NAHO.EGX,Naeem Holding,EGX,EGP,Common Stock,EGS69182C011
NAPR,NAPR.EGX,National Printing,EGX,EGP,Common Stock,EGS370O1C013
NARE,NARE.EGX,Naeem Real Estate Holding Group,EGX,EGP,Common Stock,EGS69191C012
NCCW,NCCW.EGX,Nasr Company for Civil Works,EGX,EGP,Common Stock,EGS23111C015
NDRL,NDRL.EGX,National Drilling,EGX,EGP,Common Stock,EGS735N2C012
NEDA,NEDA.EGX,Northern Upper Egypt Development & Agricultural Production,EGX,EGP,Common Stock,EGS52041C018
NHPS,NHPS.EGX,National Housing for Professional Syndicates,EGX,EGP,Common Stock,EGS65131C012
NINH,NINH.EGX,Nozha International Hospital,EGX,EGP,Common Stock,EGS72011C017
NIPH,NIPH.EGX,El-Nile Co. For Pharmaceuticals And Chemical Industries,EGX,EGP,Common Stock,EGS38331C012
NULL,NULL.EGX,Fitness Prime,EGX,EGP,Common Stock,
OBRI,OBRI.EGX,El Obour Real Estate Investment,EGX,EGP,Common Stock,EGS65551C011
OCDI,OCDI.EGX,Six of October Development & Investment (SODIC),EGX,EGP,Common Stock,EGS65851C015
OCPH,OCPH.EGX,October Pharma,EGX,EGP,Common Stock,EGS380R1C018
ODIN,ODIN.EGX,ODIN Investments,EGX,EGP,Common Stock,EGS67181C015
OFH,OFH.EGX,O B Financial Holding,EGX,EGP,Common Stock,EGS696S1C016
OIH,OIH.EGX,Orascom Investment Holding SAE,EGX,EGP,Common Stock,
OLFI,OLFI.EGX,Obour Land For Food Industries,EGX,EGP,Common Stock,EGS30AL1C012
ORAS,ORAS.EGX,Orascom Construction PLC,EGX,EGP,Common Stock,EGS95001C011
ORHD,ORHD.EGX,Orascom Development Egypt,EGX,EGP,Common Stock,EGS70321C012
ORMT,ORMT.EGX,Orascom Investment Holding,EGX,EGP,Common Stock,EGS693V1C014
ORWE,ORWE.EGX,Oriental Weavers,EGX,EGP,Common Stock,EGS33041C012
PHAR,PHAR.EGX,Egyptian International Pharmaceuticals (EIPICO),EGX,EGP,Common Stock,EGS38081C013
PHDC,PHDC.EGX,Palm Hills Development Company,EGX,EGP,Common Stock,EGS655L1C012
PHGC,PHGC.EGX,Premium HealthCare Group,EGX,EGP,Common Stock,EGS72XL1C014
PHTV,PHTV.EGX,Pyramisa Hotels,EGX,EGP,Common Stock,EGS70331C011
PIOH,PIOH.EGX,Pioneers Holding,EGX,EGP,Common Stock,EGS691L1C018
POUL,POUL.EGX,Cairo Poultry,EGX,EGP,Common Stock,EGS02051C018
PRCL,PRCL.EGX,Ceramic & Porcelain,EGX,EGP,Common Stock,EGS3C111C019
PRDC,PRDC.EGX,Pioneers Properties For Urban Development - (PRE Group),EGX,EGP,Common Stock,EGS21FW1C015
PRMH,PRMH.EGX,Prime Holding,EGX,EGP,Common Stock,EGS691A1C011
QNBA,QNBA.EGX,Qatar National Bank,EGX,EGP,Common Stock,EGS60081C014
QNBE,QNBE.EGX,Qatar Natl Bank,EGX,EGP,Common Stock,
RACC,RACC.EGX,Raya Customer Experience,EGX,EGP,Common Stock,EGS74191C015
RAKT,RAKT.EGX,Rakta Paper Manufacturing,EGX,EGP,Common Stock,EGS36021C011
RAYA,RAYA.EGX,Raya Holding For Financial Investments,EGX,EGP,Common Stock,EGS690C1C010
RMDA,RMDA.EGX,Tenth Of Ramadan Pharmaceutical Industries&Diagnostic-Rameda,EGX,EGP,Common Stock,EGS381B1C015
ROTO,ROTO.EGX,Rowad Tourism (Al Rowad),EGX,EGP,Common Stock,EGS70281C018
RREI,RREI.EGX,Arab Real Estate Investment CO.-ALICO,EGX,EGP,Common Stock,EGS65011C016
RTVC,RTVC.EGX,Remco for Touristic Villages Construction,EGX,EGP,Common Stock,EGS70271C019
RUBX,RUBX.EGX,Rubex International for Plastic and Acrylic Manufacturing,EGX,EGP,Common Stock,EGS3A221C018
SAIB,SAIB.EGX,Societe Arabe Internationale De Banque S.A.E,EGX,EGP,Common Stock,EGS60142C014
SAUD,SAUD.EGX,Al Baraka Bank Egypt,EGX,EGP,Common Stock,EGS60101C010
SCEM,SCEM.EGX,Sinai Cement,EGX,EGP,Common Stock,EGS3C401C014
SCFM,SCFM.EGX,South Cairo & Giza Mills & Bakeries,EGX,EGP,Common Stock,EGS30411C010
SCTS,SCTS.EGX,Sues Canal Company For Technology Settling,EGX,EGP,Common Stock,EGS740C1C010
SDTI,SDTI.EGX,Sharm Dreams Co. for Tourism Investment,EGX,EGP,Common Stock,EGS70571C012
SEIG,SEIG.EGX,Saudi Egyptian Investment & Finance,EGX,EGP,Common Stock,EGS67031C012
SEIGA,SEIGA.EGX,Saudi Egyptian Investment & Finance $,EGX,EGP,Common Stock,EGS67032C010
SIMO,SIMO.EGX,Paper Middle East (Simo),EGX,EGP,Common Stock,EGS36091C014
SIPC,SIPC.EGX,Sabaa International Company for Pharmaceutical and Chemical,EGX,EGP,Common Stock,EGS382M1C011
SKPC,SKPC.EGX,Sidi Kerir Petrochemicals - SIDPEC,EGX,EGP,Common Stock,EGS380S1C017
SMFR,SMFR.EGX,Samad Misr -EGYFERT,EGX,EGP,Common Stock,EGS51191C012
SNFC,SNFC.EGX,Sharkia National Food,EGX,EGP,Common Stock,EGS30291C016
SPHT,SPHT.EGX,El Shams Pyramids For Hotels& Touristic Projects,EGX,EGP,Common Stock,EGS70H02C014
SPIN,SPIN.EGX,Alexandria Spinning & Weaving (SPINALEX),EGX,EGP,Common Stock,EGS32041C013
SPMD,SPMD.EGX,Speed Medical,EGX,EGP,Common Stock,EGS73BR1C013
SRWA,SRWA.EGX,Sarwa Capital Holding,EGX,EGP,Common Stock,EGS738I1C018
SUGR,SUGR.EGX,Delta Sugar,EGX,EGP,Common Stock,EGS30201C015
SVCE,SVCE.EGX,South Valley Cement,EGX,EGP,Common Stock,EGS3C351C011
SWDY,SWDY.EGX,ELSWEDY ELECTRIC,EGX,EGP,Common Stock,EGS3G0Z1C014
TALM,TALM.EGX,Taaleem Management Services,EGX,EGP,Common Stock,EGS597R1C017
TANM,TANM.EGX,Tanmiya for Real Estate Investment,EGX,EGP,Common Stock,EGS21EB1C011
TAQA,TAQA.EGX,Taqa Arabia,EGX,EGP,Common Stock,EGS490S1C014
TMGH,TMGH.EGX,T M G Holding,EGX,EGP,Common Stock,EGS691S1C011
TRTO,TRTO.EGX,TransOceans Tours,EGX,EGP,Common Stock,EGS79072C012
TWSA,TWSA.EGX,TAWASOA For Factoring,EGX,EGP,Common Stock,EGS7D231C010
TYCN,TYCN.EGX,Tycoon Holding Company For Financial Investments,EGX,EGP,Common Stock,EGS67331C016
UBEE,UBEE.EGX,The United Bank,EGX,EGP,Common Stock,EGS600M1C017
UEFM,UEFM.EGX,Upper Egypt Flour Mills,EGX,EGP,Common Stock,EGS30451C016
UEGC,UEGC.EGX,Elsaeed Contracting& Real Estate Investment Company SCCD,EGX,EGP,Common Stock,EGS21531C016
UNIP,UNIP.EGX,Universal For Paper and Packaging Materials (Unipack,EGX,EGP,Common Stock,EGS38161C013
UNIT,UNIT.EGX,United Housing & Development,EGX,EGP,Common Stock,EGS65061C011
UTOP,UTOP.EGX,UTOPIA,EGX,EGP,Common Stock,EGS655Y1C017
VALU,VALU.EGX,U Consumer Finance,EGX,EGP,Common Stock,EGS505Z1C018
VLMR,VLMR.EGX,Valmore Holding,EGX,EGP,Common Stock,EGS69082C013
VLMRA,VLMRA.EGX,Valmore Holding-EGP,EGX,EGP,Common Stock,EGS69081C023
WCDF,WCDF.EGX,Middle & West Delta Flour Mills,EGX,EGP,Common Stock,EGS30421C019
WKOL,WKOL.EGX,Wadi Kom Ombo Land Reclamation,EGX,EGP,Common Stock,EGS01071C017
ZEOT,ZEOT.EGX,Extracted Oils,EGX,EGP,Common Stock,EGS38251C012
ZMID,ZMID.EGX,Zahraa Maadi Investment & Development,EGX,EGP,Common Stock,EGS21171C011
