canonical_symbol,old_company_name,new_company_name,change_type
AALR,,"General Company For Land Reclamation,Development & Reconstru",NAME_ADDED
ABUK,,Abou Kir Fertilizers,NAME_ADDED
ACAMD,,Arab Co. for Asset Management And Development,NAME_ADDED
ACAP,,A Capital Holding,NAME_ADDED
ACGC,,Arab Cotton Ginning,NAME_ADDED
ACTF,,Act Financial,NAME_ADDED
ADCI,,Arab Pharmaceuticals,NAME_ADDED
ADIB,,Abu Dhabi Islamic Bank- Egypt,NAME_ADDED
ADPC,,The Arab Dairy Products Co. Arab Dairy - Panda,NAME_ADDED
AFDI,,El Ahli Investment and Development,NAME_ADDED
AFMC,,Alexandria Flour Mills,NAME_ADDED
AIDC,,Arabia for Investment and Development,NAME_ADDED
AJWA,,AJWA for Food Industries company Egypt,NAME_ADDED
ALCN,,Alexandria Containers and goods,NAME_ADDED
ALUM,,Arab Aluminum,NAME_ADDED
AMER,,Amer Group Holding,NAME_ADDED
AMES,,Alexandria New Medical Center,NAME_ADDED
AMIA,,Arab Moltaka Investments Co.,NAME_ADDED
AMOC,,Alexandria Mineral Oils Company,NAME_ADDED
APSW,,ARAB POLVARA SPINNING & WEAVING CO.,NAME_ADDED
ARAB,,Arab Developers Holding,NAME_ADDED
ARCC,,Arabian Cement Company,NAME_ADDED
AREH,,Egyptian Real Estate Group,NAME_ADDED
ARVA,,Arab Valves Company,NAME_ADDED
ASCM,,ASEC Company for Mining - ASCOM,NAME_ADDED
ASPI,,Aspire Capital Holding For Financial Investments,NAME_ADDED
ATLC,,Al Tawfeek Leasing Company-A.T.LEASE,NAME_ADDED
ATQA,,Misr National Steel - Ataqa,NAME_ADDED
AXPH,,Alexandria Pharmaceuticals,NAME_ADDED
BINV,,B Investments Holding,NAME_ADDED
BIOC,,Glaxo Smith Kline,NAME_ADDED
BONY,,Bonyan for Development and Trade,NAME_ADDED
BTFH,,Beltone Holding,NAME_ADDED
CAED,,Cairo Educational Services,NAME_ADDED
CANA,,Suez Canal Bank S.A.E,NAME_ADDED
CCAP,,QALA For Financial Investments,NAME_ADDED
CCRS,,Gulf Canadian Real Estate Investment Co.,NAME_ADDED
CEFM,,Middle Egypt Flour Mills,NAME_ADDED
CERA,,The Arab Ceramic CO.- Ceramica Remas,NAME_ADDED
CFGH,,Concrete Fashion Group For Commercial& Industrial Investment,NAME_ADDED
CICH,,CI Capital Holding For Financial Investments,NAME_ADDED
CIEB,,Credit Agricole Egypt,NAME_ADDED
CIRA,,Cairo for Investment and Real Estate Development SAE,NAME_ADDED
CLHO,,Cleopatra Hospital Company,NAME_ADDED
CNFN,,Contact Financial Holding,NAME_ADDED
COMI,,Commercial International Bank-Egypt (CIB),NAME_ADDED
COPR,,Copper For Commercial Investment & Real Estate Development,NAME_ADDED
COSG,,Cairo Oils & Soap,NAME_ADDED
CPCI,,Cairo Pharmaceuticals,NAME_ADDED
CPME,,Catalyst Partners Middle East,NAME_ADDED
CRST,,Creast Mark For Contracting And Real Estate Development,NAME_ADDED
CSAG,,Canal Shipping Agencies,NAME_ADDED
DAPH,,Development & Engineering Consultants,NAME_ADDED
DEIN,,Delta Insurance,NAME_ADDED
DGTZ,,Digitize for Investment And Technology,NAME_ADDED
DOMT,,Arabian Food Industries DOMTY,NAME_ADDED
DSCW,,Dice Sport & Casual Wear,NAME_ADDED
DTPP,,Delta For Printing & Packaging,NAME_ADDED
EALR,,El Arabia for Land Reclamation,NAME_ADDED
EASB,,Egyptian Arabian(Themar)Comp. For Securities&Bonds Brok. EAC,NAME_ADDED
EAST,,Eastern Company,NAME_ADDED
EBSC,,Osool ESB Securities Brokerage,NAME_ADDED
ECAP,,El Ezz Porcelain (Gemma),NAME_ADDED
EDFM,,East Delta Flour Mills,NAME_ADDED
EEII,,El Arabia Engineering Industries,NAME_ADDED
EFIC,,Egyptian Financial & Industrial,NAME_ADDED
EFID,,Edita Food Industries S.A.E,NAME_ADDED
EFIH,,E-finance For Digital and Financial Investments,NAME_ADDED
EGAL,,Egypt Aluminum,NAME_ADDED
EGAS,,Natural Gas & Mining Project (Egypt Gas),NAME_ADDED
EGBE,,Egyptian Gulf Bank,NAME_ADDED
EGCH,,Egyptian Chemical Industries (Kima),NAME_ADDED
EGREF,,Egyptians Real Estate Fund Certificates,NAME_ADDED
EGSA,,Egyptian Satellites (NileSat),NAME_ADDED
EGTS,,Egyptian for Tourism Resorts,NAME_ADDED
EHDR,,Egyptians Housing Development & Reconstruction,NAME_ADDED
ELEC,,Electro Cable Egypt,NAME_ADDED
ELKA,,El Kahera Housing,NAME_ADDED
ELNA,,El Nasr For Manufacturing Agricultural Crops,NAME_ADDED
ELSH,,El Shams Housing & Urbanization,NAME_ADDED
EMFD,,Emaar Misr for Development,NAME_ADDED
ENGC,,Engineering Industries (ICON),NAME_ADDED
EOSB,,El Orouba Securities Brokerage,NAME_ADDED
EPCO,,Egypt for Poultry,NAME_ADDED
EPPK,,El Ahram Co. For Printing And Packing,NAME_ADDED
ETEL,,Telecom Egypt,NAME_ADDED
ETRS,,Egyptian Transport & Commercial Services Co. -EGYTRANS NOSCO,NAME_ADDED
EXPA,,Export Development Bank of Egypt,NAME_ADDED
FAIT,,Faisal Islamic Bank of Egypt - In EGP,NAME_ADDED
FAITA,,Faisal Islamic Bank of Egypt - In US Dollars,NAME_ADDED
FERC,,FERCHEM MISR CO. FOR FERTILLIZERS & CHEMICALS,NAME_ADDED
FTNS,,Fitness Prime,NAME_ADDED
FWRY,,Fawry For Banking Technology And Electronic Payment,NAME_ADDED
GBCO,,GB Corp.,NAME_ADDED
GDWA,,Gadwa For Industrial Development,NAME_ADDED
GGCC,,Giza General Contracting,NAME_ADDED
GGRN,,Gogreen for Agricultural Investment,NAME_ADDED
GIHD,,Gharbia Islamic Housing Development,NAME_ADDED
GMCI,,GMC GROUP FOR INDUSTRIAL COMMERCIAL & FINANCIAL INVESTMENTS,NAME_ADDED
GOUR,,Gourmet Egypt.Com Foods,NAME_ADDED
GPIM,,GPI For Urban Growth,NAME_ADDED
GPPL,,Golden Pyramids Plaza,NAME_ADDED
GRCA,,Grand Investment Capital,NAME_ADDED
GSSC,,General Silos & Storage,NAME_ADDED
GTEX,,GTEX For Commercial And Industrial,NAME_ADDED
GTWL,,Golden Textiles & Clothes Wool,NAME_ADDED
HBCO,,Heibco for commercial investments & real estate development,NAME_ADDED
HDBK,,Housing & Development Bank,NAME_ADDED
HELI,,Heliopolis Housing,NAME_ADDED
HRHO,,EFG Holding,NAME_ADDED
ICFC,,International Company For Fertilizers & Chemicals,NAME_ADDED
ICID,,International Co For Investment & Development,NAME_ADDED
ICLE,,International Company For Leasing (IncoLEASE),NAME_ADDED
IDRE,,Ismailia Development and Real Estate Co,NAME_ADDED
IEEC,,Industrial & Engineering Projects,NAME_ADDED
IFAP,,International Agricultural Products,NAME_ADDED
INFI,,Ismailia National Food Industries,NAME_ADDED
IRON,,Egyptian Iron & Steel,NAME_ADDED
ISMA,,Ismailia Misr Poultry,NAME_ADDED
ISMQ,,Iron And Steel for Mines and Quarries,NAME_ADDED
ISPH,,Ibnsina Pharma,NAME_ADDED
JUFO,,Juhayna Food Industries,NAME_ADDED
KABO,,El Nasr Clothes & Textiles (Kabo),NAME_ADDED
KASABF,,Certificates Of Odin Egyptian Equity Investment Fund-KASAB,NAME_ADDED
KORA,,KORRA,NAME_ADDED
KRDI,,Al Khair River For Development Agricultural Investment&Envir,NAME_ADDED
KWIN,,El Kahera El Watania Investment,NAME_ADDED
KZPC,,Kafr El Zayat Pesticides,NAME_ADDED
LCSW,,Lecico Egypt,NAME_ADDED
LUTS,,Lotus For Agricultural Investments And Development,NAME_ADDED
MAAL,,Egyptian Gulf Marseilia For Real Estate Investment,NAME_ADDED
MASR,,Madinet Masr For Housing and Development,NAME_ADDED
MBEG,,M.B Engineering,NAME_ADDED
MBSC,,Misr Beni Suef Cement,NAME_ADDED
MCQE,,Misr Cement (Qena),NAME_ADDED
MCRO,,Macro Group Pharmaceuticals - Macro Capital,NAME_ADDED
MEGM,,Middle East Glass Manufacturing,NAME_ADDED
MENA,,Mena Touristic & Real Estate Investment,NAME_ADDED
MEPA,,Medical Packaging Company,NAME_ADDED
MFPC,,Misr Fretilizers Production Company - Mopco,NAME_ADDED
MFSC,,Misr Duty Free Shops,NAME_ADDED
MHOT,,Misr Hotels,NAME_ADDED
MICH,,Misr Chemical Industries,NAME_ADDED
MILS,,North Cairo Mills,NAME_ADDED
MIPH,,Minapharm Pharmaceuticals,NAME_ADDED
MOED,,The Egyptian Modern Education Systems,NAME_ADDED
MOIL,,Maridive & oil services,NAME_ADDED
MOIN,,Mohandes Insurance,NAME_ADDED
MOSC,,Misr Oils & Soap,NAME_ADDED
MPCI,,Memphis Pharmaceuticals,NAME_ADDED
MPCO,,Mansourah Poultry,NAME_ADDED
MPRC,,Egyptian Media Production City,NAME_ADDED
MTIE,,MM Group For Industry And International Trade,NAME_ADDED
NAHO,,Naeem Holding,NAME_ADDED
NAPR,,National Printing,NAME_ADDED
NARE,,Naeem Real Estate Holding Group,NAME_ADDED
NCCW,,Nasr Company for Civil Works,NAME_ADDED
NEDA,,Northern Upper Egypt Development & Agricultural Production,NAME_ADDED
NHPS,,National Housing for Professional Syndicates,NAME_ADDED
NINH,,Nozha International Hospital,NAME_ADDED
NIPH,,El-Nile Co. For Pharmaceuticals And Chemical Industries,NAME_ADDED
OBRI,,El Obour Real Estate Investment,NAME_ADDED
OCDI,,Six of October Development & Investment (SODIC),NAME_ADDED
OCPH,,October Pharma,NAME_ADDED
ODIN,,ODIN Investments,NAME_ADDED
OFH,,O B Financial Holding,NAME_ADDED
OIH,,Orascom Investment Holding SAE,NAME_ADDED
OLFI,,Obour Land For Food Industries,NAME_ADDED
ORAS,,Orascom Construction PLC,NAME_ADDED
ORHD,,Orascom Development Egypt,NAME_ADDED
ORWE,,Oriental Weavers,NAME_ADDED
PHAR,,Egyptian International Pharmaceuticals (EIPICO),NAME_ADDED
PHDC,,Palm Hills Development Company,NAME_ADDED
PHGC,,Premium HealthCare Group,NAME_ADDED
PHTV,,Pyramisa Hotels,NAME_ADDED
POUL,,Cairo Poultry,NAME_ADDED
PRCL,,Ceramic & Porcelain,NAME_ADDED
PRDC,,Pioneers Properties For Urban Development - (PRE Group),NAME_ADDED
PRMH,,Prime Holding,NAME_ADDED
QNBE,,Qatar Natl Bank,NAME_ADDED
RACC,,Raya Customer Experience,NAME_ADDED
RAKT,,Rakta Paper Manufacturing,NAME_ADDED
RAYA,,Raya Holding For Financial Investments,NAME_ADDED
RMDA,,Tenth Of Ramadan Pharmaceutical Industries&Diagnostic-Rameda,NAME_ADDED
ROTO,,Rowad Tourism (Al Rowad),NAME_ADDED
RREI,,Arab Real Estate Investment CO.-ALICO,NAME_ADDED
RTVC,,Remco for Touristic Villages Construction,NAME_ADDED
RUBX,,Rubex International for Plastic and Acrylic Manufacturing,NAME_ADDED
SAIB,,Societe Arabe Internationale De Banque S.A.E,NAME_ADDED
SAUD,,Al Baraka Bank Egypt,NAME_ADDED
SCEM,,Sinai Cement,NAME_ADDED
SCFM,,South Cairo & Giza Mills & Bakeries,NAME_ADDED
SCTS,,Sues Canal Company For Technology Settling,NAME_ADDED
SDTI,,Sharm Dreams Co. for Tourism Investment,NAME_ADDED
SEIG,,Saudi Egyptian Investment & Finance,NAME_ADDED
SIMO,,Paper Middle East (Simo),NAME_ADDED
SIPC,,Sabaa International Company for Pharmaceutical and Chemical,NAME_ADDED
SKPC,,Sidi Kerir Petrochemicals - SIDPEC,NAME_ADDED
SMFR,,Samad Misr -EGYFERT,NAME_ADDED
SNFC,,Sharkia National Food,NAME_ADDED
SPHT,,El Shams Pyramids For Hotels& Touristic Projects,NAME_ADDED
SPIN,,Alexandria Spinning & Weaving (SPINALEX),NAME_ADDED
SPMD,,Speed Medical,NAME_ADDED
SUGR,,Delta Sugar,NAME_ADDED
SVCE,,South Valley Cement,NAME_ADDED
SWDY,,ELSWEDY ELECTRIC,NAME_ADDED
TALM,,Taaleem Management Services,NAME_ADDED
TANM,,Tanmiya for Real Estate Investment,NAME_ADDED
TAQA,,Taqa Arabia,NAME_ADDED
TMGH,,T M G Holding,NAME_ADDED
TRTO,,TransOceans Tours,NAME_ADDED
TWSA,,TAWASOA For Factoring,NAME_ADDED
TYCN,,Tycoon Holding Company For Financial Investments,NAME_ADDED
UBEE,,The United Bank,NAME_ADDED
UEFM,,Upper Egypt Flour Mills,NAME_ADDED
UEGC,,Elsaeed Contracting& Real Estate Investment Company SCCD,NAME_ADDED
UNIP,,Universal For Paper and Packaging Materials (Unipack,NAME_ADDED
UNIT,,United Housing & Development,NAME_ADDED
UTOP,,UTOPIA,NAME_ADDED
VALU,,U Consumer Finance,NAME_ADDED
VLMRA,,Valmore Holding-EGP,NAME_ADDED
WCDF,,Middle & West Delta Flour Mills,NAME_ADDED
WKOL,,Wadi Kom Ombo Land Reclamation,NAME_ADDED
ZEOT,,Extracted Oils,NAME_ADDED
ZMID,,Zahraa Maadi Investment & Development,NAME_ADDED
