canonical_symbol,old_provider_symbol,new_eodhd_symbol,rubix_symbol,rubix_mapping_status
AALR,AALR.CA,AALR.EGX,CASE~AALR,VERIFIED_FEED_OBSERVED
ABUK,ABUK.CA,ABUK.EGX,CASE~ABUK,VERIFIED_FEED_OBSERVED
ACAMD,ACAMD.CA,ACAMD.EGX,CASE~ACAMD,VERIFIED_FEED_OBSERVED
ACAP,ACAP.CA,ACAP.EGX,CASE~ACAP,VERIFIED_FEED_OBSERVED
ACGC,ACGC.CA,ACGC.EGX,CASE~ACGC,VERIFIED_FEED_OBSERVED
ACTF,ACTF.CA,ACTF.EGX,CASE~ACTF,VERIFIED_FEED_OBSERVED
ADCI,ADCI.CA,ADCI.EGX,CASE~ADCI,VERIFIED_FEED_OBSERVED
ADIB,ADIB.CA,ADIB.EGX,CASE~ADIB,VERIFIED_FEED_OBSERVED
ADPC,ADPC.CA,ADPC.EGX,CASE~ADPC,VERIFIED_FEED_OBSERVED
AFDI,AFDI.CA,AFDI.EGX,CASE~AFDI,VERIFIED_FEED_OBSERVED
AFMC,AFMC.CA,AFMC.EGX,CASE~AFMC,VERIFIED_FEED_OBSERVED
AGIG,,AGIG.EGX,,UNVERIFIED_NO_FEED_OBSERVATION
AIDC,AIDC.CA,AIDC.EGX,CASE~AIDC,VERIFIED_FEED_OBSERVED
AIND,,AIND.EGX,,UNVERIFIED_NO_FEED_OBSERVATION
AJWA,AJWA.CA,AJWA.EGX,CASE~AJWA,VERIFIED_FEED_OBSERVED
ALCN,ALCN.CA,ALCN.EGX,CASE~ALCN,VERIFIED_FEED_OBSERVED
ALRA,,ALRA.EGX,,UNVERIFIED_NO_FEED_OBSERVATION
ALUM,ALUM.CA,ALUM.EGX,CASE~ALUM,VERIFIED_FEED_OBSERVED
AMER,AMER.CA,AMER.EGX,CASE~AMER,VERIFIED_FEED_OBSERVED
AMES,AMES.CA,AMES.EGX,CASE~AMES,VERIFIED_FEED_OBSERVED
AMIA,AMIA.CA,AMIA.EGX,CASE~AMIA,VERIFIED_FEED_OBSERVED
AMII,,AMII.EGX,,UNVERIFIED_NO_FEED_OBSERVATION
AMOC,AMOC.CA,AMOC.EGX,CASE~AMOC,VERIFIED_FEED_OBSERVED
APSW,APSW.CA,APSW.EGX,CASE~APSW,VERIFIED_FEED_OBSERVED
ARAB,ARAB.CA,ARAB.EGX,CASE~ARAB,VERIFIED_FEED_OBSERVED
ARCC,ARCC.CA,ARCC.EGX,CASE~ARCC,VERIFIED_FEED_OBSERVED
AREH,AREH.CA,AREH.EGX,CASE~AREH,VERIFIED_FEED_OBSERVED
ARVA,ARVA.CA,ARVA.EGX,CASE~ARVA,VERIFIED_FEED_OBSERVED
ASCM,ASCM.CA,ASCM.EGX,CASE~ASCM,VERIFIED_FEED_OBSERVED
ASPI,ASPI.CA,ASPI.EGX,CASE~ASPI,VERIFIED_FEED_OBSERVED
ATLC,ATLC.CA,ATLC.EGX,CASE~ATLC,VERIFIED_FEED_OBSERVED
ATQA,ATQA.CA,ATQA.EGX,CASE~ATQA,VERIFIED_FEED_OBSERVED
AUTO,,AUTO.EGX,,UNVERIFIED_NO_FEED_OBSERVATION
AXPH,AXPH.CA,AXPH.EGX,CASE~AXPH,VERIFIED_FEED_OBSERVED
BINV,BINV.CA,BINV.EGX,CASE~BINV,VERIFIED_FEED_OBSERVED
BIOC,BIOC.CA,BIOC.EGX,CASE~BIOC,VERIFIED_FEED_OBSERVED
BONY,BONY.CA,BONY.EGX,CASE~BONY,VERIFIED_FEED_OBSERVED
BTFH,BTFH.CA,BTFH.EGX,CASE~BTFH,VERIFIED_FEED_OBSERVED
CAED,CAED.CA,CAED.EGX,CASE~CAED,VERIFIED_FEED_OBSERVED
CANA,CANA.CA,CANA.EGX,CASE~CANA,VERIFIED_FEED_OBSERVED
CCAP,CCAP.CA,CCAP.EGX,CASE~CCAP,VERIFIED_FEED_OBSERVED
CCRS,CCRS.CA,CCRS.EGX,CASE~CCRS,VERIFIED_FEED_OBSERVED
CEFM,CEFM.CA,CEFM.EGX,CASE~CEFM,VERIFIED_FEED_OBSERVED
CERA,CERA.CA,CERA.EGX,CASE~CERA,VERIFIED_FEED_OBSERVED
CFGH,CFGH.CA,CFGH.EGX,CASE~CFGH,VERIFIED_FEED_OBSERVED
CICH,CICH.CA,CICH.EGX,CASE~CICH,VERIFIED_FEED_OBSERVED
CIEB,CIEB.CA,CIEB.EGX,CASE~CIEB,VERIFIED_FEED_OBSERVED
CIRA,CIRA.CA,CIRA.EGX,CASE~CIRA,VERIFIED_FEED_OBSERVED
CLHO,CLHO.CA,CLHO.EGX,CASE~CLHO,VERIFIED_FEED_OBSERVED
CNFN,CNFN.CA,CNFN.EGX,CASE~CNFN,VERIFIED_FEED_OBSERVED
COMI,COMI.CA,COMI.EGX,CASE~COMI,VERIFIED_FEED_OBSERVED
COPR,COPR.CA,COPR.EGX,CASE~COPR,VERIFIED_FEED_OBSERVED
COSG,COSG.CA,COSG.EGX,CASE~COSG,VERIFIED_FEED_OBSERVED
CPCI,CPCI.CA,CPCI.EGX,CASE~CPCI,VERIFIED_FEED_OBSERVED
CPME,CPME.CA,CPME.EGX,CASE~CPME,VERIFIED_FEED_OBSERVED
CRST,CRST.CA,CRST.EGX,CASE~CRST,VERIFIED_FEED_OBSERVED
CSAG,CSAG.CA,CSAG.EGX,CASE~CSAG,VERIFIED_FEED_OBSERVED
DAPH,DAPH.CA,DAPH.EGX,CASE~DAPH,VERIFIED_FEED_OBSERVED
DEIN,DEIN.CA,DEIN.EGX,CASE~DEIN,VERIFIED_FEED_OBSERVED
DGTZ,DGTZ.CA,DGTZ.EGX,CASE~DGTZ,VERIFIED_FEED_OBSERVED
DOMT,DOMT.CA,DOMT.EGX,CASE~DOMT,VERIFIED_FEED_OBSERVED
DSCW,DSCW.CA,DSCW.EGX,CASE~DSCW,VERIFIED_FEED_OBSERVED
DTPP,DTPP.CA,DTPP.EGX,CASE~DTPP,VERIFIED_FEED_OBSERVED
EALR,EALR.CA,EALR.EGX,CASE~EALR,VERIFIED_FEED_OBSERVED
EASB,EASB.CA,EASB.EGX,CASE~EASB,VERIFIED_FEED_OBSERVED
EAST,EAST.CA,EAST.EGX,CASE~EAST,VERIFIED_FEED_OBSERVED
EBSC,EBSC.CA,EBSC.EGX,CASE~EBSC,VERIFIED_FEED_OBSERVED
ECAP,ECAP.CA,ECAP.EGX,CASE~ECAP,VERIFIED_FEED_OBSERVED
EDBM,,EDBM.EGX,,UNVERIFIED_NO_FEED_OBSERVATION
EDFM,EDFM.CA,EDFM.EGX,CASE~EDFM,VERIFIED_FEED_OBSERVED
EEII,EEII.CA,EEII.EGX,CASE~EEII,VERIFIED_FEED_OBSERVED
EFIC,EFIC.CA,EFIC.EGX,CASE~EFIC,VERIFIED_FEED_OBSERVED
EFID,EFID.CA,EFID.EGX,CASE~EFID,VERIFIED_FEED_OBSERVED
EFIH,EFIH.CA,EFIH.EGX,CASE~EFIH,VERIFIED_FEED_OBSERVED
EGAL,EGAL.CA,EGAL.EGX,CASE~EGAL,VERIFIED_FEED_OBSERVED
EGAS,EGAS.CA,EGAS.EGX,CASE~EGAS,VERIFIED_FEED_OBSERVED
EGBE,EGBE.CA,EGBE.EGX,CASE~EGBE,VERIFIED_FEED_OBSERVED
EGCH,EGCH.CA,EGCH.EGX,CASE~EGCH,VERIFIED_FEED_OBSERVED
EGREF,EGREF.CA,EGREF.EGX,CASE~EGREF,VERIFIED_FEED_OBSERVED
EGSA,EGSA.CA,EGSA.EGX,CASE~EGSA,VERIFIED_FEED_OBSERVED
EGTS,EGTS.CA,EGTS.EGX,CASE~EGTS,VERIFIED_FEED_OBSERVED
EHDR,EHDR.CA,EHDR.EGX,CASE~EHDR,VERIFIED_FEED_OBSERVED
ELEC,ELEC.CA,ELEC.EGX,CASE~ELEC,VERIFIED_FEED_OBSERVED
ELKA,ELKA.CA,ELKA.EGX,CASE~ELKA,VERIFIED_FEED_OBSERVED
ELNA,ELNA.CA,ELNA.EGX,CASE~ELNA,VERIFIED_FEED_OBSERVED
ELSH,ELSH.CA,ELSH.EGX,CASE~ELSH,VERIFIED_FEED_OBSERVED
EMFD,EMFD.CA,EMFD.EGX,CASE~EMFD,VERIFIED_FEED_OBSERVED
ENGC,ENGC.CA,ENGC.EGX,CASE~ENGC,VERIFIED_FEED_OBSERVED
EOSB,EOSB.CA,EOSB.EGX,CASE~EOSB,VERIFIED_FEED_OBSERVED
EPCO,EPCO.CA,EPCO.EGX,CASE~EPCO,VERIFIED_FEED_OBSERVED
EPPK,EPPK.CA,EPPK.EGX,CASE~EPPK,VERIFIED_FEED_OBSERVED
ETEL,ETEL.CA,ETEL.EGX,CASE~ETEL,VERIFIED_FEED_OBSERVED
ETRS,ETRS.CA,ETRS.EGX,CASE~ETRS,VERIFIED_FEED_OBSERVED
EXPA,EXPA.CA,EXPA.EGX,CASE~EXPA,VERIFIED_FEED_OBSERVED
FAIT,FAIT.CA,FAIT.EGX,CASE~FAIT,VERIFIED_FEED_OBSERVED
FAITA,FAITA.CA,FAITA.EGX,CASE~FAITA,VERIFIED_FEED_OBSERVED
FERC,FERC.CA,FERC.EGX,CASE~FERC,VERIFIED_FEED_OBSERVED
FTNS,FTNS.CA,FTNS.EGX,CASE~FTNS,VERIFIED_FEED_OBSERVED
FWRY,FWRY.CA,FWRY.EGX,CASE~FWRY,VERIFIED_FEED_OBSERVED
GBCO,GBCO.CA,GBCO.EGX,CASE~GBCO,VERIFIED_FEED_OBSERVED
GDWA,GDWA.CA,GDWA.EGX,CASE~GDWA,VERIFIED_FEED_OBSERVED
GGCC,GGCC.CA,GGCC.EGX,CASE~GGCC,VERIFIED_FEED_OBSERVED
GGRN,GGRN.CA,GGRN.EGX,CASE~GGRN,VERIFIED_FEED_OBSERVED
GIHD,GIHD.CA,GIHD.EGX,CASE~GIHD,VERIFIED_FEED_OBSERVED
GMCI,GMCI.CA,GMCI.EGX,CASE~GMCI,VERIFIED_FEED_OBSERVED
GOUR,GOUR.CA,GOUR.EGX,CASE~GOUR,VERIFIED_FEED_OBSERVED
GPIM,GPIM.CA,GPIM.EGX,CASE~GPIM,VERIFIED_FEED_OBSERVED
GPPL,GPPL.CA,GPPL.EGX,CASE~GPPL,VERIFIED_FEED_OBSERVED
GRCA,GRCA.CA,GRCA.EGX,CASE~GRCA,VERIFIED_FEED_OBSERVED
GSSC,GSSC.CA,GSSC.EGX,CASE~GSSC,VERIFIED_FEED_OBSERVED
GTEX,GTEX.CA,GTEX.EGX,CASE~GTEX,VERIFIED_FEED_OBSERVED
GTWL,GTWL.CA,GTWL.EGX,CASE~GTWL,VERIFIED_FEED_OBSERVED
HBCO,HBCO.CA,HBCO.EGX,CASE~HBCO,VERIFIED_FEED_OBSERVED
HDBK,HDBK.CA,HDBK.EGX,CASE~HDBK,VERIFIED_FEED_OBSERVED
HELI,HELI.CA,HELI.EGX,CASE~HELI,VERIFIED_FEED_OBSERVED
HRHO,HRHO.CA,HRHO.EGX,CASE~HRHO,VERIFIED_FEED_OBSERVED
ICFC,ICFC.CA,ICFC.EGX,CASE~ICFC,VERIFIED_FEED_OBSERVED
ICID,ICID.CA,ICID.EGX,CASE~ICID,VERIFIED_FEED_OBSERVED
ICLE,ICLE.CA,ICLE.EGX,CASE~ICLE,VERIFIED_FEED_OBSERVED
IDRE,IDRE.CA,IDRE.EGX,CASE~IDRE,VERIFIED_FEED_OBSERVED
IEEC,IEEC.CA,IEEC.EGX,CASE~IEEC,VERIFIED_FEED_OBSERVED
IFAP,IFAP.CA,IFAP.EGX,CASE~IFAP,VERIFIED_FEED_OBSERVED
INFI,INFI.CA,INFI.EGX,CASE~INFI,VERIFIED_FEED_OBSERVED
IRON,IRON.CA,IRON.EGX,CASE~IRON,VERIFIED_FEED_OBSERVED
ISMA,ISMA.CA,ISMA.EGX,CASE~ISMA,VERIFIED_FEED_OBSERVED
ISMQ,ISMQ.CA,ISMQ.EGX,CASE~ISMQ,VERIFIED_FEED_OBSERVED
ISPH,ISPH.CA,ISPH.EGX,CASE~ISPH,VERIFIED_FEED_OBSERVED
JUFO,JUFO.CA,JUFO.EGX,CASE~JUFO,VERIFIED_FEED_OBSERVED
KABO,KABO.CA,KABO.EGX,CASE~KABO,VERIFIED_FEED_OBSERVED
KASABF,KASABF.CA,KASABF.EGX,CASE~KASABF,VERIFIED_FEED_OBSERVED
KORA,KORA.CA,KORA.EGX,CASE~KORA,VERIFIED_FEED_OBSERVED
KRDI,KRDI.CA,KRDI.EGX,CASE~KRDI,VERIFIED_FEED_OBSERVED
KWIN,KWIN.CA,KWIN.EGX,CASE~KWIN,VERIFIED_FEED_OBSERVED
KZPC,KZPC.CA,KZPC.EGX,CASE~KZPC,VERIFIED_FEED_OBSERVED
LCSW,LCSW.CA,LCSW.EGX,CASE~LCSW,VERIFIED_FEED_OBSERVED
LUTS,LUTS.CA,LUTS.EGX,CASE~LUTS,VERIFIED_FEED_OBSERVED
MAAL,MAAL.CA,MAAL.EGX,CASE~MAAL,VERIFIED_FEED_OBSERVED
MASR,MASR.CA,MASR.EGX,CASE~MASR,VERIFIED_FEED_OBSERVED
MATD,,MATD.EGX,,UNVERIFIED_NO_FEED_OBSERVATION
MBEG,MBEG.CA,MBEG.EGX,CASE~MBEG,VERIFIED_FEED_OBSERVED
MBSC,MBSC.CA,MBSC.EGX,CASE~MBSC,VERIFIED_FEED_OBSERVED
MCQE,MCQE.CA,MCQE.EGX,CASE~MCQE,VERIFIED_FEED_OBSERVED
MCRO,MCRO.CA,MCRO.EGX,CASE~MCRO,VERIFIED_FEED_OBSERVED
MEDP,,MEDP.EGX,,UNVERIFIED_NO_FEED_OBSERVATION
MEGM,MEGM.CA,MEGM.EGX,CASE~MEGM,VERIFIED_FEED_OBSERVED
MENA,MENA.CA,MENA.EGX,CASE~MENA,VERIFIED_FEED_OBSERVED
MEPA,MEPA.CA,MEPA.EGX,CASE~MEPA,VERIFIED_FEED_OBSERVED
MFPC,MFPC.CA,MFPC.EGX,CASE~MFPC,VERIFIED_FEED_OBSERVED
MFSC,MFSC.CA,MFSC.EGX,CASE~MFSC,VERIFIED_FEED_OBSERVED
MHOT,MHOT.CA,MHOT.EGX,CASE~MHOT,VERIFIED_FEED_OBSERVED
MICH,MICH.CA,MICH.EGX,CASE~MICH,VERIFIED_FEED_OBSERVED
MILS,MILS.CA,MILS.EGX,CASE~MILS,VERIFIED_FEED_OBSERVED
MIPH,MIPH.CA,MIPH.EGX,CASE~MIPH,VERIFIED_FEED_OBSERVED
MOED,MOED.CA,MOED.EGX,CASE~MOED,VERIFIED_FEED_OBSERVED
MOIL,MOIL.CA,MOIL.EGX,CASE~MOIL,VERIFIED_FEED_OBSERVED
MOIN,MOIN.CA,MOIN.EGX,CASE~MOIN,VERIFIED_FEED_OBSERVED
MOSC,MOSC.CA,MOSC.EGX,CASE~MOSC,VERIFIED_FEED_OBSERVED
MPCI,MPCI.CA,MPCI.EGX,CASE~MPCI,VERIFIED_FEED_OBSERVED
MPCO,MPCO.CA,MPCO.EGX,CASE~MPCO,VERIFIED_FEED_OBSERVED
MPRC,MPRC.CA,MPRC.EGX,CASE~MPRC,VERIFIED_FEED_OBSERVED
MTIE,MTIE.CA,MTIE.EGX,CASE~MTIE,VERIFIED_FEED_OBSERVED
NAHO,NAHO.CA,NAHO.EGX,CASE~NAHO,VERIFIED_FEED_OBSERVED
NAPR,NAPR.CA,NAPR.EGX,CASE~NAPR,VERIFIED_FEED_OBSERVED
NARE,NARE.CA,NARE.EGX,CASE~NARE,VERIFIED_FEED_OBSERVED
NCCW,NCCW.CA,NCCW.EGX,CASE~NCCW,VERIFIED_FEED_OBSERVED
NDRL,,NDRL.EGX,,UNVERIFIED_NO_FEED_OBSERVATION
NEDA,NEDA.CA,NEDA.EGX,CASE~NEDA,VERIFIED_FEED_OBSERVED
NHPS,NHPS.CA,NHPS.EGX,CASE~NHPS,VERIFIED_FEED_OBSERVED
NINH,NINH.CA,NINH.EGX,CASE~NINH,VERIFIED_FEED_OBSERVED
NIPH,NIPH.CA,NIPH.EGX,CASE~NIPH,VERIFIED_FEED_OBSERVED
NULL,,NULL.EGX,,UNVERIFIED_NO_FEED_OBSERVATION
OBRI,OBRI.CA,OBRI.EGX,CASE~OBRI,VERIFIED_FEED_OBSERVED
OCDI,OCDI.CA,OCDI.EGX,CASE~OCDI,VERIFIED_FEED_OBSERVED
OCPH,OCPH.CA,OCPH.EGX,CASE~OCPH,VERIFIED_FEED_OBSERVED
ODIN,ODIN.CA,ODIN.EGX,CASE~ODIN,VERIFIED_FEED_OBSERVED
OFH,OFH.CA,OFH.EGX,CASE~OFH,VERIFIED_FEED_OBSERVED
OIH,OIH.CA,OIH.EGX,CASE~OIH,VERIFIED_FEED_OBSERVED
OLFI,OLFI.CA,OLFI.EGX,CASE~OLFI,VERIFIED_FEED_OBSERVED
ORAS,ORAS.CA,ORAS.EGX,CASE~ORAS,VERIFIED_FEED_OBSERVED
ORHD,ORHD.CA,ORHD.EGX,CASE~ORHD,VERIFIED_FEED_OBSERVED
ORMT,,ORMT.EGX,,UNVERIFIED_NO_FEED_OBSERVATION
ORWE,ORWE.CA,ORWE.EGX,CASE~ORWE,VERIFIED_FEED_OBSERVED
PHAR,PHAR.CA,PHAR.EGX,CASE~PHAR,VERIFIED_FEED_OBSERVED
PHDC,PHDC.CA,PHDC.EGX,CASE~PHDC,VERIFIED_FEED_OBSERVED
PHGC,PHGC.CA,PHGC.EGX,CASE~PHGC,VERIFIED_FEED_OBSERVED
PHTV,PHTV.CA,PHTV.EGX,CASE~PHTV,VERIFIED_FEED_OBSERVED
PIOH,,PIOH.EGX,,UNVERIFIED_NO_FEED_OBSERVATION
POUL,POUL.CA,POUL.EGX,CASE~POUL,VERIFIED_FEED_OBSERVED
PRCL,PRCL.CA,PRCL.EGX,CASE~PRCL,VERIFIED_FEED_OBSERVED
PRDC,PRDC.CA,PRDC.EGX,CASE~PRDC,VERIFIED_FEED_OBSERVED
PRMH,PRMH.CA,PRMH.EGX,CASE~PRMH,VERIFIED_FEED_OBSERVED
QNBA,,QNBA.EGX,,UNVERIFIED_NO_FEED_OBSERVATION
QNBE,QNBE.CA,QNBE.EGX,CASE~QNBE,VERIFIED_FEED_OBSERVED
RACC,RACC.CA,RACC.EGX,CASE~RACC,VERIFIED_FEED_OBSERVED
RAKT,RAKT.CA,RAKT.EGX,CASE~RAKT,VERIFIED_FEED_OBSERVED
RAYA,RAYA.CA,RAYA.EGX,CASE~RAYA,VERIFIED_FEED_OBSERVED
RMDA,RMDA.CA,RMDA.EGX,CASE~RMDA,VERIFIED_FEED_OBSERVED
ROTO,ROTO.CA,ROTO.EGX,CASE~ROTO,VERIFIED_FEED_OBSERVED
RREI,RREI.CA,RREI.EGX,CASE~RREI,VERIFIED_FEED_OBSERVED
RTVC,RTVC.CA,RTVC.EGX,CASE~RTVC,VERIFIED_FEED_OBSERVED
RUBX,RUBX.CA,RUBX.EGX,CASE~RUBX,VERIFIED_FEED_OBSERVED
SAIB,SAIB.CA,SAIB.EGX,CASE~SAIB,VERIFIED_FEED_OBSERVED
SAUD,SAUD.CA,SAUD.EGX,CASE~SAUD,VERIFIED_FEED_OBSERVED
SCEM,SCEM.CA,SCEM.EGX,CASE~SCEM,VERIFIED_FEED_OBSERVED
SCFM,SCFM.CA,SCFM.EGX,CASE~SCFM,VERIFIED_FEED_OBSERVED
SCTS,SCTS.CA,SCTS.EGX,CASE~SCTS,VERIFIED_FEED_OBSERVED
SDTI,SDTI.CA,SDTI.EGX,CASE~SDTI,VERIFIED_FEED_OBSERVED
SEIG,SEIG.CA,SEIG.EGX,CASE~SEIG,VERIFIED_FEED_OBSERVED
SEIGA,,SEIGA.EGX,,UNVERIFIED_NO_FEED_OBSERVATION
SIMO,SIMO.CA,SIMO.EGX,CASE~SIMO,VERIFIED_FEED_OBSERVED
SIPC,SIPC.CA,SIPC.EGX,CASE~SIPC,VERIFIED_FEED_OBSERVED
SKPC,SKPC.CA,SKPC.EGX,CASE~SKPC,VERIFIED_FEED_OBSERVED
SMFR,SMFR.CA,SMFR.EGX,CASE~SMFR,VERIFIED_FEED_OBSERVED
SNFC,SNFC.CA,SNFC.EGX,CASE~SNFC,VERIFIED_FEED_OBSERVED
SPHT,SPHT.CA,SPHT.EGX,CASE~SPHT,VERIFIED_FEED_OBSERVED
SPIN,SPIN.CA,SPIN.EGX,CASE~SPIN,VERIFIED_FEED_OBSERVED
SPMD,SPMD.CA,SPMD.EGX,CASE~SPMD,VERIFIED_FEED_OBSERVED
SRWA,,SRWA.EGX,,UNVERIFIED_NO_FEED_OBSERVATION
SUGR,SUGR.CA,SUGR.EGX,CASE~SUGR,VERIFIED_FEED_OBSERVED
SVCE,SVCE.CA,SVCE.EGX,CASE~SVCE,VERIFIED_FEED_OBSERVED
SWDY,SWDY.CA,SWDY.EGX,CASE~SWDY,VERIFIED_FEED_OBSERVED
TALM,TALM.CA,TALM.EGX,CASE~TALM,VERIFIED_FEED_OBSERVED
TANM,TANM.CA,TANM.EGX,CASE~TANM,VERIFIED_FEED_OBSERVED
TAQA,TAQA.CA,TAQA.EGX,CASE~TAQA,VERIFIED_FEED_OBSERVED
TMGH,TMGH.CA,TMGH.EGX,CASE~TMGH,VERIFIED_FEED_OBSERVED
TRTO,TRTO.CA,TRTO.EGX,CASE~TRTO,VERIFIED_FEED_OBSERVED
TWSA,TWSA.CA,TWSA.EGX,CASE~TWSA,VERIFIED_FEED_OBSERVED
TYCN,TYCN.CA,TYCN.EGX,CASE~TYCN,VERIFIED_FEED_OBSERVED
UBEE,UBEE.CA,UBEE.EGX,CASE~UBEE,VERIFIED_FEED_OBSERVED
UEFM,UEFM.CA,UEFM.EGX,CASE~UEFM,VERIFIED_FEED_OBSERVED
UEGC,UEGC.CA,UEGC.EGX,CASE~UEGC,VERIFIED_FEED_OBSERVED
UNIP,UNIP.CA,UNIP.EGX,CASE~UNIP,VERIFIED_FEED_OBSERVED
UNIT,UNIT.CA,UNIT.EGX,CASE~UNIT,VERIFIED_FEED_OBSERVED
UTOP,UTOP.CA,UTOP.EGX,CASE~UTOP,VERIFIED_FEED_OBSERVED
VALU,VALU.CA,VALU.EGX,CASE~VALU,VERIFIED_FEED_OBSERVED
VLMR,,VLMR.EGX,,UNVERIFIED_NO_FEED_OBSERVATION
VLMRA,VLMRA.CA,VLMRA.EGX,CASE~VLMRA,VERIFIED_FEED_OBSERVED
WCDF,WCDF.CA,WCDF.EGX,CASE~WCDF,VERIFIED_FEED_OBSERVED
WKOL,WKOL.CA,WKOL.EGX,CASE~WKOL,VERIFIED_FEED_OBSERVED
ZEOT,ZEOT.CA,ZEOT.EGX,CASE~ZEOT,VERIFIED_FEED_OBSERVED
ZMID,ZMID.CA,ZMID.EGX,CASE~ZMID,VERIFIED_FEED_OBSERVED
