canonical_symbol,eodhd_symbol,company_name,isin
AGIG,AGIG.EGX,Arab Moltaka Investments Co,EGS67221C019
AIND,AIND.EGX,Arabia Investments Holding,EGS21351C019
ALRA,ALRA.EGX,Atlas For Investment and Food Industries,EGS071L1C018
AMII,AMII.EGX,Arabian Metal Industries And Industrial Investments,EGS3E1E1C013
AUTO,AUTO.EGX,GB Corp,EGS673T1C012
EDBM,EDBM.EGX,The Egyptian Company for Construction Development-Lift Slab,EGS23141C012
MATD,MATD.EGX,Marsa Marsa Alam For Tourism Development,EGS70P91C010
MEDP,MEDP.EGX,Medical Packaging Company,EGS3C4L1C015
NDRL,NDRL.EGX,National Drilling,EGS735N2C012
NULL,NULL.EGX,Fitness Prime,
ORMT,ORMT.EGX,Orascom Investment Holding,EGS693V1C014
PIOH,PIOH.EGX,Pioneers Holding,EGS691L1C018
QNBA,QNBA.EGX,Qatar National Bank,EGS60081C014
SEIGA,SEIGA.EGX,Saudi Egyptian Investment & Finance $,EGS67032C010
SRWA,SRWA.EGX,Sarwa Capital Holding,EGS738I1C018
VLMR,VLMR.EGX,Valmore Holding,EGS69082C013
