canonical_symbol,eodhd_symbol,company_name
AALR,AALR.EGX,"General Company For Land Reclamation,Development & Reconstru"
ABUK,ABUK.EGX,Abou Kir Fertilizers
ACAMD,ACAMD.EGX,Arab Co. for Asset Management And Development
ACAP,ACAP.EGX,A Capital Holding
ACGC,ACGC.EGX,Arab Cotton Ginning
ACTF,ACTF.EGX,Act Financial
ADCI,ADCI.EGX,Arab Pharmaceuticals
ADIB,ADIB.EGX,Abu Dhabi Islamic Bank- Egypt
ADPC,ADPC.EGX,The Arab Dairy Products Co. Arab Dairy - Panda
AFDI,AFDI.EGX,El Ahli Investment and Development
AFMC,AFMC.EGX,Alexandria Flour Mills
AIDC,AIDC.EGX,Arabia for Investment and Development
AJWA,AJWA.EGX,AJWA for Food Industries company Egypt
ALCN,ALCN.EGX,Alexandria Containers and goods
ALUM,ALUM.EGX,Arab Aluminum
AMER,AMER.EGX,Amer Group Holding
AMES,AMES.EGX,Alexandria New Medical Center
AMIA,AMIA.EGX,Arab Moltaka Investments Co.
AMOC,AMOC.EGX,Alexandria Mineral Oils Company
APSW,APSW.EGX,ARAB POLVARA SPINNING & WEAVING CO.
ARAB,ARAB.EGX,Arab Developers Holding
ARCC,ARCC.EGX,Arabian Cement Company
AREH,AREH.EGX,Egyptian Real Estate Group
ARVA,ARVA.EGX,Arab Valves Company
ASCM,ASCM.EGX,ASEC Company for Mining - ASCOM
ASPI,ASPI.EGX,Aspire Capital Holding For Financial Investments
ATLC,ATLC.EGX,Al Tawfeek Leasing Company-A.T.LEASE
ATQA,ATQA.EGX,Misr National Steel - Ataqa
AXPH,AXPH.EGX,Alexandria Pharmaceuticals
BINV,BINV.EGX,B Investments Holding
BIOC,BIOC.EGX,Glaxo Smith Kline
BONY,BONY.EGX,Bonyan for Development and Trade
BTFH,BTFH.EGX,Beltone Holding
CAED,CAED.EGX,Cairo Educational Services
CANA,CANA.EGX,Suez Canal Bank S.A.E
CCAP,CCAP.EGX,QALA For Financial Investments
CCRS,CCRS.EGX,Gulf Canadian Real Estate Investment Co.
CEFM,CEFM.EGX,Middle Egypt Flour Mills
CERA,CERA.EGX,The Arab Ceramic CO.- Ceramica Remas
CFGH,CFGH.EGX,Concrete Fashion Group For Commercial& Industrial Investment
CICH,CICH.EGX,CI Capital Holding For Financial Investments
CIEB,CIEB.EGX,Credit Agricole Egypt
CIRA,CIRA.EGX,Cairo for Investment and Real Estate Development SAE
CLHO,CLHO.EGX,Cleopatra Hospital Company
CNFN,CNFN.EGX,Contact Financial Holding
COMI,COMI.EGX,Commercial International Bank-Egypt (CIB)
COPR,COPR.EGX,Copper For Commercial Investment & Real Estate Development
COSG,COSG.EGX,Cairo Oils & Soap
CPCI,CPCI.EGX,Cairo Pharmaceuticals
CPME,CPME.EGX,Catalyst Partners Middle East
CRST,CRST.EGX,Creast Mark For Contracting And Real Estate Development
CSAG,CSAG.EGX,Canal Shipping Agencies
DAPH,DAPH.EGX,Development & Engineering Consultants
DEIN,DEIN.EGX,Delta Insurance
DGTZ,DGTZ.EGX,Digitize for Investment And Technology
DOMT,DOMT.EGX,Arabian Food Industries DOMTY
DSCW,DSCW.EGX,Dice Sport & Casual Wear
DTPP,DTPP.EGX,Delta For Printing & Packaging
EALR,EALR.EGX,El Arabia for Land Reclamation
EASB,EASB.EGX,Egyptian Arabian(Themar)Comp. For Securities&Bonds Brok. EAC
EAST,EAST.EGX,Eastern Company
EBSC,EBSC.EGX,Osool ESB Securities Brokerage
ECAP,ECAP.EGX,El Ezz Porcelain (Gemma)
EDFM,EDFM.EGX,East Delta Flour Mills
EEII,EEII.EGX,El Arabia Engineering Industries
EFIC,EFIC.EGX,Egyptian Financial & Industrial
EFID,EFID.EGX,Edita Food Industries S.A.E
EFIH,EFIH.EGX,E-finance For Digital and Financial Investments
EGAL,EGAL.EGX,Egypt Aluminum
EGAS,EGAS.EGX,Natural Gas & Mining Project (Egypt Gas)
EGBE,EGBE.EGX,Egyptian Gulf Bank
EGCH,EGCH.EGX,Egyptian Chemical Industries (Kima)
EGREF,EGREF.EGX,Egyptians Real Estate Fund Certificates
EGSA,EGSA.EGX,Egyptian Satellites (NileSat)
EGTS,EGTS.EGX,Egyptian for Tourism Resorts
EHDR,EHDR.EGX,Egyptians Housing Development & Reconstruction
ELEC,ELEC.EGX,Electro Cable Egypt
ELKA,ELKA.EGX,El Kahera Housing
ELNA,ELNA.EGX,El Nasr For Manufacturing Agricultural Crops
ELSH,ELSH.EGX,El Shams Housing & Urbanization
EMFD,EMFD.EGX,Emaar Misr for Development
ENGC,ENGC.EGX,Engineering Industries (ICON)
EOSB,EOSB.EGX,El Orouba Securities Brokerage
EPCO,EPCO.EGX,Egypt for Poultry
EPPK,EPPK.EGX,El Ahram Co. For Printing And Packing
ETEL,ETEL.EGX,Telecom Egypt
ETRS,ETRS.EGX,Egyptian Transport & Commercial Services Co. -EGYTRANS NOSCO
EXPA,EXPA.EGX,Export Development Bank of Egypt
FAIT,FAIT.EGX,Faisal Islamic Bank of Egypt - In EGP
FAITA,FAITA.EGX,Faisal Islamic Bank of Egypt - In US Dollars
FERC,FERC.EGX,FERCHEM MISR CO. FOR FERTILLIZERS & CHEMICALS
FTNS,FTNS.EGX,Fitness Prime
FWRY,FWRY.EGX,Fawry For Banking Technology And Electronic Payment
GBCO,GBCO.EGX,GB Corp.
GDWA,GDWA.EGX,Gadwa For Industrial Development
GGCC,GGCC.EGX,Giza General Contracting
GGRN,GGRN.EGX,Gogreen for Agricultural Investment
GIHD,GIHD.EGX,Gharbia Islamic Housing Development
GMCI,GMCI.EGX,GMC GROUP FOR INDUSTRIAL COMMERCIAL & FINANCIAL INVESTMENTS
GOUR,GOUR.EGX,Gourmet Egypt.Com Foods
GPIM,GPIM.EGX,GPI For Urban Growth
GPPL,GPPL.EGX,Golden Pyramids Plaza
GRCA,GRCA.EGX,Grand Investment Capital
GSSC,GSSC.EGX,General Silos & Storage
GTEX,GTEX.EGX,GTEX For Commercial And Industrial
GTWL,GTWL.EGX,Golden Textiles & Clothes Wool
HBCO,HBCO.EGX,Heibco for commercial investments & real estate development
HDBK,HDBK.EGX,Housing & Development Bank
HELI,HELI.EGX,Heliopolis Housing
HRHO,HRHO.EGX,EFG Holding
ICFC,ICFC.EGX,International Company For Fertilizers & Chemicals
ICID,ICID.EGX,International Co For Investment & Development
ICLE,ICLE.EGX,International Company For Leasing (IncoLEASE)
IDRE,IDRE.EGX,Ismailia Development and Real Estate Co
IEEC,IEEC.EGX,Industrial & Engineering Projects
IFAP,IFAP.EGX,International Agricultural Products
INFI,INFI.EGX,Ismailia National Food Industries
IRON,IRON.EGX,Egyptian Iron & Steel
ISMA,ISMA.EGX,Ismailia Misr Poultry
ISMQ,ISMQ.EGX,Iron And Steel for Mines and Quarries
ISPH,ISPH.EGX,Ibnsina Pharma
JUFO,JUFO.EGX,Juhayna Food Industries
KABO,KABO.EGX,El Nasr Clothes & Textiles (Kabo)
KASABF,KASABF.EGX,Certificates Of Odin Egyptian Equity Investment Fund-KASAB
KORA,KORA.EGX,KORRA
KRDI,KRDI.EGX,Al Khair River For Development Agricultural Investment&Envir
KWIN,KWIN.EGX,El Kahera El Watania Investment
KZPC,KZPC.EGX,Kafr El Zayat Pesticides
LCSW,LCSW.EGX,Lecico Egypt
LUTS,LUTS.EGX,Lotus For Agricultural Investments And Development
MAAL,MAAL.EGX,Egyptian Gulf Marseilia For Real Estate Investment
MASR,MASR.EGX,Madinet Masr For Housing and Development
MBEG,MBEG.EGX,M.B Engineering
MBSC,MBSC.EGX,Misr Beni Suef Cement
MCQE,MCQE.EGX,Misr Cement (Qena)
MCRO,MCRO.EGX,Macro Group Pharmaceuticals - Macro Capital
MEGM,MEGM.EGX,Middle East Glass Manufacturing
MENA,MENA.EGX,Mena Touristic & Real Estate Investment
MEPA,MEPA.EGX,Medical Packaging Company
MFPC,MFPC.EGX,Misr Fretilizers Production Company - Mopco
MFSC,MFSC.EGX,Misr Duty Free Shops
MHOT,MHOT.EGX,Misr Hotels
MICH,MICH.EGX,Misr Chemical Industries
MILS,MILS.EGX,North Cairo Mills
MIPH,MIPH.EGX,Minapharm Pharmaceuticals
MOED,MOED.EGX,The Egyptian Modern Education Systems
MOIL,MOIL.EGX,Maridive & oil services
MOIN,MOIN.EGX,Mohandes Insurance
MOSC,MOSC.EGX,Misr Oils & Soap
MPCI,MPCI.EGX,Memphis Pharmaceuticals
MPCO,MPCO.EGX,Mansourah Poultry
MPRC,MPRC.EGX,Egyptian Media Production City
MTIE,MTIE.EGX,MM Group For Industry And International Trade
NAHO,NAHO.EGX,Naeem Holding
NAPR,NAPR.EGX,National Printing
NARE,NARE.EGX,Naeem Real Estate Holding Group
NCCW,NCCW.EGX,Nasr Company for Civil Works
NEDA,NEDA.EGX,Northern Upper Egypt Development & Agricultural Production
NHPS,NHPS.EGX,National Housing for Professional Syndicates
NINH,NINH.EGX,Nozha International Hospital
NIPH,NIPH.EGX,El-Nile Co. For Pharmaceuticals And Chemical Industries
OBRI,OBRI.EGX,El Obour Real Estate Investment
OCDI,OCDI.EGX,Six of October Development & Investment (SODIC)
OCPH,OCPH.EGX,October Pharma
ODIN,ODIN.EGX,ODIN Investments
OFH,OFH.EGX,O B Financial Holding
OIH,OIH.EGX,Orascom Investment Holding SAE
OLFI,OLFI.EGX,Obour Land For Food Industries
ORAS,ORAS.EGX,Orascom Construction PLC
ORHD,ORHD.EGX,Orascom Development Egypt
ORWE,ORWE.EGX,Oriental Weavers
PHAR,PHAR.EGX,Egyptian International Pharmaceuticals (EIPICO)
PHDC,PHDC.EGX,Palm Hills Development Company
PHGC,PHGC.EGX,Premium HealthCare Group
PHTV,PHTV.EGX,Pyramisa Hotels
POUL,POUL.EGX,Cairo Poultry
PRCL,PRCL.EGX,Ceramic & Porcelain
PRDC,PRDC.EGX,Pioneers Properties For Urban Development - (PRE Group)
PRMH,PRMH.EGX,Prime Holding
QNBE,QNBE.EGX,Qatar Natl Bank
RACC,RACC.EGX,Raya Customer Experience
RAKT,RAKT.EGX,Rakta Paper Manufacturing
RAYA,RAYA.EGX,Raya Holding For Financial Investments
RMDA,RMDA.EGX,Tenth Of Ramadan Pharmaceutical Industries&Diagnostic-Rameda
ROTO,ROTO.EGX,Rowad Tourism (Al Rowad)
RREI,RREI.EGX,Arab Real Estate Investment CO.-ALICO
RTVC,RTVC.EGX,Remco for Touristic Villages Construction
RUBX,RUBX.EGX,Rubex International for Plastic and Acrylic Manufacturing
SAIB,SAIB.EGX,Societe Arabe Internationale De Banque S.A.E
SAUD,SAUD.EGX,Al Baraka Bank Egypt
SCEM,SCEM.EGX,Sinai Cement
SCFM,SCFM.EGX,South Cairo & Giza Mills & Bakeries
SCTS,SCTS.EGX,Sues Canal Company For Technology Settling
SDTI,SDTI.EGX,Sharm Dreams Co. for Tourism Investment
SEIG,SEIG.EGX,Saudi Egyptian Investment & Finance
SIMO,SIMO.EGX,Paper Middle East (Simo)
SIPC,SIPC.EGX,Sabaa International Company for Pharmaceutical and Chemical
SKPC,SKPC.EGX,Sidi Kerir Petrochemicals - SIDPEC
SMFR,SMFR.EGX,Samad Misr -EGYFERT
SNFC,SNFC.EGX,Sharkia National Food
SPHT,SPHT.EGX,El Shams Pyramids For Hotels& Touristic Projects
SPIN,SPIN.EGX,Alexandria Spinning & Weaving (SPINALEX)
SPMD,SPMD.EGX,Speed Medical
SUGR,SUGR.EGX,Delta Sugar
SVCE,SVCE.EGX,South Valley Cement
SWDY,SWDY.EGX,ELSWEDY ELECTRIC
TALM,TALM.EGX,Taaleem Management Services
TANM,TANM.EGX,Tanmiya for Real Estate Investment
TAQA,TAQA.EGX,Taqa Arabia
TMGH,TMGH.EGX,T M G Holding
TRTO,TRTO.EGX,TransOceans Tours
TWSA,TWSA.EGX,TAWASOA For Factoring
TYCN,TYCN.EGX,Tycoon Holding Company For Financial Investments
UBEE,UBEE.EGX,The United Bank
UEFM,UEFM.EGX,Upper Egypt Flour Mills
UEGC,UEGC.EGX,Elsaeed Contracting& Real Estate Investment Company SCCD
UNIP,UNIP.EGX,Universal For Paper and Packaging Materials (Unipack
UNIT,UNIT.EGX,United Housing & Development
UTOP,UTOP.EGX,UTOPIA
VALU,VALU.EGX,U Consumer Finance
VLMRA,VLMRA.EGX,Valmore Holding-EGP
WCDF,WCDF.EGX,Middle & West Delta Flour Mills
WKOL,WKOL.EGX,Wadi Kom Ombo Land Reclamation
ZEOT,ZEOT.EGX,Extracted Oils
ZMID,ZMID.EGX,Zahraa Maadi Investment & Development
