canonical_symbol,archived_company_name,still_readable_in_history,eligible_for_new_entry
ACRO,Acrow Misr,true,false
ADRI,Arab Development & Real Estate Investment,true,false
AIFI,,true,false
AIHC,,true,false
ALEX,Alexandria Cement,true,false
AMPI,Al Moasher for Programming and Information Dissemination,true,false
APPC,Advanced Pharmaceutical Packaging Co. (APP),true,false
BIDI,El Badr Investment And Development BID,true,false
BIGP,Barbary Investment Group ( BIG),true,false
DCRC,Delta Construction & Rebuilding,true,false
DIFC,,true,false
EGX30ETF,,true,false
EITP,Egyptian International Tourism Projects,true,false
ELWA,,true,false
ESAC,,true,false
ESRS,Ezz Steel,true,false
FCMD,,true,false
FIRE,First Investment Company And Real Estate Development,true,false
FNAR,Al Fanar Contracting Construction Trade Import And Export Co,true,false
GOCO,Golden Coast Company,true,false
GTHE,Global Telecom Holding,true,false
HCFI,,true,false
IBCT,International Business Corporation For Trading and Agencies,true,false
INEG,Integrated Engineering Group S.A.E,true,false
IRAX,EL Ezz Aldekhela Steel - Alexandria,true,false
MISR,,true,false
MKIT,Misr Kuwait Investment & Trading Co.,true,false
MMAT,,true,false
NBKE,National Bank Of Kuwait- Egypt- NBK,true,false
NCGC,Nile Cotton Ginning,true,false
PACH,Paint & Chemicals Industries (Pachin),true,false
RKAZ,REKAZ Financial Holding,true,false
RMTV,Rowad Misr Tourism Investment,true,false
SMPP,Modern Shorouk Printing & Packaging,true,false
SNFI,,true,false
SUCE,Suez Cement,true,false
TORA,Torah Cement,true,false
UASG,United Arab Shipping,true,false
UPMS,Union Pharmacist Company For Medical Services and Investment,true,false
VERT,Vertika for Industry & Trade,true,false
