Symbol,Date Range,Open,High,Low,Closed,% Change,Change,Prev. Closed,Volume,Turnover
NDRL,2026-05-06,5.62,5.62,5.62,4.69,0,0,-1,100,30209.24
NDRL,2025-04-14,5.62,5.62,5.62,4.69,0,0,-1,244,70259.31
NDRL,2024-12-30,3.8,3.8,3.8,4.69,0,0,-1,13,2512.24
NDRL,2023-12-14,3.85,3.85,3.85,4.69,0,0,-1,60,7136.31
NDRL,2023-05-09,4.69,4.69,4.69,4.69,0,0,-1,15,2173.47
NDRL,2023-05-08,4.69,4.69,3.81,4.69,0,0,-1,1982,286793.98
NDRL,2023-04-18,3.8,3.8,3.8,4.69,0,0,-1,32,3756.83
NDRL,2023-04-13,4.69,4.69,3.8,4.69,0,0,-1,96,12012.9
NDRL,2023-04-04,5.62,5.62,5.62,4.69,0,0,-1,1,173.64
NDRL,2022-12-27,3.8,3.8,3.8,4.69,0,0,-1,27,2536.73
NDRL,2022-06-29,4.69,4.69,4.69,4.69,0,0,-1,27,2377.19
NDRL,2022-06-26,4.69,4.69,4.69,4.69,0,0,-1,12,1055.39
NDRL,2022-06-15,4.69,4.69,4.69,4.69,0,0,-1,147,12923.64
NDRL,2022-04-19,3.86,3.86,3.83,4.69,0,0,-1,47,3330.78
NDRL,2022-04-11,3.81,3.81,3.81,4.69,0,0,-1,19,1328.5
NDRL,2022-04-10,3.82,3.82,3.82,4.69,0,0,-1,81,5675.48
NDRL,2022-04-06,4.7,4.7,4.7,4.69,0,0,-1,73,6267.44
NDRL,2022-03-31,4.7,4.7,4.7,4.69,0,0,-1,31,2662.89
NDRL,2022-03-30,4.7,4.7,4.7,4.69,0,0,-1,123,10591.54
NDRL,2022-03-29,4.7,4.7,4.7,4.69,0,0,-1,186,16019.72
NDRL,2022-03-28,4.7,4.7,4.7,4.69,0,0,-1,85,7314.77
NDRL,2022-03-27,4.7,4.7,4.7,4.69,0,0,-1,51,4388.84
NDRL,2022-03-24,4.7,4.7,4.7,4.69,0,0,-1,653,56375.68
NDRL,2022-03-16,4.7,4.7,4.7,4.69,0,0,-1,436,32205.64
NDRL,2022-03-14,4.7,4.7,4.7,4.69,0,0,-1,558,41215.47
NDRL,2022-03-13,4.7,4.7,4.7,4.69,0,0,-1,98,7238.84
NDRL,2022-03-10,4.7,4.7,4.7,4.69,0,0,-1,344,25408.5
NDRL,2022-03-07,3.8,3.8,3.8,4.69,0,0,-1,7,418.04
NDRL,2022-03-06,3.8,3.8,3.8,4.69,0,0,-1,580,34638.95
NDRL,2022-02-28,3.8,3.8,3.8,4.69,0,0,-1,953,56901.97
NDRL,2022-02-21,3.8,3.8,3.8,4.69,0,0,-1,607,36244.76
NDRL,2022-01-31,3.8,3.8,3.8,4.69,0,0,-1,216,12897.07
NDRL,2022-01-30,3.8,3.8,3.8,4.69,0,0,-1,44,2627.28
NDRL,2022-01-26,4,4,4,4.69,0,0,-1,42,2640.29
NDRL,2022-01-18,3.8,3.8,3.8,4.69,0,0,-1,177,10571.12
NDRL,2022-01-16,4,4,3.95,4.69,0,0,-1,386,24237.35
NDRL,2022-01-13,3.8,3.8,3.8,4.69,0,0,-1,72,4299.27
NDRL,2021-04-14,5.15,5.15,5.15,4.69,0,0,-1,10,808.15
NDRL,2021-04-13,5.15,5.15,5.15,4.69,0,0,-1,10,808.03
NDRL,2020-10-06,4.69,4.69,4.69,4.69,0,0,-1,31783,2345181.79
NDRL,2020-09-29,4.69,4.69,4.69,4.69,0,0,-1,27000,1995688.8
NDRL,2020-09-20,4.78,4.78,4.65,4.69,-1.47,-0.07,-1,144000,10619440.73
NDRL,2020-09-03,4.76,4.76,4.76,4.76,-4.03,-0.2,-1,41000,3092290.68
NDRL,2020-06-23,4.47,4.47,4.47,4.96,0,0,-1,49,3544.04
NDRL,2020-06-08,5.45,5.45,5.45,4.96,0,0,-1,1,88.41
NDRL,2020-02-13,5.4,5.4,5.4,4.96,0,0,-1,100,8485.45
NDRL,2020-02-05,5.25,5.25,5.25,4.96,0,0,-1,50,4148.66
NDRL,2019-11-11,5.45,5.45,5.45,4.96,0,0,-1,50,4400.3
NDRL,2019-07-11,5,5,5,4.96,0,0,-1,218,18110.57
NDRL,2019-05-08,5.44,5.44,5.44,4.96,0,0,-1,32,2986.48
NDRL,2019-02-19,4.97,4.97,4.84,4.96,9.01,0.41,-1,380,33107.84
NDRL,2019-02-10,4.5,4.5,4.5,4.55,0,0,-1,173,13710.16
NDRL,2019-02-07,4.5,4.5,4.5,4.55,0,0,-1,250,19806.75
NDRL,2019-02-03,4.84,4.84,4.84,4.55,0,0,-1,81,6923.39
NDRL,2018-07-08,4.11,4.11,4.11,4.55,0,0,-1,45,3308
NDRL,2018-06-25,4.55,4.55,4.55,4.55,0,0,-1,32,2604
NDRL,2018-06-11,4.55,4.55,4.55,4.55,2.94,0.13,-1,2085,169403
NDRL,2018-06-04,4.1,4.1,4.1,4.42,0,0,-1,123,9026
NDRL,2018-05-31,4.14,4.14,4,4.42,0,0,-1,300,22100
NDRL,2018-05-10,4.45,4.45,4.4,4.42,1.61,0.07,-1,27369,2149958
NDRL,2018-05-09,4.35,4.35,4.35,4.35,-4.81,-0.22,-1,400,30850
NDRL,2018-05-08,4.57,4.57,4.2,4.57,4.1,0.18,-1,24750,2000995
NDRL,2018-05-02,4.44,4.44,3.64,4.39,8.66,0.35,-1,5591,24521
NDRL,2018-04-30,4.22,4.22,4,4.04,4.39,0.17,-1,14030,1002141
NDRL,2018-04-29,3.87,3.87,3.87,3.87,0,0,-1,583,39930
NDRL,2018-04-26,4.23,4.23,3.85,3.87,0.52,0.02,-1,4250,290944
NDRL,2018-04-24,3.85,3.85,3.85,3.85,0,0,-1,86,5861
NDRL,2018-04-23,3.85,3.85,3.85,3.85,0,0,-1,98,6676
NDRL,2018-04-22,3.85,3.85,3.85,3.85,0,0,-1,22769,1551576
NDRL,2018-04-19,4.19,4.19,3.81,3.85,1.05,0.04,-1,28952,1972671
NDRL,2018-04-18,3.88,3.88,3.7,3.81,2.97,0.11,-1,1469,98970
NDRL,2018-04-17,3.7,3.7,3.65,3.7,1.37,0.05,-1,13550,886661
NDRL,2018-04-16,3.65,3.65,3.6,3.65,2.82,0.1,-1,55145,3558429
NDRL,2018-04-12,3.55,3.55,3.55,3.55,0,0,-1,100,6275
NDRL,2018-04-05,3.56,3.56,3.56,3.55,0,0,-1,474,29814
NDRL,2018-04-04,3.56,3.56,3.55,3.55,0,0,-1,600,37617
NDRL,2018-04-02,3.55,3.55,3.55,3.55,-1.39,-0.05,-1,1150,72012
NDRL,2018-04-01,3.55,3.55,3.55,3.6,0,0,-1,321,20106
NDRL,2018-03-27,3.6,3.6,3.6,3.6,1.41,0.05,-1,1125091,341241
NDRL,2018-03-26,3.55,3.55,3.55,3.55,0,0,-1,2635,164935
NDRL,2018-03-25,3.55,3.55,3.55,3.55,0,0,-1,40453,2532286
NDRL,2018-03-22,3.55,3.55,3.55,3.55,0,0,-1,405,25352
NDRL,2018-03-21,3.7,3.7,3.6,3.55,0,0,-1,242,15529
NDRL,2018-03-20,3.9,3.9,3.51,3.55,0,0,-1,250,15968
NDRL,2018-03-19,3.56,3.56,3.55,3.55,-88.91,-28.45,-1,54600,3414585
NDRL,2016-11-16,32.2,32.2,32.2,32,0,0,-1,60,29980
NDRL,2016-09-29,32,32,32,32,-1.76,-0.57,-1,24370,6846995
NDRL,2016-09-21,32.8,32.8,32.8,32.57,0,0,-1,2,720
NDRL,2015-12-28,32.57,32.57,32.57,32.57,0,0,-1,125000,31473102
NDRL,2015-01-18,29.32,29.32,29.32,32.57,0,0,-1,2,523
NDRL,2014-02-11,34.2,34.2,34.2,32.57,0,0,-1,20,4755
NDRL,2013-04-07,34.2,34.2,32.57,32.57,5,0,-1,32,1111.5
NDRL,2011-12-04,34.2,34.2,32.57,32.57,0,0,-1,62,12835.6875
NDRL,2010-08-26,34.2,34.2,32.57,32.57,0,0,-1,125,24384.6
NDRL,2010-08-25,34.2,34.2,32.57,32.57,0,0,-1,127,24858.7745
NDRL,2010-04-29,34.2,34.2,32.57,32.57,0,0,-1,145,27529.8885
NDRL,2010-04-01,34.2,34.2,32.57,32.57,0,0,-1,17,3295.0418
NDRL,2010-03-10,34.2,34.2,32.57,32.57,-20,-8.15,-1,217,40583.2573
NDRL,2010-02-15,32.64,32.64,32.57,32.57,0,0,-1,2,560.2044
NDRL,2010-02-04,32.61,32.61,32.57,32.57,0,0,-1,157,28384.9481
NDRL,2009-12-29,32.64,32.64,31.01,32.57,-0.21,-0.07,-1,2305,412973.6679
NDRL,2009-12-17,32.64,32.64,32.64,32.64,-0.02,-0.01,-1,170907,30668821.59
NDRL,2009-12-16,34.22,34.22,32.64,32.65,0.02,0.01,-1,260845,46770400.87
NDRL,2009-12-15,32.64,32.64,32.64,32.64,-32,-15.36,-1,66030,11826127.15
NDRL,2009-06-18,48,48,48,48,92.01,23,-1,1900312,511150617
NDRL,2008-12-30,25,25,25,25,0,0,-1,312,43122.24
NDRL,2008-06-17,25,25,25,25,1462.4,23.4,-1,3000000,402724224
