Date,High,Low,Close,Volume,Turnover
2021-09-06,0.641,0.589,0.594,17856453.0,6889477.67
2021-09-07,0.614,0.584,0.608,8667061.0,3311623.25
2021-09-08,0.614,0.597,0.602,4911798.0,1882906.94
2021-09-09,0.608,0.578,0.586,9308892.0,3489649.59
2021-09-12,0.595,0.584,0.587,8576541.0,3203110.25
2021-09-13,0.657,0.591,0.646,30441408.0,12143279.0
2021-09-14,0.662,0.636,0.652,30895417.0,12749226.0
2021-09-15,0.655,0.624,0.628,10572979.0,4257066.5
2021-09-16,0.674,0.628,0.671,17244626.0,7147145.17
2021-09-19,0.671,0.633,0.638,10005019.0,4121243.75
2021-09-20,0.641,0.611,0.619,12491463.0,4923855.0
2021-09-21,0.616,0.589,0.602,8536912.0,3255047.75
2021-09-22,0.628,0.603,0.616,4309015.0,1684237.2
2021-09-23,0.679,0.616,0.668,32045193.0,13236271.61
2021-09-26,0.698,0.662,0.688,25565262.0,11064041.0
2021-09-27,0.696,0.655,0.669,13516205.0,5850390.0
2021-09-28,0.687,0.643,0.655,13704808.0,5769734.5
2021-09-29,0.674,0.646,0.649,8529186.0,3545051.5
2021-09-30,0.66,0.639,0.654,13284310.0,5480649.5
2021-10-03,0.666,0.621,0.624,10339052.0,4174388.25
2021-10-04,0.635,0.608,0.611,16307721.0,6391308.11
2021-10-05,0.624,0.6,0.602,11418015.0,4388620.5
2021-10-06,0.611,0.602,0.605,2385637.0,913409.89
2021-10-10,0.617,0.605,0.606,1999560.0,769780.5
2021-10-11,0.609,0.6,0.602,9503867.0,3627245.0
2021-10-12,0.624,0.602,0.611,31034726.0,12039600.0
2021-10-13,0.616,0.589,0.589,15845712.0,6010903.5
2021-10-14,0.597,0.586,0.591,9681757.0,3632377.25
2021-10-17,0.616,0.592,0.602,14616781.0,5580979.0
2021-10-18,0.611,0.597,0.603,15872473.0,6043804.0
2021-10-19,0.609,0.554,0.561,23280342.0,8547718.0
2021-10-20,0.561,0.519,0.549,20061070.0,6895922.0
2021-10-24,0.57,0.527,0.535,27978491.0,9695474.34
2021-10-25,0.537,0.494,0.513,13035061.0,4229351.5
2021-10-26,0.531,0.488,0.496,16171571.0,5230742.77
2021-10-27,0.494,0.453,0.48,20450917.0,6142905.5
2021-10-28,0.501,0.474,0.499,13401510.0,4132503.0
2021-10-31,0.499,0.478,0.488,17521271.0,5390858.5
2021-11-01,0.497,0.488,0.493,7549312.0,2356744.6
2021-11-02,0.508,0.496,0.497,11402511.0,3621968.1
2021-11-03,0.527,0.474,0.482,22795193.0,7296149.95
2021-11-04,0.499,0.475,0.483,11548110.0,3553168.75
2021-11-07,0.493,0.48,0.485,2742562.0,842248.5
2021-11-08,0.502,0.482,0.501,4607368.0,1436708.61
2021-11-09,0.508,0.488,0.491,10733198.0,3394711.5
2021-11-10,0.494,0.471,0.478,7066048.0,2152619.25
2021-11-11,0.505,0.486,0.494,11508811.0,3617873.75
2021-11-14,0.502,0.489,0.497,4280329.0,1346836.125
2021-11-15,0.501,0.478,0.482,5583750.0,1725775.375
2021-11-16,0.478,0.453,0.458,11651247.0,3427781.0
2021-11-17,0.474,0.434,0.45,11570453.0,3309303.75
2021-11-18,0.461,0.441,0.452,3226904.0,923834.875
2021-11-21,0.452,0.423,0.425,7215977.0,1975164.5
2021-11-22,0.445,0.417,0.444,5638853.0,1546087.04
2021-11-23,0.466,0.445,0.464,4838724.0,1400433.375
2021-11-24,0.467,0.441,0.456,13841138.0,3983172.5
2021-11-25,0.483,0.456,0.467,14628947.0,4358434.0
2021-11-28,0.456,0.429,0.45,14063128.0,3976421.75
2021-11-29,0.482,0.445,0.474,26910146.0,8008213.5
2021-11-30,0.502,0.475,0.496,32909763.0,10228837.8
2021-12-01,0.501,0.486,0.494,9906610.0,3100958.0
2021-12-02,0.502,0.482,0.483,13160393.0,4107348.5
2021-12-05,0.513,0.48,0.508,14987701.0,4765572.0
2021-12-06,0.515,0.497,0.502,14331236.0,4588703.53
2021-12-07,0.505,0.478,0.485,11921781.0,3712146.75
2021-12-08,0.501,0.478,0.482,9228780.0,2841542.63
2021-12-09,0.482,0.445,0.464,23358241.0,6861685.5
2021-12-12,0.477,0.466,0.469,6223318.0,1858822.75
2021-12-13,0.48,0.467,0.469,4756389.0,1423999.75
2021-12-14,0.475,0.458,0.466,4819863.0,1425608.125
2021-12-15,0.474,0.458,0.463,12633877.0,3723140.25
2021-12-16,0.477,0.464,0.474,8639783.0,2570686.15
2021-12-19,0.478,0.466,0.469,6450298.0,1927447.04
2021-12-20,0.474,0.459,0.466,5414753.0,1591199.0
2021-12-21,0.501,0.471,0.497,34535098.0,10717248.43
2021-12-22,0.513,0.502,0.502,33974061.0,10897914.0
2021-12-23,0.51,0.499,0.502,12364129.0,3939305.34
2021-12-26,0.516,0.501,0.502,15189121.0,4881044.0
2021-12-27,0.504,0.48,0.488,10197336.0,3192361.97
2021-12-28,0.508,0.486,0.505,15286272.0,4823750.5
2021-12-29,0.526,0.505,0.512,33055483.0,10804602.62
2021-12-30,0.518,0.505,0.508,16545352.0,5349721.5
2022-01-02,0.534,0.508,0.532,37847720.0,12628280.49
2022-01-03,0.54,0.529,0.534,31033511.0,10519876.0
2022-01-04,0.545,0.532,0.538,16618480.0,5674365.29
2022-01-05,0.542,0.532,0.537,15749109.0,5362723.5
2022-01-09,0.54,0.524,0.531,11822290.0,3991284.5
2022-01-10,0.546,0.532,0.535,20025043.0,6843755.0
2022-01-11,0.542,0.518,0.529,10008034.0,3349513.25
2022-01-12,0.532,0.513,0.515,7338532.0,2429530.11
2022-01-13,0.519,0.505,0.507,5320368.0,1721384.5
2022-01-16,0.513,0.496,0.497,5248499.0,1667867.625
2022-01-17,0.507,0.496,0.502,4653189.0,1483240.625
2022-01-18,0.516,0.499,0.508,13393381.0,4307278.0
2022-01-19,0.513,0.502,0.512,14383266.0,4640767.9
2022-01-20,0.519,0.499,0.513,15587483.0,5069293.5
2022-01-23,0.512,0.502,0.504,8505536.0,2726084.0
2022-01-24,0.505,0.488,0.489,8720206.0,2724973.0
2022-01-25,0.499,0.488,0.489,7569849.0,2363703.75
2022-01-26,0.497,0.482,0.485,9323610.0,2877373.75
2022-01-30,0.497,0.482,0.483,3054512.0,941067.75
2022-01-31,0.493,0.482,0.491,5584162.0,1727250.0
2022-02-01,0.502,0.491,0.499,6629393.0,2085271.75
2022-02-02,0.507,0.499,0.502,7685453.0,2450977.54
2022-02-03,0.504,0.494,0.497,5764629.0,1816729.0
2022-02-06,0.527,0.497,0.519,20621104.0,6699067.5
2022-02-07,0.557,0.524,0.554,72287933.0,24624764.0
2022-02-08,0.561,0.532,0.537,41215911.0,14275516.0
2022-02-09,0.581,0.537,0.576,69122744.0,24735640.17
2022-02-10,0.586,0.561,0.567,42877649.0,15476173.0
2022-02-13,0.576,0.519,0.523,32035861.0,11174478.0
2022-02-14,0.537,0.513,0.529,25451907.0,8470845.0
2022-02-15,0.546,0.531,0.535,19395020.0,6598712.54
2022-02-16,0.561,0.532,0.537,33003090.0,11488284.2
2022-02-17,0.542,0.529,0.537,17019993.0,5777341.6
2022-02-20,0.537,0.523,0.527,8588611.0,2862980.5
2022-02-21,0.532,0.508,0.513,14213731.0,4673601.5
2022-02-22,0.507,0.493,0.501,26958301.0,8504745.04
2022-02-23,0.513,0.501,0.508,11393932.0,3661122.82
2022-02-24,0.466,0.417,0.429,46864300.0,13014945.0
2022-02-27,0.469,0.45,0.463,24240026.0,7057445.3
2022-02-28,0.466,0.445,0.448,15616404.0,4465589.5
2022-03-01,0.466,0.45,0.459,14702149.0,4267820.5
2022-03-02,0.471,0.45,0.458,18514672.0,5415280.5
2022-03-03,0.472,0.461,0.463,16675620.0,4914585.5
2022-03-06,0.467,0.453,0.456,14383981.0,4192313.25
2022-03-07,0.464,0.437,0.442,14286726.0,4075824.18
2022-03-08,0.448,0.429,0.439,12968442.0,3604266.5
2022-03-09,0.453,0.442,0.444,11899659.0,3369975.0
2022-03-10,0.447,0.426,0.441,21262959.0,5909165.5
2022-03-13,0.447,0.431,0.434,7664143.0,2121365.25
2022-03-14,0.439,0.429,0.433,7569960.0,2078507.0
2022-03-15,0.437,0.411,0.42,20976639.0,5589190.0
2022-03-16,0.45,0.423,0.448,16821919.0,4681443.0
2022-03-17,0.458,0.447,0.45,15236059.0,4361832.5
2022-03-20,0.464,0.45,0.456,9473298.0,2743083.5
2022-03-21,0.478,0.459,0.471,21507187.0,6404356.5
2022-03-22,0.497,0.472,0.474,22178873.0,6774893.0
2022-03-23,0.478,0.466,0.474,6642645.0,1986822.53
2022-03-24,0.483,0.466,0.467,10102870.0,3029835.23
2022-03-27,0.472,0.452,0.458,4883256.0,1417406.375
2022-03-28,0.466,0.434,0.436,9485997.0,2666461.75
2022-03-29,0.445,0.431,0.437,5194367.0,1440936.75
2022-03-30,0.453,0.434,0.436,6140412.0,1718531.75
2022-03-31,0.445,0.434,0.439,4385066.0,1214516.5
2022-04-03,0.444,0.437,0.441,1686141.0,469416.125
2022-04-04,0.445,0.437,0.439,4302553.0,1199028.5
2022-04-05,0.447,0.439,0.441,3963801.0,1111398.25
2022-04-06,0.445,0.437,0.439,2308303.0,644694.813
2022-04-07,0.442,0.434,0.434,3229564.0,892245.0
2022-04-10,0.433,0.417,0.417,5814181.0,1549820.625
2022-04-11,0.426,0.403,0.404,4941416.0,1290146.375
2022-04-12,0.415,0.403,0.407,4293940.0,1109887.375
2022-04-13,0.414,0.396,0.401,6426841.0,1643902.83
2022-04-14,0.398,0.387,0.39,4826208.0,1198135.58
2022-04-17,0.393,0.328,0.33,15739131.0,3468029.52
2022-04-18,0.358,0.317,0.355,13923293.0,3027710.02
2022-04-19,0.369,0.346,0.36,8056738.0,1838849.5
2022-04-20,0.371,0.358,0.366,5519125.0,1277364.16
2022-04-21,0.399,0.371,0.392,13960459.0,3432785.42
2022-04-26,0.396,0.371,0.39,4512893.0,1102841.25
2022-04-27,0.396,0.384,0.387,4347845.0,1064663.75
2022-04-28,0.412,0.388,0.404,13442994.0,3430107.25
2022-05-08,0.417,0.384,0.412,11987071.0,3059512.75
2022-05-09,0.422,0.407,0.412,9948102.0,2606368.75
2022-05-10,0.411,0.385,0.398,7170572.0,1793676.25
2022-05-11,0.411,0.398,0.404,9002491.0,2300932.75
2022-05-12,0.418,0.401,0.406,15928711.0,4126704.0
2022-05-15,0.437,0.411,0.422,42258034.0,11391284.0
2022-05-16,0.431,0.417,0.418,14466982.0,3857175.0
2022-05-17,0.441,0.417,0.429,27434317.0,7435453.0
2022-05-18,0.441,0.418,0.423,15929578.0,4340993.5
2022-05-19,0.426,0.403,0.418,8541617.0,2264365.5
2022-05-22,0.442,0.422,0.425,16840309.0,4602846.5
2022-05-23,0.442,0.422,0.439,20889971.0,5761740.0
2022-05-24,0.45,0.431,0.442,35274765.0,9886477.0
2022-05-25,0.441,0.417,0.418,21769803.0,5902372.0
2022-05-26,0.428,0.415,0.418,14833980.0,3969186.5
2022-05-29,0.426,0.396,0.398,10821311.0,2777108.75
2022-05-30,0.411,0.396,0.399,5945987.0,1512621.125
2022-05-31,0.415,0.403,0.407,9653581.0,2506155.25
2022-06-01,0.411,0.388,0.39,14352439.0,3609519.0
2022-06-02,0.398,0.382,0.387,15350269.0,3761923.0
2022-06-05,0.401,0.387,0.395,8312515.0,2082415.875
2022-06-06,0.403,0.396,0.399,3881057.0,984712.563
2022-06-07,0.403,0.396,0.399,7781008.0,1966683.625
2022-06-08,0.434,0.403,0.434,26501752.0,7097401.0
2022-06-09,0.456,0.426,0.452,37197982.0,10511938.0
2022-06-12,0.458,0.441,0.448,21428440.0,6116891.5
2022-06-13,0.466,0.441,0.453,19658791.0,5665219.5
2022-06-14,0.469,0.45,0.461,24234641.0,7097615.0
2022-06-15,0.477,0.463,0.466,23714365.0,7059129.5
2022-06-16,0.472,0.445,0.447,26261563.0,7528049.0
2022-06-19,0.459,0.428,0.431,36956779.0,10400520.0
2022-06-20,0.442,0.373,0.418,20234945.0,5439426.0
2022-06-21,0.433,0.417,0.418,19123149.0,5123464.0
2022-06-22,0.425,0.412,0.417,15097163.0,4021621.0
2022-06-23,0.417,0.403,0.403,13074739.0,3369316.75
2022-06-26,0.418,0.398,0.401,6672180.0,1723061.375
2022-06-27,0.409,0.387,0.393,8567181.0,2160366.75
2022-06-28,0.395,0.358,0.377,13227920.0,3167613.75
2022-06-29,0.39,0.377,0.384,6136251.0,1491248.25
2022-07-03,0.388,0.369,0.371,5356861.0,1269326.25
2022-07-04,0.374,0.333,0.346,22376480.0,4946074.5
2022-07-05,0.365,0.344,0.357,8204843.0,1856778.375
2022-07-06,0.363,0.349,0.358,6229489.0,1409708.625
2022-07-07,0.371,0.363,0.368,18534338.0,4323176.0
2022-07-17,0.374,0.365,0.366,7621928.0,1775960.25
2022-07-18,0.387,0.369,0.384,32397476.0,7754492.0
2022-07-19,0.39,0.381,0.387,14490308.0,3527575.75
2022-07-20,0.399,0.387,0.39,23922699.0,5969223.5
2022-07-21,0.404,0.392,0.401,28964235.0,7329646.5
2022-07-24,0.417,0.401,0.412,34029094.0,8843514.0
2022-07-25,0.422,0.399,0.406,27121952.0,7024229.5
2022-07-26,0.417,0.403,0.407,25105183.0,6527025.0
2022-07-27,0.414,0.393,0.398,26750056.0,6842709.0
2022-07-28,0.404,0.393,0.403,19893582.0,5035607.0
2022-07-31,0.415,0.404,0.409,12711999.0,3296574.0
2022-08-01,0.403,0.387,0.388,47318054.0,11844552.0
2022-08-02,0.392,0.384,0.39,10212849.0,2510496.0
2022-08-03,0.396,0.387,0.388,9209554.0,2291210.5
2022-08-04,0.398,0.387,0.396,24226979.0,6024688.5
2022-08-07,0.426,0.396,0.423,40891110.0,10708833.0
2022-08-08,0.452,0.428,0.439,72736597.0,20310790.0
2022-08-09,0.445,0.418,0.423,30003142.0,8169464.0
2022-08-10,0.431,0.418,0.418,18471354.0,4970251.5
2022-08-11,0.442,0.42,0.436,24423201.0,6697784.5
2022-08-14,0.513,0.437,0.513,103363232.0,30569243.02
2022-08-15,0.523,0.48,0.483,59448478.0,18782298.0
2022-08-16,0.54,0.491,0.529,82074392.0,27219657.56
2022-08-17,0.556,0.513,0.532,63026578.0,21386558.0
2022-08-18,0.532,0.505,0.51,23597185.0,7734689.0
2022-08-21,0.527,0.508,0.518,11731701.0,3857202.75
2022-08-22,0.532,0.512,0.513,16079568.0,5304314.0
2022-08-23,0.519,0.493,0.497,27243016.0,8750320.0
2022-08-24,0.502,0.482,0.485,11726090.0,3656828.25
2022-08-25,0.508,0.485,0.499,14028672.0,4428075.5
2022-08-28,0.505,0.493,0.501,11756747.0,3718324.5
2022-08-29,0.524,0.501,0.505,22252161.0,7244436.5
2022-08-30,0.513,0.499,0.502,13244337.0,4242494.5
2022-08-31,0.513,0.497,0.499,8069302.0,2578377.25
2022-09-01,0.505,0.483,0.488,5212825.0,1622333.5
2022-09-04,0.505,0.485,0.501,13118853.0,4131468.5
2022-09-05,0.523,0.507,0.518,28282036.0,9258872.0
2022-09-06,0.532,0.519,0.524,20411101.0,6793178.0
2022-09-07,0.531,0.51,0.51,13434975.0,4413788.6
2022-09-08,0.527,0.512,0.513,11846574.0,3892886.75
2022-09-11,0.523,0.51,0.513,5609010.0,1833816.25
2022-09-12,0.519,0.505,0.508,10503563.0,3400145.75
2022-09-13,0.515,0.497,0.499,27086938.0,8640968.0
2022-09-14,0.499,0.489,0.493,10191372.0,3190495.25
2022-09-15,0.496,0.466,0.474,24718787.0,7553451.0
2022-09-18,0.475,0.417,0.428,15745914.0,4478559.5
2022-09-19,0.45,0.429,0.45,9760145.0,2743384.0
2022-09-20,0.453,0.428,0.442,7599629.0,2130483.0
2022-09-21,0.452,0.437,0.441,9400334.0,2662442.5
2022-09-22,0.445,0.426,0.434,7027519.0,1930911.25
2022-09-25,0.442,0.426,0.434,3449775.0,950900.313
2022-09-26,0.45,0.436,0.442,5358229.0,1500405.125
2022-09-27,0.452,0.442,0.45,6728598.0,1917053.75
2022-09-28,0.467,0.45,0.456,14296478.0,4181757.0
2022-09-29,0.466,0.447,0.452,11486083.0,3316472.75
2022-10-02,0.45,0.434,0.434,7837282.0,2188456.25
2022-10-03,0.442,0.418,0.425,11331549.0,3053411.25
2022-10-04,0.445,0.431,0.439,15520674.0,4307894.5
2022-10-05,0.445,0.423,0.428,15054764.0,4121805.0
2022-10-09,0.426,0.418,0.422,5693507.0,1524533.0
2022-10-10,0.426,0.417,0.418,7459042.0,1985329.0
2022-10-11,0.428,0.412,0.425,13946504.0,3733274.0
2022-10-12,0.445,0.429,0.433,21459494.0,5925932.5
2022-10-13,0.442,0.428,0.431,8621801.0,2361605.25
2022-10-16,0.445,0.431,0.439,10646373.0,2959659.75
2022-10-17,0.459,0.436,0.452,19023063.0,5399335.0
2022-10-18,0.474,0.456,0.466,23491229.0,6892002.0
2022-10-19,0.467,0.45,0.452,7920121.0,2304023.25
2022-10-20,0.467,0.452,0.464,14507330.0,4250536.0
2022-10-23,0.475,0.464,0.466,13917699.0,4125157.75
2022-10-24,0.482,0.466,0.477,22948100.0,6916452.5
2022-10-25,0.482,0.458,0.461,10566532.0,3119689.75
2022-10-26,0.466,0.455,0.466,7402035.0,2169103.5
2022-10-27,0.475,0.453,0.455,9975885.0,2920080.75
2022-10-30,0.472,0.455,0.459,17215890.0,5050015.0
2022-10-31,0.471,0.453,0.466,13164023.0,3877480.5
2022-11-01,0.478,0.466,0.475,25862575.0,7714954.0
2022-11-02,0.486,0.472,0.474,26384900.0,8004405.0
2022-11-03,0.477,0.466,0.469,6882543.0,2047189.875
2022-11-06,0.474,0.461,0.463,13020692.0,3837087.5
2022-11-07,0.466,0.458,0.461,15267435.0,4460085.5
2022-11-08,0.466,0.447,0.452,15887897.0,4594909.0
2022-11-09,0.459,0.434,0.444,13257548.0,3777200.25
2022-11-10,0.456,0.439,0.452,12969372.0,3701389.5
2022-11-13,0.466,0.455,0.458,18241184.0,5334091.0
2022-11-14,0.472,0.45,0.467,35890953.0,10557918.0
2022-11-15,0.475,0.466,0.469,29190939.0,8684638.0
2022-11-16,0.494,0.474,0.491,80172368.0,24492704.34
2022-11-17,0.499,0.482,0.486,40728411.0,12649246.0
2022-11-20,0.512,0.488,0.496,59879428.0,18929960.0
2022-11-21,0.494,0.482,0.486,30399406.0,9429413.0
2022-11-22,0.501,0.488,0.494,20778689.0,6501605.5
2022-11-23,0.505,0.493,0.502,41253054.0,13056996.0
2022-11-24,0.515,0.501,0.507,32310725.0,10391227.0
2022-11-27,0.519,0.507,0.508,46419798.0,15103046.0
2022-11-28,0.515,0.497,0.499,27217072.0,8689917.0
2022-11-29,0.529,0.499,0.527,84964062.0,27838443.21
2022-11-30,0.531,0.512,0.513,54884119.0,18093250.0
2022-12-01,0.521,0.513,0.516,44129460.0,14469913.0
2022-12-04,0.527,0.515,0.518,34945575.0,11498112.0
2022-12-05,0.531,0.515,0.524,51749405.0,17163550.0
2022-12-06,0.538,0.521,0.529,96808963.0,32450960.0
2022-12-07,0.535,0.523,0.524,47963698.0,16039622.0
2022-12-08,0.557,0.527,0.54,105819209.0,36402720.0
2022-12-11,0.564,0.545,0.546,71696626.0,25142604.7
2022-12-12,0.554,0.531,0.545,46999005.0,16153499.0
2022-12-13,0.581,0.549,0.576,63995176.0,23040450.0
2022-12-14,0.622,0.576,0.6,88025027.0,33462794.0
2022-12-15,0.619,0.583,0.589,57806991.0,22051940.0
2022-12-18,0.595,0.572,0.575,39446955.0,14577365.0
2022-12-19,0.583,0.551,0.57,63484623.0,22762312.0
2022-12-20,0.581,0.54,0.549,40455595.0,14396935.0
2022-12-21,0.551,0.531,0.545,30487697.0,10471086.0
2022-12-22,0.561,0.521,0.526,35467106.0,12115140.0
2022-12-25,0.526,0.496,0.501,24813648.0,8017668.0
2022-12-26,0.526,0.499,0.523,20536749.0,6677013.0
2022-12-27,0.54,0.527,0.531,33335716.0,11257172.0
2022-12-28,0.578,0.531,0.573,73873892.0,26325670.0
2022-12-29,0.589,0.573,0.576,49187967.0,17997578.0
2023-01-02,0.605,0.573,0.598,56779909.0,21364974.0
2023-01-03,0.63,0.602,0.605,70443580.0,27482766.0
2023-01-04,0.608,0.556,0.587,60575452.0,22421826.0
2023-01-05,0.6,0.57,0.576,58125753.0,21553848.0
2023-01-09,0.602,0.561,0.562,48093768.0,17732020.0
2023-01-10,0.57,0.553,0.556,37867887.0,13424659.0
2023-01-11,0.576,0.535,0.542,24111606.0,8532197.0
2023-01-12,0.557,0.527,0.532,21726228.0,7347104.73
2023-01-15,0.559,0.532,0.545,24622773.0,8518180.0
2023-01-16,0.568,0.546,0.564,19081891.0,6756071.0
2023-01-17,0.578,0.561,0.567,37016021.0,13332787.0
2023-01-18,0.584,0.57,0.575,50312753.0,18356744.0
2023-01-19,0.595,0.575,0.579,52542009.0,19497002.0
2023-01-22,0.589,0.57,0.573,32810232.0,12044643.0
2023-01-23,0.597,0.573,0.576,70236470.0,26068594.0
2023-01-24,0.581,0.565,0.57,19718381.0,7138777.0
2023-01-25,0.579,0.568,0.573,8546326.0,3101548.25
2023-01-29,0.581,0.561,0.565,22068388.0,7926114.5
2023-01-30,0.57,0.532,0.535,31555406.0,11025721.0
2023-01-31,0.54,0.515,0.523,23253114.0,7780414.0
2023-02-01,0.527,0.513,0.516,12375074.0,4072044.5
2023-02-02,0.527,0.493,0.497,17489319.0,5634068.0
2023-02-05,0.504,0.471,0.482,14498864.0,4419157.5
2023-02-06,0.494,0.474,0.478,12374703.0,3797459.5
2023-02-07,0.497,0.482,0.486,12214195.0,3780685.0
2023-02-08,0.499,0.485,0.488,16970332.0,5287601.5
2023-02-09,0.501,0.48,0.497,17012236.0,5313684.5
2023-02-12,0.502,0.491,0.497,15518909.0,4881789.5
2023-02-13,0.51,0.496,0.502,19472674.0,6192688.5
2023-02-14,0.512,0.499,0.501,17433519.0,5550984.5
2023-02-15,0.51,0.499,0.502,14669882.0,4676881.0
2023-02-16,0.523,0.502,0.518,29709262.0,9683445.0
2023-02-19,0.523,0.512,0.513,13961063.0,4578965.0
2023-02-20,0.519,0.496,0.501,15916117.0,5139555.0
2023-02-21,0.51,0.493,0.505,11299945.0,3586416.0
2023-02-22,0.513,0.493,0.496,8485622.0,2682077.25
2023-02-23,0.497,0.48,0.488,28575539.0,8819090.0
2023-02-26,0.505,0.485,0.499,18391482.0,5789822.0
2023-02-27,0.504,0.493,0.494,23168551.0,7273101.5
2023-02-28,0.507,0.488,0.502,20089180.0,6317542.5
2023-03-01,0.515,0.508,0.513,23787479.0,7725710.5
2023-03-02,0.534,0.518,0.519,52507851.0,17500392.0
2023-03-05,0.529,0.519,0.527,18459525.0,6127475.5
2023-03-06,0.554,0.531,0.534,64021684.0,21881054.0
2023-03-07,0.538,0.513,0.516,23019682.0,7680270.0
2023-03-08,0.519,0.501,0.507,11994282.0,3870092.75
2023-03-09,0.516,0.505,0.513,5366897.0,1736192.375
2023-03-12,0.515,0.488,0.491,14593457.0,4612520.5
2023-03-13,0.499,0.445,0.448,19846050.0,5880160.0
2023-03-14,0.453,0.428,0.447,19461941.0,5442739.5
2023-03-15,0.466,0.384,0.406,24377387.0,6737665.5
2023-03-16,0.406,0.349,0.392,30906037.0,7479460.0
2023-03-19,0.406,0.384,0.399,10636982.0,2683349.75
2023-03-20,0.425,0.396,0.423,18742165.0,4943301.0
2023-03-21,0.447,0.428,0.442,13147698.0,3651619.5
2023-03-22,0.45,0.429,0.434,18267820.0,5087239.86
2023-03-23,0.439,0.428,0.436,6566431.0,1813815.875
2023-03-26,0.463,0.439,0.455,12733576.0,3621456.0
2023-03-27,0.461,0.441,0.442,12593558.0,3594813.5
2023-03-28,0.448,0.434,0.439,7511310.0,2088833.375
2023-03-29,0.45,0.437,0.442,7155015.0,2010569.375
2023-03-30,0.447,0.434,0.437,8639879.0,2408619.0
2023-04-02,0.45,0.437,0.445,5470433.0,1538833.5
2023-04-03,0.459,0.447,0.458,10355311.0,2981506.0
2023-04-04,0.472,0.458,0.471,14327129.0,4224038.5
2023-04-05,0.478,0.467,0.472,12491422.0,3756511.25
2023-04-06,0.474,0.45,0.459,7206665.0,2120704.75
2023-04-09,0.464,0.453,0.458,4906425.0,1430138.875
2023-04-10,0.469,0.453,0.466,10203191.0,2987230.5
2023-04-11,0.471,0.459,0.464,15711369.0,4623036.0
2023-04-12,0.471,0.456,0.458,11293712.0,3304030.25
2023-04-13,0.466,0.453,0.455,10528451.0,3043928.75
2023-04-18,0.461,0.45,0.455,4797969.0,1381714.75
2023-04-19,0.464,0.455,0.459,7890017.0,2296326.75
2023-04-26,0.464,0.45,0.458,18177437.0,5261045.0
2023-04-27,0.466,0.456,0.466,13972157.0,4091851.25
2023-04-30,0.48,0.464,0.466,19798150.0,5919715.83
2023-05-01,0.471,0.447,0.45,14634425.0,4236342.74
2023-05-02,0.466,0.45,0.464,11755910.0,3426323.75
2023-05-03,0.507,0.466,0.491,82467632.0,25676332.02
2023-05-07,0.519,0.483,0.513,54141433.0,17337764.0
2023-05-08,0.523,0.504,0.513,27749821.0,9003921.0
2023-05-09,0.518,0.493,0.494,26845268.0,8620489.0
2023-05-10,0.501,0.482,0.497,18597609.0,5785231.5
2023-05-11,0.502,0.491,0.496,16301454.0,5112221.5
2023-05-14,0.502,0.488,0.497,8710261.0,2731420.75
2023-05-15,0.501,0.477,0.478,14405246.0,4442628.0
2023-05-16,0.493,0.474,0.48,18134473.0,5527667.0
2023-05-17,0.489,0.474,0.475,13770076.0,4210312.0
2023-05-18,0.483,0.474,0.482,14748924.0,4474415.0
2023-05-21,0.493,0.478,0.493,17939309.0,5519275.5
2023-05-22,0.513,0.497,0.499,60706494.0,19462734.0
2023-05-23,0.529,0.497,0.527,62297647.0,20283850.0
2023-05-24,0.531,0.515,0.516,28630138.0,9447507.0
2023-05-25,0.519,0.508,0.513,11983465.0,3900437.5
2023-05-28,0.542,0.513,0.531,47342028.0,15883474.0
2023-05-29,0.542,0.526,0.532,31179995.0,10518375.0
2023-05-30,0.535,0.513,0.519,38033849.0,12564805.0
2023-05-31,0.526,0.513,0.515,17525550.0,5763740.5
2023-06-01,0.529,0.513,0.519,13812942.0,4549062.0
2023-06-04,0.531,0.521,0.526,22856526.0,7612109.0
2023-06-05,0.543,0.529,0.529,32799288.0,11120779.0
2023-06-06,0.538,0.524,0.526,14178204.0,4765542.5
2023-06-07,0.561,0.523,0.535,76860178.0,26554282.0
2023-06-08,0.548,0.529,0.532,19400001.0,6598402.0
2023-06-11,0.546,0.531,0.531,11466978.0,3887605.25
2023-06-12,0.543,0.531,0.531,12784492.0,4337638.5
2023-06-13,0.537,0.526,0.526,20136230.0,6775681.5
2023-06-14,0.551,0.527,0.537,36262872.0,12372285.0
2023-06-15,0.549,0.532,0.538,25353536.0,8688285.0
2023-06-18,0.554,0.538,0.545,21066325.0,7290706.0
2023-06-19,0.553,0.532,0.534,18828358.0,6431712.5
2023-06-20,0.538,0.526,0.527,16477143.0,5543262.0
2023-06-21,0.529,0.515,0.516,11891362.0,3936401.75
2023-06-22,0.526,0.512,0.526,11431873.0,3740912.25
2023-06-25,0.527,0.513,0.516,9875800.0,3245820.25
2023-06-26,0.519,0.513,0.518,13284761.0,4339862.0
2023-07-04,0.531,0.518,0.521,18259077.0,6066099.0
2023-07-05,0.527,0.516,0.519,17604379.0,5810851.0
2023-07-06,0.531,0.508,0.512,19636066.0,6499926.0
2023-07-09,0.516,0.488,0.488,10132844.0,3195958.75
2023-07-10,0.499,0.475,0.497,4211659.0,1309389.875
2023-07-11,0.51,0.491,0.494,5020006.0,1580204.625
2023-07-12,0.502,0.488,0.493,5833160.0,1828123.75
2023-07-13,0.521,0.493,0.513,20809057.0,6741697.5
2023-07-16,0.527,0.513,0.513,14417270.0,4747592.0
2023-07-17,0.523,0.508,0.51,17645556.0,5711576.5
2023-07-18,0.515,0.504,0.507,5731367.0,1844019.875
2023-07-19,0.513,0.505,0.507,4683304.0,1509089.25
2023-07-24,0.513,0.505,0.505,4012650.0,1289778.125
2023-07-25,0.51,0.497,0.497,4978952.0,1582058.875
2023-07-26,0.504,0.496,0.499,3893856.0,1232738.375
2023-07-27,0.513,0.499,0.508,9654261.0,3094173.5
2023-07-30,0.524,0.508,0.513,15672156.0,5134100.0
2023-07-31,0.521,0.51,0.512,7963108.0,2585804.0
2023-08-01,0.515,0.502,0.504,11199660.0,3602363.75
2023-08-02,0.512,0.499,0.501,7563975.0,2413969.5
2023-08-03,0.507,0.497,0.502,4765888.0,1517263.0
2023-08-06,0.507,0.501,0.501,6754832.0,2148582.75
2023-08-07,0.505,0.501,0.502,8870510.0,2823698.75
2023-08-08,0.521,0.501,0.512,15106190.0,4913512.0
2023-08-09,0.516,0.507,0.508,8150984.0,2641165.5
2023-08-10,0.513,0.497,0.497,9507935.0,3030052.5
2023-08-13,0.505,0.497,0.501,7615627.0,2412172.0
2023-08-14,0.508,0.497,0.501,10435440.0,3320236.0
2023-08-15,0.508,0.497,0.504,9363842.0,2983357.5
2023-08-16,0.513,0.499,0.501,12208655.0,3906901.75
2023-08-17,0.504,0.494,0.494,8196730.0,2582102.25
2023-08-20,0.501,0.493,0.494,5300266.0,1662716.0
2023-08-21,0.499,0.488,0.493,8073418.0,2517795.25
2023-08-22,0.508,0.491,0.494,19367623.0,6135648.0
2023-08-23,0.502,0.489,0.491,7361644.0,2312020.0
2023-08-24,0.497,0.488,0.488,7071634.0,2189674.25
2023-08-27,0.497,0.482,0.491,10610199.0,3295976.75
2023-08-28,0.499,0.482,0.489,5059850.0,1571327.875
2023-08-29,0.496,0.483,0.489,7114384.0,2207771.25
2023-08-30,0.504,0.488,0.496,17715040.0,5581471.5
2023-08-31,0.499,0.493,0.496,7674021.0,2408896.25
2023-09-03,0.524,0.499,0.512,33107529.0,10769171.0
2023-09-04,0.521,0.502,0.505,18693449.0,6045303.0
2023-09-05,0.516,0.507,0.508,14570382.0,4723962.0
2023-09-06,0.513,0.508,0.508,6087055.0,1968482.5
2023-09-07,0.513,0.502,0.507,14361320.0,4621467.0
2023-09-10,0.513,0.505,0.505,7140987.0,2300843.0
2023-09-11,0.513,0.499,0.502,8365278.0,2679651.5
2023-09-12,0.504,0.493,0.493,7894297.0,2487363.25
2023-09-13,0.499,0.491,0.494,7225675.0,2262445.5
2023-09-14,0.502,0.497,0.501,3598632.0,1139107.625
2023-09-17,0.508,0.501,0.505,7399076.0,2366769.75
2023-09-18,0.527,0.504,0.515,37935105.0,12427526.0
2023-09-19,0.543,0.515,0.524,66976192.0,22425268.0
2023-09-20,0.529,0.501,0.504,23746013.0,7708541.0
2023-09-21,0.512,0.499,0.502,13670036.0,4372560.0
2023-09-24,0.513,0.497,0.499,5437236.0,1729007.625
2023-09-25,0.505,0.496,0.497,13946400.0,4408793.0
2023-09-26,0.502,0.491,0.491,7683227.0,2415901.5
2023-09-27,0.496,0.478,0.482,11346412.0,3487230.75
2023-10-01,0.491,0.475,0.477,5149084.0,1564599.25
2023-10-02,0.483,0.463,0.464,8937778.0,2657811.25
2023-10-03,0.472,0.466,0.466,6834581.0,2028188.625
2023-10-04,0.472,0.466,0.466,4805414.0,1427331.75
2023-10-08,0.469,0.423,0.45,12686660.0,3618742.0
2023-10-09,0.459,0.441,0.453,9518750.0,2732764.0
2023-10-10,0.474,0.459,0.466,7438617.0,2193734.75
2023-10-11,0.478,0.463,0.464,6943189.0,2055996.5
2023-10-12,0.466,0.45,0.453,10329168.0,2992755.75
2023-10-15,0.459,0.452,0.455,6692088.0,1931140.0
2023-10-16,0.459,0.45,0.455,4148508.0,1192886.25
2023-10-17,0.466,0.453,0.463,11347929.0,3310429.75
2023-10-18,0.467,0.455,0.458,9921672.0,2898767.0
2023-10-19,0.466,0.455,0.456,8662856.0,2522853.5
2023-10-22,0.475,0.456,0.472,10711286.0,3176440.75
2023-10-23,0.48,0.459,0.463,16840103.0,5033543.0
2023-10-24,0.497,0.467,0.482,36506353.0,11151639.0
2023-10-25,0.502,0.482,0.488,36386704.0,11341247.0
2023-10-26,0.505,0.494,0.497,16772943.0,5285132.5
2023-10-29,0.51,0.496,0.497,10845473.0,3434533.34
2023-10-30,0.507,0.497,0.502,18674386.0,5950739.5
2023-10-31,0.507,0.494,0.496,9966644.0,3145195.25
2023-11-01,0.497,0.48,0.485,9400030.0,2903205.5
2023-11-02,0.496,0.48,0.489,7332047.0,2271843.5
2023-11-05,0.516,0.491,0.515,20083747.0,6434658.5
2023-11-06,0.531,0.513,0.521,38430327.0,12734990.0
2023-11-07,0.529,0.516,0.529,18866465.0,6239898.0
2023-11-08,0.535,0.513,0.513,29080494.0,9655687.0
2023-11-09,0.516,0.501,0.508,12683330.0,4096320.5
2023-11-12,0.545,0.513,0.542,39731374.0,13384077.0
2023-11-13,0.553,0.537,0.538,38982644.0,13489071.0
2023-11-14,0.557,0.535,0.549,29457838.0,10229345.0
2023-11-15,0.557,0.534,0.538,19888183.0,6882557.0
2023-11-16,0.548,0.54,0.542,10719900.0,3692124.25
2023-11-19,0.562,0.542,0.548,41108786.0,14481134.0
2023-11-20,0.561,0.534,0.534,21333353.0,7371018.0
2023-11-21,0.639,0.534,0.639,195869292.0,74800336.0
2023-11-22,0.654,0.611,0.622,81921456.0,32634004.0
2023-11-23,0.703,0.627,0.666,191984761.0,81726696.0
2023-11-26,0.688,0.66,0.663,83324515.0,35435192.0
2023-11-27,0.682,0.646,0.654,55131004.0,23076906.0
2023-11-28,0.662,0.624,0.655,76513589.0,31174048.0
2023-11-29,0.718,0.654,0.676,205916240.0,90261400.0
2023-11-30,0.696,0.66,0.674,69074427.0,29697076.0
2023-12-03,0.704,0.662,0.665,70616674.0,30575554.0
2023-12-04,0.696,0.663,0.684,43634887.0,18761258.0
2023-12-05,0.695,0.665,0.665,58128107.0,24942056.0
2023-12-06,0.673,0.646,0.646,52712494.0,21975884.0
2023-12-07,0.643,0.609,0.628,48883846.0,19337512.0
2023-12-10,0.655,0.619,0.621,60014130.0,24362138.0
2023-12-11,0.633,0.608,0.613,39218023.0,15365306.0
2023-12-12,0.671,0.609,0.669,68407558.0,27856602.09
2023-12-13,0.728,0.684,0.687,190633989.0,84996984.0
2023-12-14,0.729,0.677,0.729,87682438.0,39136356.0
2023-12-17,0.767,0.718,0.728,160591715.0,75478400.0
2023-12-18,0.734,0.696,0.703,84512912.0,38410592.0
2023-12-19,0.715,0.677,0.685,70091109.0,30900740.0
2023-12-20,0.688,0.673,0.676,28518480.0,12296527.0
2023-12-21,0.706,0.677,0.698,60047899.0,26374746.0
2023-12-24,0.714,0.649,0.649,60396231.0,26193132.0
2023-12-25,0.666,0.633,0.652,55632522.0,22883758.0
2023-12-26,0.695,0.658,0.668,71866783.0,30832318.0
2023-12-27,0.682,0.665,0.673,24353497.0,10377398.0
2023-12-28,0.684,0.657,0.66,18684291.0,7930844.5
2023-12-31,0.671,0.655,0.657,15358018.0,6435355.0
2024-01-02,0.706,0.66,0.703,43488876.0,18967024.0
2024-01-03,0.726,0.687,0.723,66909179.0,30038866.0
2024-01-04,0.733,0.703,0.709,31148181.0,14111376.0
2024-01-08,0.712,0.699,0.706,14856601.0,6645672.0
2024-01-09,0.72,0.703,0.709,38959385.0,17526314.0
2024-01-10,0.744,0.703,0.742,61696609.0,28266428.0
2024-01-11,0.747,0.714,0.718,57064579.0,26399998.0
2024-01-14,0.782,0.718,0.782,156753413.0,74643112.0
2024-01-15,0.823,0.767,0.799,115947775.0,58537672.0
2024-01-16,0.818,0.775,0.78,74797046.0,37600832.0
2024-01-17,0.786,0.759,0.769,41088046.0,20114842.0
2024-01-18,0.805,0.771,0.804,73885392.0,36992332.0
2024-01-21,0.837,0.808,0.832,84397481.0,44031676.0
2024-01-22,0.861,0.813,0.848,77590964.0,41131380.0
2024-01-23,0.854,0.823,0.834,49253937.0,26028210.0
2024-01-24,0.875,0.821,0.87,85727320.0,46586260.0
2024-01-28,0.876,0.845,0.845,31337826.0,17045082.0
2024-01-29,0.861,0.827,0.832,32960165.0,17550324.0
2024-01-30,0.842,0.81,0.818,46271290.0,24189704.0
2024-01-31,0.832,0.718,0.747,75122756.0,37096416.0
2024-02-01,0.764,0.685,0.759,36757624.0,17077722.0
2024-02-04,0.766,0.722,0.744,18910905.0,8951364.0
2024-02-05,0.793,0.744,0.785,36067616.0,17718114.0
2024-02-06,0.804,0.764,0.766,65194897.0,32543056.0
2024-02-07,0.775,0.748,0.75,18174374.0,8770050.0
2024-02-08,0.763,0.75,0.753,8838346.0,4230595.5
2024-02-11,0.793,0.755,0.775,51949744.0,25474084.0
2024-02-12,0.789,0.761,0.767,49444348.0,24114100.0
2024-02-13,0.782,0.764,0.771,32132506.0,15703253.0
2024-02-14,0.897,0.802,0.892,192817536.0,104936024.0
2024-02-15,0.903,0.868,0.889,75714683.0,42370632.0
2024-02-18,0.921,0.879,0.897,81335468.0,46308920.0
2024-02-19,0.905,0.864,0.878,35431733.0,19778154.0
2024-02-20,0.892,0.868,0.868,29668102.0,16504533.0
2024-02-21,0.927,0.861,0.927,91253865.0,52245788.0
2024-02-22,0.958,0.919,0.927,67366937.0,40010336.0
2024-02-25,0.909,0.805,0.878,31814666.0,17823032.0
2024-02-26,0.898,0.846,0.87,19332575.0,10750089.0
2024-02-27,0.925,0.876,0.894,56205385.0,32170478.0
2024-02-28,0.908,0.827,0.831,30603450.0,16931326.0
2024-02-29,0.848,0.815,0.84,25078529.0,13204930.0
2024-03-03,0.846,0.813,0.819,24906957.0,13042652.0
2024-03-04,0.861,0.826,0.843,19791944.0,10582335.0
2024-03-05,0.872,0.84,0.867,26267605.0,14262981.0
2024-03-06,0.932,0.808,0.872,58526051.0,32913330.0
2024-03-07,0.887,0.834,0.884,19531115.0,10614175.0
2024-03-10,0.905,0.873,0.884,34293983.0,19269658.0
2024-03-11,0.889,0.849,0.849,16426291.0,9016157.0
2024-03-12,0.853,0.812,0.815,15651252.0,8244823.5
2024-03-13,0.829,0.782,0.789,24018699.0,12123634.0
2024-03-14,0.813,0.778,0.797,12127469.0,6118579.5
2024-03-17,0.818,0.797,0.799,7405334.0,3774855.75
2024-03-18,0.789,0.647,0.722,13370344.0,6474371.0
2024-03-19,0.733,0.684,0.722,8133807.0,3688085.75
2024-03-20,0.753,0.725,0.745,8027265.0,3772586.5
2024-03-21,0.758,0.733,0.752,4886340.0,2302275.5
2024-03-24,0.764,0.748,0.752,10379481.0,4953402.5
2024-03-25,0.81,0.745,0.782,25983437.0,12946454.0
2024-03-26,0.797,0.767,0.771,5100615.0,2530920.75
2024-03-27,0.769,0.736,0.745,8155465.0,3901644.75
2024-03-28,0.747,0.733,0.737,3275058.0,1530830.25
2024-03-31,0.748,0.715,0.718,6606908.0,3068289.75
2024-04-01,0.767,0.718,0.748,8800278.0,4166040.0
2024-04-02,0.761,0.733,0.75,5995000.0,2837444.75
2024-04-03,0.788,0.739,0.783,11620170.0,5653972.5
2024-04-04,0.818,0.785,0.813,81002252.0,41481636.0
2024-04-07,0.876,0.826,0.872,90925666.0,49215804.0
2024-04-08,0.9,0.846,0.897,128798054.0,71929608.0
2024-04-15,0.928,0.881,0.925,92537670.0,53456048.0
2024-04-16,1.0,0.892,0.987,255066830.0,153217952.0
2024-04-17,0.993,0.949,0.968,202825498.0,124989072.0
2024-04-18,0.974,0.908,0.955,156357059.0,93360640.0
2024-04-21,1.03,0.955,1.0,206731830.0,131275408.0
2024-04-22,1.05,0.998,1.02,182477944.0,118077624.0
2024-04-23,1.03,0.995,1.0,120072848.0,77050952.0
2024-04-24,1.0,0.911,0.998,150592929.0,93267264.0
2024-04-28,1.01,0.963,0.971,126182197.0,78804544.0
2024-04-29,1.0,0.939,0.979,114117991.0,70053512.0
2024-04-30,0.988,0.905,0.911,61682834.0,37393044.0
2024-05-01,0.946,0.887,0.927,62156109.0,36208484.0
2024-05-02,0.969,0.922,0.951,134896982.0,80960160.0
2024-05-07,0.957,0.925,0.927,49623804.0,29492526.0
2024-05-08,0.933,0.846,0.854,50727921.0,28596762.0
2024-05-09,0.891,0.821,0.891,62130760.0,33845604.0
2024-05-12,0.911,0.832,0.832,69949602.0,39268336.0
2024-05-13,0.854,0.813,0.854,41064661.0,21758762.0
2024-05-14,0.862,0.829,0.856,32843219.0,17645050.0
2024-05-15,0.876,0.838,0.865,93310508.0,50848552.0
2024-05-16,0.878,0.856,0.861,46542617.0,25431096.0
2024-05-19,0.908,0.859,0.908,172896159.0,96678976.0
2024-05-20,0.913,0.873,0.875,73696113.0,41474552.0
2024-05-21,0.883,0.845,0.856,27989397.0,15307929.0
2024-05-22,0.873,0.84,0.842,39803273.0,21485326.0
2024-05-23,0.853,0.832,0.843,23060042.0,12296717.0
2024-05-26,0.853,0.843,0.851,15093578.0,8101345.5
2024-05-27,0.865,0.837,0.84,29316642.0,15778488.0
2024-05-28,0.835,0.819,0.827,26220942.0,13728033.0
2024-05-29,0.837,0.807,0.808,51247811.0,26725986.0
2024-05-30,0.813,0.767,0.789,51049816.0,25480846.0
2024-06-02,0.789,0.759,0.766,18979282.0,9279171.0
2024-06-03,0.818,0.748,0.804,122079600.0,61393184.0
2024-06-04,0.812,0.786,0.789,58688220.0,29520336.0
2024-06-05,0.829,0.782,0.819,107946963.0,54971020.0
2024-06-06,0.834,0.797,0.802,73628436.0,37979568.0
2024-06-09,0.797,0.774,0.782,41854574.0,20712084.0
2024-06-10,0.777,0.761,0.771,17524716.0,8544916.0
2024-06-11,0.789,0.769,0.772,29129107.0,14416187.0
2024-06-12,0.801,0.772,0.786,27998058.0,13970215.0
2024-06-13,0.818,0.782,0.808,108184729.0,55146052.0
2024-06-23,0.838,0.808,0.826,110993237.0,58007956.0
2024-06-24,0.851,0.804,0.805,70646947.0,36559604.0
2024-06-25,0.816,0.797,0.81,32340942.0,16559794.0
2024-06-26,0.821,0.805,0.807,23203152.0,11889965.0
2024-06-27,0.829,0.797,0.81,35557665.0,18378894.0
2024-07-01,0.827,0.812,0.824,12415630.0,6445789.0
2024-07-02,0.834,0.812,0.813,23703990.0,12329393.0
2024-07-03,0.831,0.81,0.812,31093837.0,16145703.0
2024-07-04,0.843,0.813,0.818,49913442.0,26073284.0
2024-07-07,0.831,0.816,0.819,20010548.0,10425886.0
2024-07-08,0.826,0.799,0.801,22366250.0,11534602.0
2024-07-09,0.805,0.794,0.801,15454813.0,7840623.0
2024-07-10,0.821,0.794,0.796,21109690.0,10728342.0
2024-07-14,0.804,0.791,0.791,10958740.0,5531713.5
2024-07-15,0.799,0.783,0.785,13992924.0,6999829.0
2024-07-16,0.797,0.782,0.782,10576272.0,5274080.5
2024-07-17,0.791,0.782,0.786,15369688.0,7667062.5
2024-07-18,0.813,0.785,0.813,32947684.0,16732225.0
2024-07-21,0.881,0.815,0.87,115100468.0,62217132.0
2024-07-22,0.9,0.854,0.9,70941761.0,39645800.0
2024-07-23,0.916,0.879,0.916,68257231.0,38910392.0
2024-07-24,0.936,0.892,0.894,70489742.0,40811632.0
2024-07-28,0.939,0.889,0.916,96922083.0,56520708.0
2024-07-29,0.955,0.916,0.932,74200406.0,44027488.0
2024-07-30,0.955,0.919,0.927,36085291.0,21304042.0
2024-07-31,0.977,0.922,0.963,72587364.0,44010840.0
2024-08-01,0.979,0.922,0.924,46033572.0,27561596.0
2024-08-04,0.897,0.853,0.861,55166249.0,30479960.0
2024-08-05,0.868,0.801,0.867,57758564.0,30722382.0
2024-08-06,0.876,0.837,0.854,36864280.0,20049922.0
2024-08-07,0.872,0.851,0.856,22899061.0,12490030.0
2024-08-08,0.867,0.842,0.843,17084729.0,9205046.0
2024-08-11,0.862,0.851,0.859,17775211.0,9649101.0
2024-08-12,0.873,0.842,0.845,28392297.0,15505406.0
2024-08-13,0.857,0.819,0.834,29358590.0,15516448.0
2024-08-14,0.842,0.823,0.826,13438627.0,7103197.5
2024-08-15,0.851,0.827,0.838,16899078.0,8965954.0
2024-08-18,0.859,0.845,0.848,19915049.0,10743156.0
2024-08-19,0.854,0.842,0.843,11116844.0,5962031.5
2024-08-20,0.853,0.84,0.845,10782839.0,5795894.5
2024-08-21,0.865,0.845,0.851,28271224.0,15267645.0
2024-08-22,0.87,0.854,0.864,23052737.0,12592208.0
2024-08-25,0.889,0.859,0.862,53941881.0,29819184.0
2024-08-26,0.873,0.848,0.853,21843195.0,11880167.0
2024-08-27,0.861,0.846,0.851,16790827.0,9059470.0
2024-08-28,0.868,0.848,0.854,21949779.0,11874952.0
2024-08-29,0.894,0.856,0.875,57960314.0,32103670.45
2024-09-01,0.895,0.872,0.873,55250837.0,30874816.0
2024-09-02,0.881,0.859,0.867,20174982.0,11092597.0
2024-09-03,0.881,0.864,0.865,19900585.0,10968427.0
2024-09-04,0.867,0.853,0.857,24492608.0,13321651.0
2024-09-05,0.883,0.857,0.859,99837420.0,54990064.0
2024-09-08,0.868,0.838,0.843,36786176.0,19818994.0
2024-09-09,0.857,0.842,0.846,26137015.0,14073268.0
2024-09-10,0.872,0.842,0.859,36698348.0,19980852.0
2024-09-11,0.868,0.853,0.865,25918087.0,14150371.0
2024-09-12,0.873,0.846,0.846,22825036.0,12403479.0
2024-09-16,0.857,0.842,0.842,13030257.0,6994330.0
2024-09-17,0.849,0.829,0.829,13017822.0,6919728.0
2024-09-18,0.837,0.821,0.824,18916667.0,9903751.0
2024-09-19,0.842,0.826,0.827,15270960.0,8043665.0
2024-09-22,0.84,0.831,0.835,17719999.0,9365370.0
2024-09-23,0.846,0.837,0.838,18021127.0,9596732.0
2024-09-24,0.849,0.838,0.843,15724787.0,8403018.0
2024-09-25,0.881,0.856,0.875,77619432.0,42834272.0
2024-09-26,0.876,0.864,0.864,19330890.0,10649952.0
2024-09-29,0.868,0.857,0.862,12241601.0,6679789.0
2024-09-30,0.867,0.859,0.861,11112644.0,6064994.0
2024-10-01,0.875,0.856,0.867,22357981.0,12303618.0
2024-10-02,0.875,0.849,0.853,25915869.0,14148323.0
2024-10-03,0.857,0.846,0.848,9383118.0,5059885.0
2024-10-07,0.859,0.834,0.837,15149380.0,8140679.5
2024-10-08,0.842,0.802,0.805,19383452.0,10043116.0
2024-10-09,0.816,0.802,0.805,14440796.0,7383123.0
2024-10-10,0.816,0.802,0.804,9335678.0,4777325.0
2024-10-13,0.812,0.775,0.777,12727830.0,6368082.0
2024-10-14,0.786,0.758,0.771,9266131.0,4524878.5
2024-10-15,0.783,0.772,0.778,9511641.0,4684705.0
2024-10-16,0.799,0.778,0.78,12539427.0,6251514.5
2024-10-17,0.788,0.764,0.766,10143853.0,4957194.0
2024-10-20,0.775,0.744,0.752,7401768.0,3567389.0
2024-10-21,0.763,0.728,0.758,11791244.0,5583347.0
2024-10-22,0.789,0.759,0.771,24199734.0,11854364.0
2024-10-23,0.782,0.758,0.761,21426040.0,10409332.0
2024-10-24,0.767,0.756,0.763,12211730.0,5895602.5
2024-10-27,0.78,0.764,0.777,16793366.0,8228639.0
2024-10-28,0.801,0.783,0.785,35407631.0,17734768.0
2024-10-29,0.794,0.78,0.789,16705184.0,8334016.0
2024-10-30,0.81,0.791,0.797,32102419.0,16283510.0
2024-10-31,0.818,0.801,0.807,44599097.0,22838796.0
2024-11-03,0.826,0.81,0.815,35220663.0,18276160.0
2024-11-04,0.823,0.807,0.808,16832208.0,8670014.0
2024-11-05,0.813,0.801,0.802,14055546.0,7191053.0
2024-11-06,0.826,0.807,0.812,25286807.0,13071884.0
2024-11-07,0.857,0.815,0.846,107337186.0,57159620.0
2024-11-10,0.853,0.837,0.84,27079792.0,14485413.0
2024-11-11,0.868,0.84,0.859,46064118.0,24942628.0
2024-11-12,0.865,0.848,0.853,27712551.0,15001665.0
2024-11-13,0.856,0.834,0.835,25345788.0,13522519.0
2024-11-14,0.851,0.831,0.832,13827947.0,7330966.0
2024-11-17,0.843,0.832,0.837,16085638.0,8533128.0
2024-11-18,0.864,0.837,0.842,66149537.0,35706148.0
2024-11-19,0.854,0.837,0.845,26304495.0,14060610.0
2024-11-20,0.875,0.842,0.862,82488029.0,45020576.0
2024-11-21,0.87,0.843,0.845,30901274.0,16742908.0
2024-11-24,0.856,0.824,0.826,20078162.0,10654972.0
2024-11-25,0.832,0.799,0.799,29430270.0,15225915.0
2024-11-26,0.815,0.797,0.801,19430042.0,9899535.0
2024-11-27,0.812,0.785,0.786,12590785.0,6341676.0
2024-11-28,0.799,0.782,0.791,17049241.0,8537138.0
2024-12-01,0.802,0.791,0.794,16104704.0,8112438.0
2024-12-02,0.805,0.793,0.793,10980201.0,5531054.0
2024-12-03,0.804,0.789,0.799,18193314.0,9180474.0
2024-12-04,0.808,0.797,0.805,15468192.0,7864923.5
2024-12-05,0.813,0.805,0.81,9876944.0,5067851.0
2024-12-08,0.824,0.81,0.821,21081818.0,10905800.0
2024-12-09,0.829,0.808,0.808,17588349.0,9125702.0
2024-12-10,0.815,0.796,0.796,8843999.0,4498866.0
2024-12-11,0.848,0.799,0.848,48685242.0,25634088.0
2024-12-12,0.872,0.835,0.854,118078186.0,63868828.0
2024-12-15,0.891,0.862,0.876,100696644.0,55966552.0
2024-12-16,0.889,0.856,0.861,49484123.0,27224532.0
2024-12-17,0.875,0.846,0.846,48237646.0,26330180.0
2024-12-18,0.856,0.813,0.819,40425848.0,21448174.0
2024-12-19,0.821,0.789,0.812,22669015.0,11584919.0
2024-12-22,0.827,0.813,0.818,15241361.0,7903866.0
2024-12-23,0.823,0.799,0.801,19265963.0,9885996.0
2024-12-24,0.807,0.796,0.804,21386262.0,10848316.0
2024-12-25,0.876,0.808,0.868,151656225.0,82245424.0
2024-12-26,0.884,0.856,0.859,149936872.0,82713400.0
2024-12-29,0.861,0.845,0.851,83650212.0,45147820.0
2024-12-30,0.856,0.831,0.846,39453911.0,21091848.0
2024-12-31,0.864,0.842,0.845,32328812.0,17471780.0
2025-01-02,0.887,0.849,0.876,78471516.0,43512888.0
2025-01-05,0.903,0.873,0.892,182259311.0,102921632.0
2025-01-06,0.897,0.861,0.861,104483528.0,57850292.0
2025-01-08,0.865,0.837,0.848,66007499.0,35484432.0
2025-01-09,0.853,0.835,0.835,60615071.0,32305538.0
2025-01-12,0.835,0.813,0.821,37208539.0,19399028.0
2025-01-13,0.829,0.789,0.794,33277936.0,16994456.0
2025-01-14,0.797,0.767,0.788,39466803.0,19564494.0
2025-01-15,0.812,0.788,0.812,19913504.0,10066553.0
2025-01-16,0.816,0.804,0.808,20076740.0,10280391.0
2025-01-19,0.821,0.808,0.812,21658483.0,11170877.0
2025-01-20,0.832,0.805,0.824,45220766.0,23470286.0
2025-01-21,0.848,0.829,0.831,51034032.0,27107300.0
2025-01-22,0.846,0.829,0.831,56171333.0,29785990.0
2025-01-23,0.846,0.831,0.84,51366510.0,27287974.0
2025-01-26,0.879,0.848,0.856,108212468.0,59340508.0
2025-01-27,0.861,0.832,0.832,37222541.0,19857032.0
2025-01-28,0.842,0.832,0.834,12492569.0,6614571.35
2025-01-29,0.845,0.837,0.842,14011867.0,7466473.0
2025-01-30,0.843,0.826,0.834,21510888.0,11361019.0
2025-02-02,0.837,0.821,0.823,11134675.0,5840250.5
2025-02-03,0.826,0.808,0.808,15908587.0,8202541.5
2025-02-04,0.824,0.812,0.819,9329833.0,4850051.0
2025-02-05,0.842,0.818,0.823,23098680.0,12131921.0
2025-02-06,0.834,0.823,0.823,10302660.0,5385609.0
2025-02-09,0.862,0.826,0.848,66149468.0,35584376.0
2025-02-10,0.861,0.838,0.854,33154092.0,17825480.0
2025-02-11,0.916,0.861,0.862,329235924.0,185683968.0
2025-02-12,0.861,0.84,0.843,65087216.0,34953712.0
2025-02-13,0.872,0.843,0.853,95841224.0,52005488.0
2025-02-16,0.868,0.851,0.868,58699350.0,31988128.0
2025-02-17,0.878,0.857,0.857,55394111.0,30340612.0
2025-02-18,0.875,0.848,0.854,48691054.0,26516664.0
2025-02-19,0.861,0.848,0.848,22519479.0,12163619.0
2025-02-20,0.853,0.837,0.842,22258767.0,11874558.19
2025-02-23,0.849,0.837,0.845,14135956.0,7554474.5
2025-02-24,0.853,0.837,0.837,23376534.0,12474641.0
2025-02-25,0.842,0.827,0.827,15305993.0,8076117.5
2025-02-26,0.834,0.823,0.826,9548392.0,5003445.5
2025-02-27,0.831,0.815,0.818,16425290.0,8547442.0
2025-03-02,0.831,0.816,0.818,10293727.0,5354095.0
2025-03-03,0.821,0.813,0.815,9629539.0,4981813.0
2025-03-04,0.819,0.804,0.812,11184652.0,5748776.5
2025-03-05,0.813,0.799,0.804,10484282.0,5341080.0
2025-03-06,0.807,0.801,0.802,10025554.0,5092515.5
2025-03-09,0.819,0.802,0.816,9351754.0,4816210.0
2025-03-10,0.827,0.81,0.816,11925425.0,6188521.5
2025-03-11,0.823,0.81,0.821,10443797.0,5402605.0
2025-03-12,0.824,0.818,0.819,4649015.0,2415628.0
2025-03-13,0.826,0.816,0.821,14137949.0,7349142.5
2025-03-16,0.829,0.818,0.819,12653244.0,6586357.0
2025-03-17,0.824,0.813,0.813,10680191.0,5519807.0
2025-03-18,0.845,0.81,0.831,38369194.0,20203830.0
2025-03-19,0.842,0.824,0.832,16088461.0,8486031.0
2025-03-20,0.856,0.834,0.835,54567641.0,29249114.0
2025-03-23,0.851,0.837,0.846,26868503.0,14408866.0
2025-03-24,0.857,0.834,0.843,34834507.0,18656758.0
2025-03-25,0.846,0.831,0.831,15932249.0,8441901.0
2025-03-26,0.845,0.831,0.835,12316807.0,6528336.0
2025-03-27,0.842,0.831,0.834,13723746.0,7255011.5
2025-04-03,0.835,0.819,0.831,15228229.0,7966606.5
2025-04-06,0.799,0.766,0.774,42830949.0,21193170.0
2025-04-07,0.782,0.759,0.778,36504376.0,17865960.0
2025-04-08,0.797,0.782,0.793,39886976.0,19929542.0
2025-04-09,0.794,0.758,0.759,38358054.0,18915972.0
2025-04-10,0.793,0.772,0.789,32657797.0,16216973.0
2025-04-13,0.813,0.786,0.812,64287237.0,32724618.0
2025-04-14,0.818,0.796,0.799,35739782.0,18235586.0
2025-04-15,0.827,0.799,0.818,109085370.0,56489832.0
2025-04-16,0.823,0.805,0.807,21244294.0,10954364.0
2025-04-17,0.812,0.801,0.802,22353702.0,11398093.0
2025-04-22,0.812,0.804,0.805,14949435.0,7630755.5
2025-04-23,0.818,0.807,0.81,29038862.0,14921558.0
2025-04-27,0.842,0.812,0.837,125856667.0,66302004.0
2025-04-28,0.853,0.837,0.84,53745101.0,28776212.0
2025-04-29,0.845,0.826,0.831,41532763.0,21932648.0
2025-04-30,0.835,0.818,0.829,37005726.0,19416148.0
2025-05-04,0.842,0.827,0.832,21257318.0,11222135.0
2025-05-05,0.845,0.829,0.845,55620282.0,29547784.0
2025-05-06,0.857,0.842,0.842,43306467.0,23323312.0
2025-05-07,0.846,0.827,0.829,25628424.0,13585135.0
2025-05-08,0.832,0.812,0.819,19271684.0,9990082.0
2025-05-11,0.84,0.816,0.816,32039982.0,16771914.0
2025-05-12,0.823,0.815,0.821,8122948.0,4213891.0
2025-05-13,0.843,0.821,0.831,37536371.0,19804834.0
2025-05-14,0.859,0.832,0.853,80000672.0,43121024.0
2025-05-15,0.873,0.849,0.849,86403351.0,47178592.0
2025-05-18,0.854,0.827,0.827,36357990.0,19276866.0
2025-05-19,0.829,0.813,0.816,32033175.0,16629045.0
2025-05-20,0.826,0.816,0.823,14393287.0,7486007.0
2025-05-21,0.838,0.824,0.829,29519434.0,15535917.0
2025-05-22,0.835,0.824,0.834,31867240.0,16758906.0
2025-05-25,0.862,0.837,0.851,70527623.0,38070828.0
2025-05-26,0.857,0.834,0.834,27178991.0,14508330.0
2025-05-27,0.843,0.831,0.84,18685060.0,9904873.0
2025-05-28,0.843,0.834,0.834,15208313.0,8048074.5
2025-05-29,0.846,0.832,0.84,22098880.0,11743245.0
2025-06-01,0.854,0.838,0.846,34571526.0,18585894.0
2025-06-02,0.848,0.831,0.837,13592734.0,7194399.5
2025-06-03,0.842,0.835,0.835,11686585.0,6193526.5
2025-06-04,0.868,0.835,0.856,51560696.0,27935148.0
2025-06-10,0.868,0.853,0.868,41975651.0,22984358.0
2025-06-11,0.891,0.87,0.879,57680576.0,32116156.0
2025-06-12,0.878,0.842,0.848,36373156.0,19900924.0
2025-06-15,0.816,0.782,0.797,18115974.0,9149122.0
2025-06-16,0.813,0.796,0.799,12723345.0,6492615.0
2025-06-17,0.805,0.777,0.782,18146605.0,9057867.0
2025-06-18,0.785,0.774,0.777,9162751.0,4519383.0
2025-06-19,0.793,0.766,0.767,14620073.0,7200436.0
2025-06-22,0.783,0.742,0.78,8277097.0,4019079.5
2025-06-23,0.802,0.785,0.796,23815413.0,11960831.0
2025-06-24,0.829,0.804,0.826,72560061.0,37486796.0
2025-06-25,0.902,0.826,0.902,228988141.0,126241184.0
2025-06-29,0.99,0.908,0.977,207925717.0,125941816.0
2025-06-30,1.03,0.96,0.998,201723897.0,128408656.0
2025-07-01,1.07,0.979,1.05,190873929.0,125144528.0
2025-07-02,1.11,1.02,1.07,184596561.0,125858232.0
2025-07-06,1.08,1.05,1.05,42919703.0,28765982.0
2025-07-07,1.07,1.0,1.04,124419388.0,81983272.0
2025-07-09,1.06,1.03,1.04,30724495.0,20373296.0
2025-07-10,1.1,1.04,1.08,110407362.0,75809656.0
2025-07-13,1.14,1.09,1.13,71298759.0,50467116.0
2025-07-14,1.17,1.11,1.12,115099272.0,82819384.0
2025-07-15,1.18,1.13,1.17,125299560.0,91443960.0
2025-07-16,1.19,1.14,1.14,34540478.0,25398864.0
2025-07-17,1.22,1.13,1.21,62136332.0,46411480.0
2025-07-20,1.23,1.19,1.22,49289240.0,37650244.0
2025-07-21,1.26,1.2,1.2,59099166.0,46071628.0
2025-07-22,1.21,1.16,1.17,41488193.0,31036296.0
2025-07-23,1.24,1.16,1.19,109185434.0,83666112.0
2025-07-27,1.21,1.12,1.13,119436918.0,87038952.0
2025-07-28,1.15,1.11,1.11,58336279.0,41373692.0
2025-07-29,1.17,1.11,1.15,151815030.0,110904840.0
2025-07-30,1.15,1.04,1.08,111086966.0,77600096.0
2025-07-31,1.14,1.08,1.14,72134573.0,50763360.0
2025-08-03,1.13,1.06,1.07,106821395.0,73632712.0
2025-08-11,0.397,0.345,0.346,190259646.0,67227152.0
2025-08-12,0.358,0.337,0.34,148822293.0,51571216.0
2025-08-13,0.347,0.333,0.339,38188883.0,13002627.0
2025-08-14,0.341,0.323,0.325,67081102.0,22000278.0
2025-08-17,0.333,0.318,0.321,46552118.0,15019346.0
2025-08-18,0.325,0.311,0.311,50684299.0,16113261.0
2025-08-19,0.318,0.309,0.315,41355740.0,12984607.0
2025-08-20,0.321,0.311,0.312,34127977.0,10799951.0
2025-08-21,0.315,0.309,0.309,25978706.0,8066615.0
2025-08-24,0.318,0.31,0.315,28583906.0,8969887.0
2025-08-25,0.318,0.305,0.306,48997086.0,15270094.0
2025-08-26,0.311,0.303,0.304,31252957.0,9578780.0
2025-08-27,0.306,0.3,0.302,18058067.0,5475948.0
2025-08-28,0.313,0.303,0.312,29792959.0,9180544.0
2025-08-31,0.315,0.305,0.306,20689546.0,6396203.5
2025-09-01,0.31,0.303,0.309,18421751.0,5648981.0
2025-09-02,0.319,0.309,0.317,56461888.0,17801088.0
2025-09-03,0.319,0.309,0.311,41318383.0,12911764.0
2025-09-07,0.315,0.307,0.308,13634984.0,4226046.5
2025-09-08,0.311,0.304,0.304,21055867.0,6462750.0
2025-09-09,0.307,0.297,0.298,33780740.0,10184386.0
2025-09-10,0.302,0.295,0.301,19664752.0,5891375.5
2025-09-11,0.304,0.298,0.302,10631489.0,3189881.5
2025-09-14,0.303,0.297,0.298,12931633.0,3868989.5
2025-09-15,0.3,0.294,0.296,24444381.0,7255032.5
2025-09-16,0.298,0.288,0.288,24170802.0,7055070.5
2025-09-17,0.288,0.282,0.283,13042408.0,3714827.25
2025-09-18,0.286,0.28,0.28,10095749.0,2847714.5
2025-09-21,0.283,0.276,0.276,12841929.0,3567121.0
2025-09-22,0.28,0.264,0.272,29846925.0,8054562.5
2025-09-23,0.275,0.266,0.27,15002734.0,4068881.25
2025-09-24,0.273,0.268,0.27,4256778.0,1152116.75
2025-09-25,0.286,0.27,0.282,50221839.0,14039211.0
2025-09-28,0.285,0.279,0.285,9296711.0,2629354.75
2025-09-29,0.285,0.279,0.282,10787279.0,3036951.25
2025-09-30,0.285,0.281,0.282,8346234.0,2363991.5
2025-10-01,0.284,0.279,0.28,7022152.0,1972850.5
2025-10-02,0.282,0.277,0.279,6671569.0,1864213.125
2025-10-05,0.285,0.28,0.281,3902702.0,1100492.0
2025-10-06,0.283,0.28,0.281,4593758.0,1289934.125
2025-10-07,0.283,0.279,0.28,7848914.0,2199258.75
2025-10-08,0.282,0.279,0.28,6419020.0,1796751.5
2025-10-12,0.281,0.277,0.279,5802513.0,1619549.375
2025-10-13,0.282,0.278,0.279,5554556.0,1550864.625
2025-10-14,0.291,0.279,0.283,32249124.0,9229067.0
2025-10-15,0.29,0.283,0.285,9508156.0,2720591.25
2025-10-16,0.31,0.287,0.3,112009462.0,33547552.0
2025-10-19,0.307,0.295,0.297,28033980.0,8441927.0
2025-10-20,0.303,0.292,0.293,10932521.0,3237234.25
2025-10-21,0.299,0.291,0.293,17712072.0,5227481.0
2025-10-22,0.325,0.293,0.297,11039172.0,3282148.0
2025-10-23,0.303,0.295,0.298,49733626.0,14904277.0
2025-10-26,0.311,0.299,0.306,50710304.0,15524382.0
2025-10-27,0.31,0.303,0.303,18211345.0,5578776.5
2025-10-28,0.305,0.295,0.297,25147712.0,7527170.0
2025-10-29,0.305,0.296,0.298,26226215.0,7889558.5
2025-10-30,0.302,0.296,0.298,13709627.0,4083632.5
2025-11-02,0.301,0.29,0.293,15085405.0,4434355.0
2025-11-03,0.296,0.291,0.293,8630827.0,2527566.25
2025-11-04,0.3,0.29,0.3,14087753.0,4149933.75
2025-11-05,0.3,0.292,0.293,6585419.0,1938923.0
2025-11-06,0.305,0.292,0.301,27879480.0,8369041.0
2025-11-09,0.308,0.299,0.305,20126307.0,6113764.5
2025-11-10,0.306,0.297,0.302,15632883.0,4710884.5
2025-11-11,0.318,0.302,0.315,101116678.0,31510958.0
2025-11-12,0.339,0.316,0.336,155712865.0,51441412.0
2025-11-13,0.348,0.334,0.347,77880255.0,26607918.0
2025-11-16,0.356,0.339,0.348,58561741.0,20408854.0
2025-11-17,0.351,0.335,0.347,47019114.0,16205849.0
2025-11-18,0.355,0.342,0.351,39455639.0,13764657.0
2025-11-19,0.376,0.347,0.376,114526658.0,41718432.0
2025-11-20,0.39,0.367,0.382,78152851.0,29622208.0
2025-11-23,0.379,0.359,0.36,32818141.0,12025647.0
2025-11-24,0.366,0.357,0.36,30648731.0,11107366.0
2025-11-25,0.375,0.36,0.362,49622914.0,18330538.0
2025-11-26,0.38,0.357,0.36,46338891.0,17034990.0
2025-11-27,0.368,0.359,0.36,23699418.0,8601865.0
2025-11-30,0.372,0.358,0.368,28653175.0,10500639.0
2025-12-01,0.385,0.37,0.375,66996082.0,25234612.0
2025-12-02,0.378,0.37,0.37,12628330.0,4712190.0
2025-12-03,0.395,0.37,0.387,68654292.0,26321538.0
2025-12-04,0.395,0.378,0.38,31889018.0,12335222.0
2025-12-07,0.409,0.382,0.408,96849275.0,38560344.0
2025-12-08,0.409,0.386,0.387,54095660.0,21437804.0
2025-12-09,0.397,0.383,0.384,25099444.0,9752773.0
2025-12-10,0.389,0.38,0.382,11477723.0,4404850.0
2025-12-11,0.387,0.376,0.378,15157878.0,5785130.5
2025-12-14,0.41,0.37,0.409,74433210.0,28994806.0
2025-12-15,0.419,0.39,0.394,46783372.0,18750824.0
2025-12-16,0.395,0.377,0.38,36566968.0,13993015.0
2025-12-17,0.382,0.375,0.38,14567623.0,5505218.0
2025-12-18,0.384,0.365,0.368,21725172.0,8134760.0
2025-12-21,0.37,0.355,0.357,24845748.0,8962950.0
2025-12-22,0.361,0.35,0.35,26531228.0,9386244.0
2025-12-23,0.353,0.334,0.338,68301845.0,23129346.0
2025-12-24,0.345,0.338,0.341,48225572.0,16442001.0
2025-12-25,0.348,0.338,0.34,17883108.0,6098376.0
2025-12-28,0.345,0.341,0.341,11536741.0,3955399.5
2025-12-29,0.345,0.34,0.341,14318059.0,4902898.5
2025-12-30,0.349,0.342,0.343,13008442.0,4487086.0
2025-12-31,0.351,0.343,0.344,11711922.0,4058814.0
2026-01-04,0.347,0.341,0.344,14020823.0,4815051.5
2026-01-05,0.345,0.335,0.335,10909366.0,3692770.44
2026-01-06,0.34,0.333,0.337,25019442.0,8400374.0
2026-01-08,0.34,0.33,0.331,16497163.0,5535188.0
2026-01-11,0.335,0.329,0.331,12588550.0,4164205.75
2026-01-12,0.337,0.331,0.333,15112831.0,5041749.0
2026-01-13,0.336,0.326,0.33,9261854.0,3062312.0
2026-01-14,0.33,0.311,0.315,10693863.0,3438492.25
2026-01-15,0.322,0.3,0.301,41142062.0,12641802.0
2026-01-18,0.308,0.3,0.302,11009621.0,3330656.25
2026-01-19,0.315,0.303,0.313,11517548.0,3568918.0
2026-01-20,0.318,0.31,0.313,7395110.0,2316039.75
2026-01-21,0.313,0.306,0.308,9632743.0,2968777.25
2026-01-22,0.313,0.306,0.307,9953013.0,3075878.25
2026-01-25,0.31,0.305,0.306,6803276.0,2090856.75
2026-01-26,0.309,0.302,0.303,9004710.0,2737231.5
2026-01-27,0.306,0.301,0.302,7313402.0,2218071.25
2026-01-28,0.304,0.27,0.279,63994918.0,18138634.0
2026-02-01,0.308,0.279,0.307,51553681.0,15011297.0
2026-02-02,0.312,0.295,0.308,35577754.0,10829444.0
2026-02-03,0.315,0.31,0.312,18308915.0,5704365.0
2026-02-04,0.339,0.312,0.32,91145925.0,29839242.0
2026-02-05,0.33,0.315,0.325,19580579.0,6308438.0
2026-02-08,0.329,0.32,0.323,16278241.0,5282045.5
2026-02-09,0.326,0.317,0.318,10362753.0,3321953.75
2026-02-10,0.338,0.318,0.327,43041908.0,14198391.0
2026-02-11,0.333,0.324,0.325,23827902.0,7835455.5
2026-02-12,0.328,0.321,0.322,8700307.0,2819746.53
2026-02-15,0.329,0.32,0.32,15284827.0,4942112.5
2026-02-16,0.324,0.314,0.314,11925341.0,3811784.75
2026-02-17,0.32,0.308,0.319,15731207.0,4920465.5
2026-02-18,0.327,0.315,0.322,42254430.0,13624617.0
2026-02-19,0.325,0.313,0.314,17282356.0,5489752.5
2026-02-22,0.323,0.276,0.294,84139974.0,24897316.0
2026-02-23,0.302,0.295,0.3,11195375.0,3346137.0
2026-02-24,0.303,0.297,0.299,18356265.0,5502513.0
2026-02-25,0.301,0.286,0.29,18563924.0,5438839.0
2026-02-26,0.295,0.286,0.293,20674599.0,6006608.5
2026-03-01,0.287,0.271,0.283,18543182.0,5196468.0
2026-03-02,0.292,0.284,0.285,7535094.0,2161992.5
2026-03-03,0.301,0.285,0.293,44775836.0,13174867.0
2026-03-04,0.3,0.29,0.3,16219313.0,4809096.5
2026-03-05,0.315,0.297,0.309,34802295.0,10683805.0
2026-03-08,0.312,0.302,0.305,14145093.0,4353804.0
2026-03-09,0.312,0.304,0.309,14748335.0,4549713.5
2026-03-10,0.323,0.309,0.318,38605615.0,12276525.0
2026-03-11,0.321,0.313,0.317,11169238.0,3541688.5
2026-03-12,0.322,0.314,0.32,21056875.0,6716633.0
2026-03-15,0.326,0.318,0.32,17352871.0,5577755.5
2026-03-16,0.325,0.316,0.322,20820723.0,6681629.5
2026-03-17,0.331,0.322,0.326,22770256.0,7452740.0
2026-03-18,0.334,0.326,0.333,27073907.0,8926323.0
2026-03-24,0.341,0.33,0.333,87657459.0,29436864.0
2026-03-25,0.337,0.33,0.331,27247805.0,9082501.0
2026-03-26,0.333,0.317,0.319,20754750.0,6700142.5
2026-03-29,0.321,0.309,0.31,15146872.0,4720187.5
2026-03-30,0.313,0.304,0.307,12340382.0,3790318.25
2026-03-31,0.311,0.303,0.307,7266084.0,2238293.5
2026-04-01,0.316,0.309,0.312,5937608.0,1852287.75
2026-04-02,0.315,0.308,0.311,6407344.0,1991891.375
2026-04-05,0.313,0.309,0.31,8252498.0,2561372.25
2026-04-06,0.317,0.311,0.313,13267584.0,4158574.5
2026-04-07,0.316,0.307,0.309,12827923.0,3981701.0
2026-04-08,0.324,0.312,0.324,25162925.0,8034984.0
2026-04-09,0.324,0.316,0.32,14108662.0,4509545.0
2026-04-14,0.321,0.316,0.316,6538642.0,2080466.0
2026-04-15,0.322,0.317,0.319,12563263.0,4013371.25
2026-04-16,0.322,0.319,0.32,9274074.0,2969029.75
2026-04-19,0.322,0.317,0.318,17037282.0,5428015.0
2026-04-20,0.321,0.317,0.319,10323363.0,3294107.5
2026-04-21,0.347,0.317,0.344,94822335.0,31875510.0
2026-04-22,0.352,0.337,0.339,80494581.0,27609350.0
2026-04-23,0.344,0.337,0.338,27843934.0,9470062.0
2026-04-26,0.342,0.336,0.337,21660788.0,7330509.0
2026-04-27,0.346,0.337,0.343,34864809.0,11945289.0
2026-04-28,0.353,0.341,0.342,60031527.0,20921610.0
2026-04-29,0.344,0.34,0.341,21043286.0,7192770.5
2026-04-30,0.343,0.335,0.338,28205454.0,9566699.0
2026-05-03,0.34,0.337,0.339,11831997.0,4004800.75
2026-05-04,0.342,0.336,0.341,29201181.0,9891350.0
2026-05-05,0.358,0.339,0.353,110825919.0,38796964.0
2026-05-06,0.356,0.344,0.35,30887982.0,10890938.0
2026-05-10,0.362,0.348,0.358,85107112.0,30410744.0
2026-05-11,0.36,0.349,0.353,30582873.0,10803228.0
2026-05-12,0.361,0.35,0.36,54391415.0,19421086.0
2026-05-13,0.368,0.357,0.36,47868157.0,17384356.0
2026-05-14,0.365,0.356,0.357,28076670.0,10127543.0
2026-05-17,0.36,0.35,0.357,28649954.0,10176302.0
2026-05-18,0.356,0.343,0.344,13814724.0,4809703.5
2026-05-19,0.353,0.341,0.35,32151831.0,11158792.0
2026-05-20,0.352,0.34,0.34,24895430.0,8570392.0
2026-05-21,0.344,0.338,0.34,16213976.0,5525062.0
2026-05-24,0.345,0.339,0.339,9459495.0,3220647.25
2026-05-25,0.344,0.337,0.341,11373236.0,3871456.0
2026-06-01,0.347,0.342,0.346,7726033.0,2668557.0
2026-06-02,0.351,0.346,0.35,28163861.0,9844881.0
2026-06-03,0.358,0.35,0.352,37575798.0,13255865.0
2026-06-04,0.373,0.353,0.37,78008949.0,28483298.0
2026-06-07,0.373,0.358,0.368,38886018.0,14358523.0
2026-06-08,0.388,0.362,0.383,45169737.0,17136924.0
2026-06-09,0.458,0.384,0.458,291965282.0,124438864.0
2026-06-10,0.539,0.445,0.456,504551243.0,241005392.0
2026-06-11,0.472,0.436,0.457,111532235.0,50859736.0
2026-06-14,0.49,0.467,0.479,91331796.0,43426364.0
2026-06-15,0.515,0.476,0.508,128961183.0,63784364.0
2026-06-16,0.529,0.467,0.469,180566271.0,88771808.0
2026-06-17,0.475,0.461,0.47,53944438.0,25146986.0
2026-06-21,0.483,0.465,0.471,43449235.0,20581304.0
2026-06-22,0.477,0.451,0.456,56350624.0,25956038.0
2026-06-23,0.464,0.451,0.455,25659183.0,11705115.0
2026-06-24,0.469,0.445,0.457,33668108.0,15472375.0
2026-06-25,0.462,0.447,0.448,17021459.0,7698948.5
2026-06-28,0.455,0.431,0.431,25658906.0,11319970.0
2026-06-29,0.467,0.435,0.455,47740727.0,21535954.0
2026-06-30,0.49,0.45,0.477,71520946.0,33706148.0
2026-07-01,0.486,0.469,0.473,34963570.0,16628166.0
2026-07-05,0.49,0.47,0.471,31610536.0,15114858.0
2026-07-06,0.48,0.467,0.467,16807515.0,7920819.5
2026-07-07,0.484,0.463,0.476,17118606.0,8130463.0
2026-07-08,0.48,0.467,0.467,14738159.0,6955068.5
2026-07-09,0.489,0.467,0.477,41426675.0,19954648.0
2026-07-12,0.493,0.478,0.481,40249916.0,19560166.0
2026-07-13,0.491,0.48,0.484,31903881.0,15531889.0
2026-07-14,0.484,0.477,0.479,15470514.0,7423256.0
2026-07-15,0.49,0.471,0.477,49130074.0,23654224.0
2026-07-16,0.49,0.476,0.48,46086732.0,22235312.0
2026-07-19,0.484,0.478,0.482,13921754.0,6677347.5
2026-07-20,0.485,0.479,0.485,30179710.0,14541544.0
2026-07-21,0.49,0.483,0.49,32861805.0,15998230.0
2026-07-22,0.501,0.488,0.494,33717250.0,16681902.0
2026-07-26,0.497,0.485,0.485,31089849.0,15192523.0
2026-07-27,0.491,0.483,0.486,22682774.0,11043385.0
2026-07-28,0.503,0.486,0.49,179885645.0,88922504.0
2026-07-29,0.495,0.475,0.475,47424281.0,22978612.0
2026-07-30,0.479,0.452,0.453,40878304.0,18865716.0
2026-08-02,0.462,0.44,0.459,49895915.0,22545360.0
2026-08-03,0.47,0.459,0.468,28041855.0,13032901.0
2026-08-04,0.494,0.466,0.488,62371268.0,30267118.0
2026-08-05,0.497,0.485,0.493,34527505.0,16979868.0
2026-08-06,0.514,0.492,0.509,114466640.0,57819844.0
2026-08-09,0.519,0.51,0.516,49362412.0,25363518.0
2026-08-10,0.519,0.504,0.508,33075124.0,16822618.0
2026-08-11,0.51,0.483,0.487,45255403.0,22392776.0
2026-08-12,0.514,0.483,0.514,82249193.0,41385492.0
2026-08-13,0.523,0.508,0.51,59751008.0,30811792.4
2026-08-16,0.515,0.497,0.501,28985821.0,14674969.0
2026-08-17,0.513,0.495,0.496,41029573.0,20650566.0
2026-08-18,0.508,0.497,0.505,26729293.0,13414170.0
2026-08-19,0.58,0.457,0.49,480414797.0,254990064.0
2026-08-20,0.503,0.47,0.47,131814017.0,63488456.0
2026-08-23,0.494,0.47,0.474,103827521.0,49883448.0
2026-08-24,0.494,0.467,0.488,85734563.0,41319616.0
2026-08-25,0.505,0.475,0.479,99502404.0,48774628.0
2026-08-26,0.52,0.479,0.503,173836158.0,88135448.0
2026-08-30,0.603,0.507,0.603,478160205.0,279335072.0
2026-08-31,0.723,0.622,0.665,714764272.0,477995232.0
2026-09-01,0.759,0.665,0.737,472339119.0,340462336.0
2026-09-02,0.783,0.721,0.76,294328592.0,221671632.0
2026-09-03,0.86,0.756,0.812,345412338.0,279311872.0
2026-09-06,0.8230000000000001,0.765,0.776,222732110.0,176339312.0
2026-09-07,0.805,0.766,0.7939999999999999,95959703.0,75721840.0
