variant,category,pivot_radius,minimum_impulse_strength_atr,healthy_retracement_maximum_percent,healthy_pullback_maximum_atr,support_cluster_tolerance_atr,contracting_volume_ratio,minimum_reward_risk,pullback_candidates,support_zone_touches,reversal_confirmations,confirmed_entries,confirmed_entry_frequency,managed_trade_count,win_rate,expectancy_percent,profit_factor,maximum_drawdown_percent,stop_hit_rate,target_1_hit_rate,target_2_touch_rate,median_r_multiple,stability_by_year,stability_by_symbol
default_full_history,EXPANDED_BASELINE,2,2.0,61.8,3.0,0.5,0.85,1.5,35593,447694,198363,210,0.000374,207,0.391304,-0.719171,0.806053,-92.0369,0.584541,0.376812,0.024155,-1.033854,"{""2003"": {""count"": 1, ""expectancy_percent"": -0.889637, ""win_rate"": 0.0}, ""2005"": {""count"": 1, ""expectancy_percent"": 1.838225, ""win_rate"": 1.0}, ""2008"": {""count"": 1, ""expectancy_percent"": -6.910345, ""win_rate"": 0.0}, ""2009"": {""count"": 2, ""expectancy_percent"": 2.617742, ""win_rate"": 0.5}, ""2010"": {""count"": 5, ""expectancy_percent"": -3.271978, ""win_rate"": 0.0}, ""2011"": {""count"": 1, ""expectancy_percent"": 11.695402, ""win_rate"": 1.0}, ""2012"": {""count"": 13, ""expectancy_percent"": 1.090503, ""win_rate"": 0.461538}, ""2013"": {""count"": 7, ""expectancy_percent"": -2.39363, ""win_rate"": 0.428571}, ""2014"": {""count"": 19, ""expectancy_percent"": -2.58384, ""win_rate"": 0.263158}, ""2015"": {""count"": 1, ""expectancy_percent"": -4.06626, ""win_rate"": 0.0}, ""2016"": {""count"": 11, ""expectancy_percent"": -1.000808, ""win_rate"": 0.363636}, ""2017"": {""count"": 14, ""expectancy_percent"": 4.290559, ""win_rate"": 0.642857}, ""2018"": {""count"": 8, ""expectancy_percent"": -2.040134, ""win_rate"": 0.375}, ""2019"": {""count"": 3, ""expectancy_percent"": -9.796803, ""win_rate"": 0.0}, ""2020"": {""count"": 16, ""expectancy_percent"": -4.17402, ""win_rate"": 0.1875}, ""2021"": {""count"": 11, ""expectancy_percent"": -0.276937, ""win_rate"": 0.454545}, ""2022"": {""count"": 13, ""expectancy_percent"": 0.171976, ""win_rate"": 0.384615}, ""2023"": {""count"": 26, ""expectancy_percent"": -1.231845, ""win_rate"": 0.423077}, ""2024"": {""count"": 17, ""expectancy_percent"": 1.266004, ""win_rate"": 0.529412}, ""2025"": {""count"": 21, ""expectancy_percent"": 0.733278, ""win_rate"": 0.47619}, ""2026"": {""count"": 16, ""expectancy_percent"": -1.774063, ""win_rate"": 0.3125}}","{""ACAP"": {""count"": 1, ""expectancy_percent"": 9.60099, ""win_rate"": 1.0}, ""ACGC"": {""count"": 3, ""expectancy_percent"": 1.625262, ""win_rate"": 0.666667}, ""ADCI"": {""count"": 1, ""expectancy_percent"": -4.658688, ""win_rate"": 0.0}, ""ADIB"": {""count"": 1, ""expectancy_percent"": 3.504821, ""win_rate"": 1.0}, ""AFDI"": {""count"": 1, ""expectancy_percent"": 7.643925, ""win_rate"": 1.0}, ""AIND"": {""count"": 1, ""expectancy_percent"": -5.838462, ""win_rate"": 0.0}, ""AJWA"": {""count"": 3, ""expectancy_percent"": 0.066541, ""win_rate"": 0.333333}, ""ALCN"": {""count"": 2, ""expectancy_percent"": -1.460036, ""win_rate"": 0.5}, ""ALRA"": {""count"": 1, ""expectancy_percent"": 4.638272, ""win_rate"": 1.0}, ""ALUM"": {""count"": 3, ""expectancy_percent"": 1.568953, ""win_rate"": 0.666667}, ""AMER"": {""count"": 2, ""expectancy_percent"": 3.617249, ""win_rate"": 0.5}, ""AMIA"": {""count"": 1, ""expectancy_percent"": -11.789395, ""win_rate"": 0.0}, ""AMOC"": {""count"": 1, ""expectancy_percent"": 8.240417, ""win_rate"": 1.0}, ""APSW"": {""count"": 1, ""expectancy_percent"": 10.576133, ""win_rate"": 1.0}, ""ARAB"": {""count"": 1, ""expectancy_percent"": -4.320397, ""win_rate"": 0.0}, ""AREH"": {""count"": 1, ""expectancy_percent"": -5.801618, ""win_rate"": 0.0}, ""ASCM"": {""count"": 2, ""expectancy_percent"": -1.405497, ""win_rate"": 0.5}, ""AXPH"": {""count"": 1, ""expectancy_percent"": -5.119243, ""win_rate"": 0.0}, ""BINV"": {""count"": 2, ""expectancy_percent"": -4.617664, ""win_rate"": 0.0}, ""CANA"": {""count"": 1, ""expectancy_percent"": 6.842857, ""win_rate"": 1.0}, ""CCAP"": {""count"": 2, ""expectancy_percent"": -1.283911, ""win_rate"": 0.5}, ""CICH"": {""count"": 1, ""expectancy_percent"": -7.063314, ""win_rate"": 0.0}, ""CIEB"": {""count"": 2, ""expectancy_percent"": 1.147814, ""win_rate"": 0.5}, ""CLHO"": {""count"": 2, ""expectancy_percent"": 1.034945, ""win_rate"": 0.5}, ""COMI"": {""count"": 5, ""expectancy_percent"": 2.34042, ""win_rate"": 0.6}, ""COPR"": {""count"": 2, ""expectancy_percent"": 2.617742, ""win_rate"": 0.5}, ""CPCI"": {""count"": 3, ""expectancy_percent"": 4.312771, ""win_rate"": 1.0}, ""CSAG"": {""count"": 1, ""expectancy_percent"": -1.744268, ""win_rate"": 0.0}, ""DSCW"": {""count"": 2, ""expectancy_percent"": 5.632235, ""win_rate"": 1.0}, ""DTPP"": {""count"": 4, ""expectancy_percent"": 1.462891, ""win_rate"": 0.5}, ""EALR"": {""count"": 4, ""expectancy_percent"": -10.770094, ""win_rate"": 0.0}, ""EAST"": {""count"": 2, ""expectancy_percent"": 5.121976, ""win_rate"": 1.0}, ""EBSC"": {""count"": 1, ""expectancy_percent"": -9.248718, ""win_rate"": 0.0}, ""EDFM"": {""count"": 3, ""expectancy_percent"": 2.622271, ""win_rate"": 0.666667}, ""EFID"": {""count"": 1, ""expectancy_percent"": -3.59554, ""win_rate"": 0.0}, ""EGAL"": {""count"": 1, ""expectancy_percent"": -8.494848, ""win_rate"": 0.0}, ""EGBE"": {""count"": 1, ""expectancy_percent"": 2.564769, ""win_rate"": 1.0}, ""EGCH"": {""count"": 3, ""expectancy_percent"": -6.602433, ""win_rate"": 0.0}, ""EGTS"": {""count"": 1, ""expectancy_percent"": -3.453153, ""win_rate"": 0.0}, ""ELNA"": {""count"": 1, ""expectancy_percent"": -12.017482, ""win_rate"": 0.0}, ""ELSH"": {""count"": 2, ""expectancy_percent"": 2.396321, ""win_rate"": 0.5}, ""EMFD"": {""count"": 2, ""expectancy_percent"": 1.138829, ""win_rate"": 0.5}, ""EPCO"": {""count"": 3, ""expectancy_percent"": 0.151612, ""win_rate"": 0.333333}, ""ETEL"": {""count"": 2, ""expectancy_percent"": 6.072988, ""win_rate"": 1.0}, ""EXPA"": {""count"": 2, ""expectancy_percent"": -4.558802, ""win_rate"": 0.0}, ""FAIT"": {""count"": 2, ""expectancy_percent"": -6.746549, ""win_rate"": 0.0}, ""FAITA"": {""count"": 1, ""expectancy_percent"": -1.028643, ""win_rate"": 0.0}, ""FWRY"": {""count"": 2, ""expectancy_percent"": 8.102107, ""win_rate"": 1.0}, ""GGCC"": {""count"": 2, ""expectancy_percent"": -4.744208, ""win_rate"": 0.0}, ""GIHD"": {""count"": 1, ""expectancy_percent"": 11.543818, ""win_rate"": 1.0}, ""GSSC"": {""count"": 2, ""expectancy_percent"": -2.316806, ""win_rate"": 0.5}, ""HRHO"": {""count"": 4, ""expectancy_percent"": -2.15794, ""win_rate"": 0.25}, ""ICID"": {""count"": 1, ""expectancy_percent"": -4.06626, ""win_rate"": 0.0}, ""IFAP"": {""count"": 2, ""expectancy_percent"": 2.214701, ""win_rate"": 0.5}, ""INFI"": {""count"": 1, ""expectancy_percent"": -9.161546, ""win_rate"": 0.0}, ""IRON"": {""count"": 1, ""expectancy_percent"": -13.151322, ""win_rate"": 0.0}, ""ISMA"": {""count"": 4, ""expectancy_percent"": -8.190166, ""win_rate"": 0.0}, ""ISPH"": {""count"": 1, ""expectancy_percent"": -5.87485, ""win_rate"": 0.0}, ""JUFO"": {""count"": 1, ""expectancy_percent"": -3.312984, ""win_rate"": 0.0}, ""KABO"": {""count"": 2, ""expectancy_percent"": -5.377215, ""win_rate"": 0.0}, ""LCSW"": {""count"": 1, ""expectancy_percent"": 9.897368, ""win_rate"": 1.0}, ""MAAL"": {""count"": 1, ""expectancy_percent"": -5.618681, ""win_rate"": 0.0}, ""MASR"": {""count"": 4, ""expectancy_percent"": -0.32737, ""win_rate"": 0.5}, ""MBEG"": {""count"": 1, ""expectancy_percent"": -10.46, ""win_rate"": 0.0}, ""MCQE"": {""count"": 2, ""expectancy_percent"": 12.23978, ""win_rate"": 1.0}, ""MEDP"": {""count"": 2, ""expectancy_percent"": 0.633881, ""win_rate"": 0.5}, ""MENA"": {""count"": 1, ""expectancy_percent"": 16.16005, ""win_rate"": 1.0}, ""MEPA"": {""count"": 3, ""expectancy_percent"": -1.669741, ""win_rate"": 0.333333}, ""MFSC"": {""count"": 1, ""expectancy_percent"": -2.756982, ""win_rate"": 0.0}, ""MICH"": {""count"": 1, ""expectancy_percent"": -5.814749, ""win_rate"": 0.0}, ""MILS"": {""count"": 3, ""expectancy_percent"": -5.734946, ""win_rate"": 0.0}, ""MPCI"": {""count"": 2, ""expectancy_percent"": 7.571624, ""win_rate"": 1.0}, ""MTIE"": {""count"": 1, ""expectancy_percent"": -7.38125, ""win_rate"": 0.0}, ""NAHO"": {""count"": 3, ""expectancy_percent"": -5.338362, ""win_rate"": 0.0}, ""NINH"": {""count"": 2, ""expectancy_percent"": 8.337511, ""win_rate"": 1.0}, ""NIPH"": {""count"": 2, ""expectancy_percent"": 5.310631, ""win_rate"": 0.5}, ""OBRI"": {""count"": 2, ""expectancy_percent"": 15.543512, ""win_rate"": 1.0}, ""ODIN"": {""count"": 1, ""expectancy_percent"": -8.475, ""win_rate"": 0.0}, ""OLFI"": {""count"": 1, ""expectancy_percent"": 6.545638, ""win_rate"": 1.0}, ""ORAS"": {""count"": 1, ""expectancy_percent"": 7.263025, ""win_rate"": 1.0}, ""ORMT"": {""count"": 3, ""expectancy_percent"": -5.156951, ""win_rate"": 0.0}, ""ORWE"": {""count"": 3, ""expectancy_percent"": -2.783416, ""win_rate"": 0.0}, ""PHAR"": {""count"": 1, ""expectancy_percent"": -2.554738, ""win_rate"": 0.0}, ""PHDC"": {""count"": 2, ""expectancy_percent"": 0.816701, ""win_rate"": 0.5}, ""PHTV"": {""count"": 2, ""expectancy_percent"": -8.534737, ""win_rate"": 0.0}, ""POUL"": {""count"": 1, ""expectancy_percent"": -4.014773, ""win_rate"": 0.0}, ""PRCL"": {""count"": 2, ""expectancy_percent"": -0.280577, ""win_rate"": 0.5}, ""PRDC"": {""count"": 2, ""expectancy_percent"": 3.554082, ""win_rate"": 0.5}, ""PRMH"": {""count"": 1, ""expectancy_percent"": 1.947191, ""win_rate"": 1.0}, ""QNBA"": {""count"": 3, ""expectancy_percent"": -2.413856, ""win_rate"": 0.0}, ""QNBE"": {""count"": 4, ""expectancy_percent"": -4.320094, ""win_rate"": 0.0}, ""RAYA"": {""count"": 1, ""expectancy_percent"": -3.827462, ""win_rate"": 0.0}, ""RREI"": {""count"": 2, ""expectancy_percent"": -3.771932, ""win_rate"": 0.5}, ""RTVC"": {""count"": 2, ""expectancy_percent"": 1.639863, ""win_rate"": 0.5}, ""SAUD"": {""count"": 5, ""expectancy_percent"": -3.948313, ""win_rate"": 0.0}, ""SCTS"": {""count"": 7, ""expectancy_percent"": -3.459937, ""win_rate"": 0.285714}, ""SEIG"": {""count"": 1, ""expectancy_percent"": -12.149049, ""win_rate"": 0.0}, ""SKPC"": {""count"": 2, ""expectancy_percent"": 2.744501, ""win_rate"": 1.0}, ""SNFC"": {""count"": 3, ""expectancy_percent"": 4.451214, ""win_rate"": 0.666667}, ""SPIN"": {""count"": 1, ""expectancy_percent"": -5.011538, ""win_rate"": 0.0}, ""SUGR"": {""count"": 2, ""expectancy_percent"": 12.306331, ""win_rate"": 1.0}, ""SVCE"": {""count"": 2, ""expectancy_percent"": -8.277365, ""win_rate"": 0.0}, ""SWDY"": {""count"": 1, ""expectancy_percent"": -5.004231, ""win_rate"": 0.0}, ""TALM"": {""count"": 1, ""expectancy_percent"": -7.833333, ""win_rate"": 0.0}, ""TMGH"": {""count"": 3, ""expectancy_percent"": 0.724236, ""win_rate"": 0.666667}, ""UNIP"": {""count"": 1, ""expectancy_percent"": -11.042059, ""win_rate"": 0.0}, ""UNIT"": {""count"": 1, ""expectancy_percent"": 6.126735, ""win_rate"": 1.0}, ""WCDF"": {""count"": 2, ""expectancy_percent"": -0.629235, ""win_rate"": 0.5}, ""ZEOT"": {""count"": 1, ""expectancy_percent"": 10.139199, ""win_rate"": 1.0}}"
combo_pivot1_impulse1_5,COMBINATION,1,1.5,61.8,3.0,0.5,0.85,1.5,1174,29269,9284,5,0.000143,5,0.8,3.40443,3.61833,-6.5011,0.2,0.8,0.2,1.126254,"{""2026"": {""count"": 5, ""expectancy_percent"": 3.40443, ""win_rate"": 0.8}}","{""ABUK"": {""count"": 1, ""expectancy_percent"": 3.165347, ""win_rate"": 1.0}, ""AMER"": {""count"": 1, ""expectancy_percent"": 5.214706, ""win_rate"": 1.0}, ""MCQE"": {""count"": 1, ""expectancy_percent"": -6.501149, ""win_rate"": 0.0}, ""MPCI"": {""count"": 2, ""expectancy_percent"": 7.571624, ""win_rate"": 1.0}}"
combo_pivot1_rr1_25,COMBINATION,1,2.0,61.8,3.0,0.5,0.85,1.25,1145,29269,9284,5,0.000143,5,0.8,3.40443,3.61833,-6.5011,0.2,0.8,0.2,1.126254,"{""2026"": {""count"": 5, ""expectancy_percent"": 3.40443, ""win_rate"": 0.8}}","{""ABUK"": {""count"": 1, ""expectancy_percent"": 3.165347, ""win_rate"": 1.0}, ""AMER"": {""count"": 1, ""expectancy_percent"": 5.214706, ""win_rate"": 1.0}, ""MCQE"": {""count"": 1, ""expectancy_percent"": -6.501149, ""win_rate"": 0.0}, ""MPCI"": {""count"": 2, ""expectancy_percent"": 7.571624, ""win_rate"": 1.0}}"
combo_pivot3_rr1_75,COMBINATION,3,2.0,61.8,3.0,0.5,0.85,1.75,4752,26412,11956,33,0.000944,33,0.363636,-1.334704,0.624041,-43.7859,0.606061,0.363636,0.0,-1.042221,"{""2025"": {""count"": 12, ""expectancy_percent"": -0.661254, ""win_rate"": 0.333333}, ""2026"": {""count"": 21, ""expectancy_percent"": -1.719533, ""win_rate"": 0.380952}}","{""ABUK"": {""count"": 1, ""expectancy_percent"": 3.165347, ""win_rate"": 1.0}, ""ADIB"": {""count"": 1, ""expectancy_percent"": 2.510936, ""win_rate"": 1.0}, ""ATLC"": {""count"": 1, ""expectancy_percent"": -2.946245, ""win_rate"": 0.0}, ""BINV"": {""count"": 2, ""expectancy_percent"": -4.617664, ""win_rate"": 0.0}, ""CCAP"": {""count"": 1, ""expectancy_percent"": 3.744118, ""win_rate"": 1.0}, ""CPME"": {""count"": 1, ""expectancy_percent"": -19.656624, ""win_rate"": 0.0}, ""EASB"": {""count"": 1, ""expectancy_percent"": 10.129448, ""win_rate"": 1.0}, ""EDFM"": {""count"": 1, ""expectancy_percent"": -3.023073, ""win_rate"": 0.0}, ""EFID"": {""count"": 1, ""expectancy_percent"": -3.597207, ""win_rate"": 0.0}, ""EFIH"": {""count"": 2, ""expectancy_percent"": -4.192801, ""win_rate"": 0.0}, ""EGBE"": {""count"": 1, ""expectancy_percent"": 2.564769, ""win_rate"": 1.0}, ""EXPA"": {""count"": 1, ""expectancy_percent"": -3.030445, ""win_rate"": 0.0}, ""FWRY"": {""count"": 1, ""expectancy_percent"": 6.438683, ""win_rate"": 1.0}, ""HBCO"": {""count"": 1, ""expectancy_percent"": -6.174106, ""win_rate"": 0.0}, ""HELI"": {""count"": 2, ""expectancy_percent"": 5.957889, ""win_rate"": 1.0}, ""ICID"": {""count"": 1, ""expectancy_percent"": 10.299078, ""win_rate"": 1.0}, ""MASR"": {""count"": 1, ""expectancy_percent"": -5.142917, ""win_rate"": 0.0}, ""MBEG"": {""count"": 1, ""expectancy_percent"": -10.46, ""win_rate"": 0.0}, ""MFPC"": {""count"": 1, ""expectancy_percent"": 3.942424, ""win_rate"": 1.0}, ""MIPH"": {""count"": 1, ""expectancy_percent"": 9.533333, ""win_rate"": 1.0}, ""MPCI"": {""count"": 1, ""expectancy_percent"": 8.865049, ""win_rate"": 1.0}, ""OCDI"": {""count"": 1, ""expectancy_percent"": -6.339979, ""win_rate"": 0.0}, ""PHDC"": {""count"": 1, ""expectancy_percent"": -2.455477, ""win_rate"": 0.0}, ""PRMH"": {""count"": 1, ""expectancy_percent"": -7.405505, ""win_rate"": 0.0}, ""QNBA"": {""count"": 1, ""expectancy_percent"": -4.447999, ""win_rate"": 0.0}, ""QNBE"": {""count"": 1, ""expectancy_percent"": -4.665568, ""win_rate"": 0.0}, ""RAYA"": {""count"": 1, ""expectancy_percent"": -7.95098, ""win_rate"": 0.0}, ""SCTS"": {""count"": 1, ""expectancy_percent"": -3.385017, ""win_rate"": 0.0}, ""SDTI"": {""count"": 1, ""expectancy_percent"": -4.27587, ""win_rate"": 0.0}, ""ZMID"": {""count"": 1, ""expectancy_percent"": -4.576252, ""win_rate"": 0.0}}"
default_tail_250,OFAT,2,2.0,61.8,3.0,0.5,0.85,1.5,2909,27573,11040,21,0.000601,21,0.380952,-0.921742,0.701289,-26.9439,0.619048,0.380952,0.0,-1.045342,"{""2025"": {""count"": 4, ""expectancy_percent"": 1.465773, ""win_rate"": 0.5}, ""2026"": {""count"": 17, ""expectancy_percent"": -1.48351, ""win_rate"": 0.352941}}","{""ABUK"": {""count"": 1, ""expectancy_percent"": 3.165347, ""win_rate"": 1.0}, ""AJWA"": {""count"": 1, ""expectancy_percent"": -6.916313, ""win_rate"": 0.0}, ""BINV"": {""count"": 2, ""expectancy_percent"": -4.617664, ""win_rate"": 0.0}, ""CCAP"": {""count"": 1, ""expectancy_percent"": 3.744118, ""win_rate"": 1.0}, ""EDFM"": {""count"": 1, ""expectancy_percent"": -3.023073, ""win_rate"": 0.0}, ""EFID"": {""count"": 1, ""expectancy_percent"": -3.597207, ""win_rate"": 0.0}, ""EGBE"": {""count"": 1, ""expectancy_percent"": 2.564769, ""win_rate"": 1.0}, ""FWRY"": {""count"": 1, ""expectancy_percent"": 8.910526, ""win_rate"": 1.0}, ""HELI"": {""count"": 2, ""expectancy_percent"": 5.957889, ""win_rate"": 1.0}, ""MASR"": {""count"": 1, ""expectancy_percent"": -4.821739, ""win_rate"": 0.0}, ""MBEG"": {""count"": 1, ""expectancy_percent"": -10.46, ""win_rate"": 0.0}, ""MPCI"": {""count"": 2, ""expectancy_percent"": 7.571624, ""win_rate"": 1.0}, ""PHAR"": {""count"": 1, ""expectancy_percent"": -2.554738, ""win_rate"": 0.0}, ""PHDC"": {""count"": 1, ""expectancy_percent"": -2.455477, ""win_rate"": 0.0}, ""PRDC"": {""count"": 1, ""expectancy_percent"": -4.007361, ""win_rate"": 0.0}, ""QNBA"": {""count"": 1, ""expectancy_percent"": -4.447999, ""win_rate"": 0.0}, ""QNBE"": {""count"": 1, ""expectancy_percent"": -4.665568, ""win_rate"": 0.0}, ""SVCE"": {""count"": 1, ""expectancy_percent"": -8.615556, ""win_rate"": 0.0}}"
healthy_atr_2_5,OFAT,2,2.0,61.8,2.5,0.5,0.85,1.5,2909,27573,11040,21,0.000601,21,0.380952,-0.921742,0.701289,-26.9439,0.619048,0.380952,0.0,-1.045342,"{""2025"": {""count"": 4, ""expectancy_percent"": 1.465773, ""win_rate"": 0.5}, ""2026"": {""count"": 17, ""expectancy_percent"": -1.48351, ""win_rate"": 0.352941}}","{""ABUK"": {""count"": 1, ""expectancy_percent"": 3.165347, ""win_rate"": 1.0}, ""AJWA"": {""count"": 1, ""expectancy_percent"": -6.916313, ""win_rate"": 0.0}, ""BINV"": {""count"": 2, ""expectancy_percent"": -4.617664, ""win_rate"": 0.0}, ""CCAP"": {""count"": 1, ""expectancy_percent"": 3.744118, ""win_rate"": 1.0}, ""EDFM"": {""count"": 1, ""expectancy_percent"": -3.023073, ""win_rate"": 0.0}, ""EFID"": {""count"": 1, ""expectancy_percent"": -3.597207, ""win_rate"": 0.0}, ""EGBE"": {""count"": 1, ""expectancy_percent"": 2.564769, ""win_rate"": 1.0}, ""FWRY"": {""count"": 1, ""expectancy_percent"": 8.910526, ""win_rate"": 1.0}, ""HELI"": {""count"": 2, ""expectancy_percent"": 5.957889, ""win_rate"": 1.0}, ""MASR"": {""count"": 1, ""expectancy_percent"": -4.821739, ""win_rate"": 0.0}, ""MBEG"": {""count"": 1, ""expectancy_percent"": -10.46, ""win_rate"": 0.0}, ""MPCI"": {""count"": 2, ""expectancy_percent"": 7.571624, ""win_rate"": 1.0}, ""PHAR"": {""count"": 1, ""expectancy_percent"": -2.554738, ""win_rate"": 0.0}, ""PHDC"": {""count"": 1, ""expectancy_percent"": -2.455477, ""win_rate"": 0.0}, ""PRDC"": {""count"": 1, ""expectancy_percent"": -4.007361, ""win_rate"": 0.0}, ""QNBA"": {""count"": 1, ""expectancy_percent"": -4.447999, ""win_rate"": 0.0}, ""QNBE"": {""count"": 1, ""expectancy_percent"": -4.665568, ""win_rate"": 0.0}, ""SVCE"": {""count"": 1, ""expectancy_percent"": -8.615556, ""win_rate"": 0.0}}"
healthy_atr_3_5,OFAT,2,2.0,61.8,3.5,0.5,0.85,1.5,2909,27573,11040,21,0.000601,21,0.380952,-0.921742,0.701289,-26.9439,0.619048,0.380952,0.0,-1.045342,"{""2025"": {""count"": 4, ""expectancy_percent"": 1.465773, ""win_rate"": 0.5}, ""2026"": {""count"": 17, ""expectancy_percent"": -1.48351, ""win_rate"": 0.352941}}","{""ABUK"": {""count"": 1, ""expectancy_percent"": 3.165347, ""win_rate"": 1.0}, ""AJWA"": {""count"": 1, ""expectancy_percent"": -6.916313, ""win_rate"": 0.0}, ""BINV"": {""count"": 2, ""expectancy_percent"": -4.617664, ""win_rate"": 0.0}, ""CCAP"": {""count"": 1, ""expectancy_percent"": 3.744118, ""win_rate"": 1.0}, ""EDFM"": {""count"": 1, ""expectancy_percent"": -3.023073, ""win_rate"": 0.0}, ""EFID"": {""count"": 1, ""expectancy_percent"": -3.597207, ""win_rate"": 0.0}, ""EGBE"": {""count"": 1, ""expectancy_percent"": 2.564769, ""win_rate"": 1.0}, ""FWRY"": {""count"": 1, ""expectancy_percent"": 8.910526, ""win_rate"": 1.0}, ""HELI"": {""count"": 2, ""expectancy_percent"": 5.957889, ""win_rate"": 1.0}, ""MASR"": {""count"": 1, ""expectancy_percent"": -4.821739, ""win_rate"": 0.0}, ""MBEG"": {""count"": 1, ""expectancy_percent"": -10.46, ""win_rate"": 0.0}, ""MPCI"": {""count"": 2, ""expectancy_percent"": 7.571624, ""win_rate"": 1.0}, ""PHAR"": {""count"": 1, ""expectancy_percent"": -2.554738, ""win_rate"": 0.0}, ""PHDC"": {""count"": 1, ""expectancy_percent"": -2.455477, ""win_rate"": 0.0}, ""PRDC"": {""count"": 1, ""expectancy_percent"": -4.007361, ""win_rate"": 0.0}, ""QNBA"": {""count"": 1, ""expectancy_percent"": -4.447999, ""win_rate"": 0.0}, ""QNBE"": {""count"": 1, ""expectancy_percent"": -4.665568, ""win_rate"": 0.0}, ""SVCE"": {""count"": 1, ""expectancy_percent"": -8.615556, ""win_rate"": 0.0}}"
impulse_atr_1_5,OFAT,2,1.5,61.8,3.0,0.5,0.85,1.5,2956,27573,11040,21,0.000601,21,0.380952,-0.921742,0.701289,-26.9439,0.619048,0.380952,0.0,-1.045342,"{""2025"": {""count"": 4, ""expectancy_percent"": 1.465773, ""win_rate"": 0.5}, ""2026"": {""count"": 17, ""expectancy_percent"": -1.48351, ""win_rate"": 0.352941}}","{""ABUK"": {""count"": 1, ""expectancy_percent"": 3.165347, ""win_rate"": 1.0}, ""AJWA"": {""count"": 1, ""expectancy_percent"": -6.916313, ""win_rate"": 0.0}, ""BINV"": {""count"": 2, ""expectancy_percent"": -4.617664, ""win_rate"": 0.0}, ""CCAP"": {""count"": 1, ""expectancy_percent"": 3.744118, ""win_rate"": 1.0}, ""EDFM"": {""count"": 1, ""expectancy_percent"": -3.023073, ""win_rate"": 0.0}, ""EFID"": {""count"": 1, ""expectancy_percent"": -3.597207, ""win_rate"": 0.0}, ""EGBE"": {""count"": 1, ""expectancy_percent"": 2.564769, ""win_rate"": 1.0}, ""FWRY"": {""count"": 1, ""expectancy_percent"": 8.910526, ""win_rate"": 1.0}, ""HELI"": {""count"": 2, ""expectancy_percent"": 5.957889, ""win_rate"": 1.0}, ""MASR"": {""count"": 1, ""expectancy_percent"": -4.821739, ""win_rate"": 0.0}, ""MBEG"": {""count"": 1, ""expectancy_percent"": -10.46, ""win_rate"": 0.0}, ""MPCI"": {""count"": 2, ""expectancy_percent"": 7.571624, ""win_rate"": 1.0}, ""PHAR"": {""count"": 1, ""expectancy_percent"": -2.554738, ""win_rate"": 0.0}, ""PHDC"": {""count"": 1, ""expectancy_percent"": -2.455477, ""win_rate"": 0.0}, ""PRDC"": {""count"": 1, ""expectancy_percent"": -4.007361, ""win_rate"": 0.0}, ""QNBA"": {""count"": 1, ""expectancy_percent"": -4.447999, ""win_rate"": 0.0}, ""QNBE"": {""count"": 1, ""expectancy_percent"": -4.665568, ""win_rate"": 0.0}, ""SVCE"": {""count"": 1, ""expectancy_percent"": -8.615556, ""win_rate"": 0.0}}"
impulse_atr_2_5,OFAT,2,2.5,61.8,3.0,0.5,0.85,1.5,2808,27573,11040,21,0.000601,21,0.380952,-0.921742,0.701289,-26.9439,0.619048,0.380952,0.0,-1.045342,"{""2025"": {""count"": 4, ""expectancy_percent"": 1.465773, ""win_rate"": 0.5}, ""2026"": {""count"": 17, ""expectancy_percent"": -1.48351, ""win_rate"": 0.352941}}","{""ABUK"": {""count"": 1, ""expectancy_percent"": 3.165347, ""win_rate"": 1.0}, ""AJWA"": {""count"": 1, ""expectancy_percent"": -6.916313, ""win_rate"": 0.0}, ""BINV"": {""count"": 2, ""expectancy_percent"": -4.617664, ""win_rate"": 0.0}, ""CCAP"": {""count"": 1, ""expectancy_percent"": 3.744118, ""win_rate"": 1.0}, ""EDFM"": {""count"": 1, ""expectancy_percent"": -3.023073, ""win_rate"": 0.0}, ""EFID"": {""count"": 1, ""expectancy_percent"": -3.597207, ""win_rate"": 0.0}, ""EGBE"": {""count"": 1, ""expectancy_percent"": 2.564769, ""win_rate"": 1.0}, ""FWRY"": {""count"": 1, ""expectancy_percent"": 8.910526, ""win_rate"": 1.0}, ""HELI"": {""count"": 2, ""expectancy_percent"": 5.957889, ""win_rate"": 1.0}, ""MASR"": {""count"": 1, ""expectancy_percent"": -4.821739, ""win_rate"": 0.0}, ""MBEG"": {""count"": 1, ""expectancy_percent"": -10.46, ""win_rate"": 0.0}, ""MPCI"": {""count"": 2, ""expectancy_percent"": 7.571624, ""win_rate"": 1.0}, ""PHAR"": {""count"": 1, ""expectancy_percent"": -2.554738, ""win_rate"": 0.0}, ""PHDC"": {""count"": 1, ""expectancy_percent"": -2.455477, ""win_rate"": 0.0}, ""PRDC"": {""count"": 1, ""expectancy_percent"": -4.007361, ""win_rate"": 0.0}, ""QNBA"": {""count"": 1, ""expectancy_percent"": -4.447999, ""win_rate"": 0.0}, ""QNBE"": {""count"": 1, ""expectancy_percent"": -4.665568, ""win_rate"": 0.0}, ""SVCE"": {""count"": 1, ""expectancy_percent"": -8.615556, ""win_rate"": 0.0}}"
pivot_radius_1,OFAT,1,2.0,61.8,3.0,0.5,0.85,1.5,1145,29269,9284,5,0.000143,5,0.8,3.40443,3.61833,-6.5011,0.2,0.8,0.2,1.126254,"{""2026"": {""count"": 5, ""expectancy_percent"": 3.40443, ""win_rate"": 0.8}}","{""ABUK"": {""count"": 1, ""expectancy_percent"": 3.165347, ""win_rate"": 1.0}, ""AMER"": {""count"": 1, ""expectancy_percent"": 5.214706, ""win_rate"": 1.0}, ""MCQE"": {""count"": 1, ""expectancy_percent"": -6.501149, ""win_rate"": 0.0}, ""MPCI"": {""count"": 2, ""expectancy_percent"": 7.571624, ""win_rate"": 1.0}}"
pivot_radius_3,OFAT,3,2.0,61.8,3.0,0.5,0.85,1.5,4752,26412,11956,36,0.00103,36,0.388889,-1.127975,0.67271,-42.1218,0.583333,0.388889,0.0,-1.040716,"{""2025"": {""count"": 12, ""expectancy_percent"": -0.661254, ""win_rate"": 0.333333}, ""2026"": {""count"": 24, ""expectancy_percent"": -1.361335, ""win_rate"": 0.416667}}","{""ABUK"": {""count"": 1, ""expectancy_percent"": 3.165347, ""win_rate"": 1.0}, ""ADIB"": {""count"": 1, ""expectancy_percent"": 2.510936, ""win_rate"": 1.0}, ""AJWA"": {""count"": 1, ""expectancy_percent"": -6.916313, ""win_rate"": 0.0}, ""ATLC"": {""count"": 1, ""expectancy_percent"": -2.946245, ""win_rate"": 0.0}, ""BINV"": {""count"": 2, ""expectancy_percent"": -4.617664, ""win_rate"": 0.0}, ""CCAP"": {""count"": 1, ""expectancy_percent"": 3.744118, ""win_rate"": 1.0}, ""CPME"": {""count"": 1, ""expectancy_percent"": -19.656624, ""win_rate"": 0.0}, ""EASB"": {""count"": 1, ""expectancy_percent"": 10.129448, ""win_rate"": 1.0}, ""EDFM"": {""count"": 1, ""expectancy_percent"": -3.023073, ""win_rate"": 0.0}, ""EFID"": {""count"": 1, ""expectancy_percent"": -3.597207, ""win_rate"": 0.0}, ""EFIH"": {""count"": 2, ""expectancy_percent"": -4.192801, ""win_rate"": 0.0}, ""EGBE"": {""count"": 1, ""expectancy_percent"": 2.564769, ""win_rate"": 1.0}, ""EXPA"": {""count"": 1, ""expectancy_percent"": -3.030445, ""win_rate"": 0.0}, ""FWRY"": {""count"": 2, ""expectancy_percent"": 5.257471, ""win_rate"": 1.0}, ""HBCO"": {""count"": 1, ""expectancy_percent"": -6.174106, ""win_rate"": 0.0}, ""HELI"": {""count"": 2, ""expectancy_percent"": 5.957889, ""win_rate"": 1.0}, ""ICID"": {""count"": 1, ""expectancy_percent"": 10.299078, ""win_rate"": 1.0}, ""MASR"": {""count"": 1, ""expectancy_percent"": -5.142917, ""win_rate"": 0.0}, ""MBEG"": {""count"": 1, ""expectancy_percent"": -10.46, ""win_rate"": 0.0}, ""MFPC"": {""count"": 1, ""expectancy_percent"": 3.942424, ""win_rate"": 1.0}, ""MIPH"": {""count"": 1, ""expectancy_percent"": 9.533333, ""win_rate"": 1.0}, ""MPCI"": {""count"": 2, ""expectancy_percent"": 7.571624, ""win_rate"": 1.0}, ""OCDI"": {""count"": 1, ""expectancy_percent"": -6.339979, ""win_rate"": 0.0}, ""PHDC"": {""count"": 1, ""expectancy_percent"": -2.455477, ""win_rate"": 0.0}, ""PRMH"": {""count"": 1, ""expectancy_percent"": -7.405505, ""win_rate"": 0.0}, ""QNBA"": {""count"": 1, ""expectancy_percent"": -4.447999, ""win_rate"": 0.0}, ""QNBE"": {""count"": 1, ""expectancy_percent"": -4.665568, ""win_rate"": 0.0}, ""RAYA"": {""count"": 1, ""expectancy_percent"": -7.95098, ""win_rate"": 0.0}, ""SCTS"": {""count"": 1, ""expectancy_percent"": -3.385017, ""win_rate"": 0.0}, ""SDTI"": {""count"": 1, ""expectancy_percent"": -4.27587, ""win_rate"": 0.0}, ""ZMID"": {""count"": 1, ""expectancy_percent"": -4.576252, ""win_rate"": 0.0}}"
retracement_max_50,OFAT,2,2.0,50.0,3.0,0.5,0.85,1.5,2909,27573,11040,21,0.000601,21,0.380952,-0.921742,0.701289,-26.9439,0.619048,0.380952,0.0,-1.045342,"{""2025"": {""count"": 4, ""expectancy_percent"": 1.465773, ""win_rate"": 0.5}, ""2026"": {""count"": 17, ""expectancy_percent"": -1.48351, ""win_rate"": 0.352941}}","{""ABUK"": {""count"": 1, ""expectancy_percent"": 3.165347, ""win_rate"": 1.0}, ""AJWA"": {""count"": 1, ""expectancy_percent"": -6.916313, ""win_rate"": 0.0}, ""BINV"": {""count"": 2, ""expectancy_percent"": -4.617664, ""win_rate"": 0.0}, ""CCAP"": {""count"": 1, ""expectancy_percent"": 3.744118, ""win_rate"": 1.0}, ""EDFM"": {""count"": 1, ""expectancy_percent"": -3.023073, ""win_rate"": 0.0}, ""EFID"": {""count"": 1, ""expectancy_percent"": -3.597207, ""win_rate"": 0.0}, ""EGBE"": {""count"": 1, ""expectancy_percent"": 2.564769, ""win_rate"": 1.0}, ""FWRY"": {""count"": 1, ""expectancy_percent"": 8.910526, ""win_rate"": 1.0}, ""HELI"": {""count"": 2, ""expectancy_percent"": 5.957889, ""win_rate"": 1.0}, ""MASR"": {""count"": 1, ""expectancy_percent"": -4.821739, ""win_rate"": 0.0}, ""MBEG"": {""count"": 1, ""expectancy_percent"": -10.46, ""win_rate"": 0.0}, ""MPCI"": {""count"": 2, ""expectancy_percent"": 7.571624, ""win_rate"": 1.0}, ""PHAR"": {""count"": 1, ""expectancy_percent"": -2.554738, ""win_rate"": 0.0}, ""PHDC"": {""count"": 1, ""expectancy_percent"": -2.455477, ""win_rate"": 0.0}, ""PRDC"": {""count"": 1, ""expectancy_percent"": -4.007361, ""win_rate"": 0.0}, ""QNBA"": {""count"": 1, ""expectancy_percent"": -4.447999, ""win_rate"": 0.0}, ""QNBE"": {""count"": 1, ""expectancy_percent"": -4.665568, ""win_rate"": 0.0}, ""SVCE"": {""count"": 1, ""expectancy_percent"": -8.615556, ""win_rate"": 0.0}}"
retracement_max_70,OFAT,2,2.0,70.0,3.0,0.5,0.85,1.5,2909,27573,11040,21,0.000601,21,0.380952,-0.921742,0.701289,-26.9439,0.619048,0.380952,0.0,-1.045342,"{""2025"": {""count"": 4, ""expectancy_percent"": 1.465773, ""win_rate"": 0.5}, ""2026"": {""count"": 17, ""expectancy_percent"": -1.48351, ""win_rate"": 0.352941}}","{""ABUK"": {""count"": 1, ""expectancy_percent"": 3.165347, ""win_rate"": 1.0}, ""AJWA"": {""count"": 1, ""expectancy_percent"": -6.916313, ""win_rate"": 0.0}, ""BINV"": {""count"": 2, ""expectancy_percent"": -4.617664, ""win_rate"": 0.0}, ""CCAP"": {""count"": 1, ""expectancy_percent"": 3.744118, ""win_rate"": 1.0}, ""EDFM"": {""count"": 1, ""expectancy_percent"": -3.023073, ""win_rate"": 0.0}, ""EFID"": {""count"": 1, ""expectancy_percent"": -3.597207, ""win_rate"": 0.0}, ""EGBE"": {""count"": 1, ""expectancy_percent"": 2.564769, ""win_rate"": 1.0}, ""FWRY"": {""count"": 1, ""expectancy_percent"": 8.910526, ""win_rate"": 1.0}, ""HELI"": {""count"": 2, ""expectancy_percent"": 5.957889, ""win_rate"": 1.0}, ""MASR"": {""count"": 1, ""expectancy_percent"": -4.821739, ""win_rate"": 0.0}, ""MBEG"": {""count"": 1, ""expectancy_percent"": -10.46, ""win_rate"": 0.0}, ""MPCI"": {""count"": 2, ""expectancy_percent"": 7.571624, ""win_rate"": 1.0}, ""PHAR"": {""count"": 1, ""expectancy_percent"": -2.554738, ""win_rate"": 0.0}, ""PHDC"": {""count"": 1, ""expectancy_percent"": -2.455477, ""win_rate"": 0.0}, ""PRDC"": {""count"": 1, ""expectancy_percent"": -4.007361, ""win_rate"": 0.0}, ""QNBA"": {""count"": 1, ""expectancy_percent"": -4.447999, ""win_rate"": 0.0}, ""QNBE"": {""count"": 1, ""expectancy_percent"": -4.665568, ""win_rate"": 0.0}, ""SVCE"": {""count"": 1, ""expectancy_percent"": -8.615556, ""win_rate"": 0.0}}"
rr_1_25,OFAT,2,2.0,61.8,3.0,0.5,0.85,1.25,2909,27573,11040,25,0.000715,25,0.4,-0.82724,0.726896,-30.3417,0.6,0.36,0.0,-1.045342,"{""2025"": {""count"": 5, ""expectancy_percent"": -0.082251, ""win_rate"": 0.4}, ""2026"": {""count"": 20, ""expectancy_percent"": -1.013487, ""win_rate"": 0.4}}","{""ABUK"": {""count"": 1, ""expectancy_percent"": 3.165347, ""win_rate"": 1.0}, ""AJWA"": {""count"": 1, ""expectancy_percent"": -6.916313, ""win_rate"": 0.0}, ""BINV"": {""count"": 2, ""expectancy_percent"": -4.617664, ""win_rate"": 0.0}, ""CCAP"": {""count"": 1, ""expectancy_percent"": 3.744118, ""win_rate"": 1.0}, ""EDFM"": {""count"": 1, ""expectancy_percent"": -3.023073, ""win_rate"": 0.0}, ""EFID"": {""count"": 1, ""expectancy_percent"": -3.597207, ""win_rate"": 0.0}, ""EGBE"": {""count"": 1, ""expectancy_percent"": 2.564769, ""win_rate"": 1.0}, ""FWRY"": {""count"": 2, ""expectancy_percent"": 7.428663, ""win_rate"": 1.0}, ""HELI"": {""count"": 2, ""expectancy_percent"": 5.957889, ""win_rate"": 1.0}, ""ISMQ"": {""count"": 1, ""expectancy_percent"": -4.6509, ""win_rate"": 0.0}, ""MASR"": {""count"": 1, ""expectancy_percent"": -4.821739, ""win_rate"": 0.0}, ""MBEG"": {""count"": 1, ""expectancy_percent"": -10.46, ""win_rate"": 0.0}, ""MCQE"": {""count"": 1, ""expectancy_percent"": 3.654023, ""win_rate"": 1.0}, ""MPCI"": {""count"": 2, ""expectancy_percent"": 7.571624, ""win_rate"": 1.0}, ""PHAR"": {""count"": 1, ""expectancy_percent"": -2.554738, ""win_rate"": 0.0}, ""PHDC"": {""count"": 1, ""expectancy_percent"": -2.455477, ""win_rate"": 0.0}, ""PRDC"": {""count"": 1, ""expectancy_percent"": -4.007361, ""win_rate"": 0.0}, ""QNBA"": {""count"": 1, ""expectancy_percent"": -4.447999, ""win_rate"": 0.0}, ""QNBE"": {""count"": 1, ""expectancy_percent"": -4.665568, ""win_rate"": 0.0}, ""SDTI"": {""count"": 1, ""expectancy_percent"": -6.274349, ""win_rate"": 0.0}, ""SVCE"": {""count"": 1, ""expectancy_percent"": -8.615556, ""win_rate"": 0.0}}"
rr_1_75,OFAT,2,2.0,61.8,3.0,0.5,0.85,1.75,2909,27573,11040,18,0.000515,18,0.388889,-0.897984,0.707863,-24.2159,0.611111,0.388889,0.0,-1.048687,"{""2025"": {""count"": 4, ""expectancy_percent"": 1.465773, ""win_rate"": 0.5}, ""2026"": {""count"": 14, ""expectancy_percent"": -1.573344, ""win_rate"": 0.357143}}","{""ABUK"": {""count"": 1, ""expectancy_percent"": 3.165347, ""win_rate"": 1.0}, ""BINV"": {""count"": 2, ""expectancy_percent"": -4.617664, ""win_rate"": 0.0}, ""CCAP"": {""count"": 1, ""expectancy_percent"": 3.744118, ""win_rate"": 1.0}, ""EDFM"": {""count"": 1, ""expectancy_percent"": -3.023073, ""win_rate"": 0.0}, ""EFID"": {""count"": 1, ""expectancy_percent"": -3.597207, ""win_rate"": 0.0}, ""EGBE"": {""count"": 1, ""expectancy_percent"": 2.564769, ""win_rate"": 1.0}, ""FWRY"": {""count"": 1, ""expectancy_percent"": 8.910526, ""win_rate"": 1.0}, ""HELI"": {""count"": 2, ""expectancy_percent"": 5.957889, ""win_rate"": 1.0}, ""MASR"": {""count"": 1, ""expectancy_percent"": -4.821739, ""win_rate"": 0.0}, ""MBEG"": {""count"": 1, ""expectancy_percent"": -10.46, ""win_rate"": 0.0}, ""MPCI"": {""count"": 1, ""expectancy_percent"": 8.865049, ""win_rate"": 1.0}, ""PHDC"": {""count"": 1, ""expectancy_percent"": -2.455477, ""win_rate"": 0.0}, ""PRDC"": {""count"": 1, ""expectancy_percent"": -4.007361, ""win_rate"": 0.0}, ""QNBA"": {""count"": 1, ""expectancy_percent"": -4.447999, ""win_rate"": 0.0}, ""QNBE"": {""count"": 1, ""expectancy_percent"": -4.665568, ""win_rate"": 0.0}, ""SVCE"": {""count"": 1, ""expectancy_percent"": -8.615556, ""win_rate"": 0.0}}"
support_tolerance_0_75,OFAT,2,2.0,61.8,3.0,0.75,0.85,1.5,2909,27573,10942,9,0.000257,9,0.333333,-1.685583,0.613241,-22.1752,0.444444,0.333333,0.0,-0.803389,"{""2026"": {""count"": 9, ""expectancy_percent"": -1.685583, ""win_rate"": 0.333333}}","{""AJWA"": {""count"": 1, ""expectancy_percent"": -6.916313, ""win_rate"": 0.0}, ""EDFM"": {""count"": 1, ""expectancy_percent"": -3.023073, ""win_rate"": 0.0}, ""FWRY"": {""count"": 1, ""expectancy_percent"": 8.910526, ""win_rate"": 1.0}, ""MBEG"": {""count"": 1, ""expectancy_percent"": -10.46, ""win_rate"": 0.0}, ""MPCI"": {""count"": 2, ""expectancy_percent"": 7.571624, ""win_rate"": 1.0}, ""QNBA"": {""count"": 1, ""expectancy_percent"": -4.982336, ""win_rate"": 0.0}, ""QNBE"": {""count"": 1, ""expectancy_percent"": -5.22674, ""win_rate"": 0.0}, ""SVCE"": {""count"": 1, ""expectancy_percent"": -8.615556, ""win_rate"": 0.0}}"
support_tolerance_1_0,OFAT,2,2.0,61.8,3.0,1.0,0.85,1.5,2909,27573,10894,0,0.0,0,,,,,,,,,{},{}
volume_ratio_1_0,OFAT,2,2.0,61.8,3.0,0.5,1.0,1.5,2909,27573,11040,21,0.000601,21,0.380952,-0.921742,0.701289,-26.9439,0.619048,0.380952,0.0,-1.045342,"{""2025"": {""count"": 4, ""expectancy_percent"": 1.465773, ""win_rate"": 0.5}, ""2026"": {""count"": 17, ""expectancy_percent"": -1.48351, ""win_rate"": 0.352941}}","{""ABUK"": {""count"": 1, ""expectancy_percent"": 3.165347, ""win_rate"": 1.0}, ""AJWA"": {""count"": 1, ""expectancy_percent"": -6.916313, ""win_rate"": 0.0}, ""BINV"": {""count"": 2, ""expectancy_percent"": -4.617664, ""win_rate"": 0.0}, ""CCAP"": {""count"": 1, ""expectancy_percent"": 3.744118, ""win_rate"": 1.0}, ""EDFM"": {""count"": 1, ""expectancy_percent"": -3.023073, ""win_rate"": 0.0}, ""EFID"": {""count"": 1, ""expectancy_percent"": -3.597207, ""win_rate"": 0.0}, ""EGBE"": {""count"": 1, ""expectancy_percent"": 2.564769, ""win_rate"": 1.0}, ""FWRY"": {""count"": 1, ""expectancy_percent"": 8.910526, ""win_rate"": 1.0}, ""HELI"": {""count"": 2, ""expectancy_percent"": 5.957889, ""win_rate"": 1.0}, ""MASR"": {""count"": 1, ""expectancy_percent"": -4.821739, ""win_rate"": 0.0}, ""MBEG"": {""count"": 1, ""expectancy_percent"": -10.46, ""win_rate"": 0.0}, ""MPCI"": {""count"": 2, ""expectancy_percent"": 7.571624, ""win_rate"": 1.0}, ""PHAR"": {""count"": 1, ""expectancy_percent"": -2.554738, ""win_rate"": 0.0}, ""PHDC"": {""count"": 1, ""expectancy_percent"": -2.455477, ""win_rate"": 0.0}, ""PRDC"": {""count"": 1, ""expectancy_percent"": -4.007361, ""win_rate"": 0.0}, ""QNBA"": {""count"": 1, ""expectancy_percent"": -4.447999, ""win_rate"": 0.0}, ""QNBE"": {""count"": 1, ""expectancy_percent"": -4.665568, ""win_rate"": 0.0}, ""SVCE"": {""count"": 1, ""expectancy_percent"": -8.615556, ""win_rate"": 0.0}}"
volume_ratio_1_15,OFAT,2,2.0,61.8,3.0,0.5,1.15,1.5,2909,27573,11040,21,0.000601,21,0.380952,-0.921742,0.701289,-26.9439,0.619048,0.380952,0.0,-1.045342,"{""2025"": {""count"": 4, ""expectancy_percent"": 1.465773, ""win_rate"": 0.5}, ""2026"": {""count"": 17, ""expectancy_percent"": -1.48351, ""win_rate"": 0.352941}}","{""ABUK"": {""count"": 1, ""expectancy_percent"": 3.165347, ""win_rate"": 1.0}, ""AJWA"": {""count"": 1, ""expectancy_percent"": -6.916313, ""win_rate"": 0.0}, ""BINV"": {""count"": 2, ""expectancy_percent"": -4.617664, ""win_rate"": 0.0}, ""CCAP"": {""count"": 1, ""expectancy_percent"": 3.744118, ""win_rate"": 1.0}, ""EDFM"": {""count"": 1, ""expectancy_percent"": -3.023073, ""win_rate"": 0.0}, ""EFID"": {""count"": 1, ""expectancy_percent"": -3.597207, ""win_rate"": 0.0}, ""EGBE"": {""count"": 1, ""expectancy_percent"": 2.564769, ""win_rate"": 1.0}, ""FWRY"": {""count"": 1, ""expectancy_percent"": 8.910526, ""win_rate"": 1.0}, ""HELI"": {""count"": 2, ""expectancy_percent"": 5.957889, ""win_rate"": 1.0}, ""MASR"": {""count"": 1, ""expectancy_percent"": -4.821739, ""win_rate"": 0.0}, ""MBEG"": {""count"": 1, ""expectancy_percent"": -10.46, ""win_rate"": 0.0}, ""MPCI"": {""count"": 2, ""expectancy_percent"": 7.571624, ""win_rate"": 1.0}, ""PHAR"": {""count"": 1, ""expectancy_percent"": -2.554738, ""win_rate"": 0.0}, ""PHDC"": {""count"": 1, ""expectancy_percent"": -2.455477, ""win_rate"": 0.0}, ""PRDC"": {""count"": 1, ""expectancy_percent"": -4.007361, ""win_rate"": 0.0}, ""QNBA"": {""count"": 1, ""expectancy_percent"": -4.447999, ""win_rate"": 0.0}, ""QNBE"": {""count"": 1, ""expectancy_percent"": -4.665568, ""win_rate"": 0.0}, ""SVCE"": {""count"": 1, ""expectancy_percent"": -8.615556, ""win_rate"": 0.0}}"
