symbol,signal_date,entry_date,exit_date,entry_price,stop_loss,target_1,target_2,exit_price,outcome,first_touch_outcome,same_bar_ambiguity,same_bar_policy,intrabar_excursion_policy,target_1_hit,target_2_touched_before_exit,stop_hit,holding_bars,gross_return_percent,transaction_cost_bps,realized_return_percent,r_multiple,mae_to_exit_percent,mfe_to_exit_percent,path_stopped_at_exit,depth_classification
ACAP,2024-09-18,2024-09-19,2024-10-01,2.02,1.8989,2.22,2.37,2.22,TARGET_1,TARGET_1,False,STOP_FIRST_CONSERVATIVE,ADVERSE_BOUNDARY_FIRST_AND_STOP_AT_EXIT,True,True,False,9,9.90099,30.0,9.60099,1.601486,-3.960396,9.90099,True,HEALTHY
ACGC,2012-10-09,2012-10-10,2012-11-05,3.765,3.4306,4.4856,,3.4306,STOP,STOP,False,STOP_FIRST_CONSERVATIVE,ADVERSE_BOUNDARY_FIRST_AND_STOP_AT_EXIT,False,False,True,14,-8.881806,30.0,-9.181806,-1.033777,-8.881806,11.00664,True,HEALTHY
ACGC,2022-11-29,2022-11-30,2022-12-08,3.17,3.028,3.41,,3.41,TARGET_1,TARGET_1,False,STOP_FIRST_CONSERVATIVE,ADVERSE_BOUNDARY_FIRST_AND_STOP_AT_EXIT,True,False,False,6,7.570978,30.0,7.270978,1.623169,-2.523659,7.570978,True,HEALTHY
ACGC,2024-01-02,2024-01-03,2024-01-11,6.35,5.8832,6.8,,6.8,TARGET_1,TARGET_1,False,STOP_FIRST_CONSERVATIVE,ADVERSE_BOUNDARY_FIRST_AND_STOP_AT_EXIT,True,False,False,6,7.086614,30.0,6.786614,0.923201,-3.937008,7.086614,True,HEALTHY
ADCI,2010-11-22,2010-11-23,2010-11-23,14.518935,13.8861,15.7184,16.5656,13.8861,STOP,STOP,False,STOP_FIRST_CONSERVATIVE,ADVERSE_BOUNDARY_FIRST_AND_STOP_AT_EXIT,False,False,True,1,-4.358688,30.0,-4.658688,-1.068828,-4.358688,0.0,True,HEALTHY
ADIB,2023-10-10,2023-10-11,2023-10-12,9.822762,9.3563,10.1965,,10.1965,TARGET_1,TARGET_1,False,STOP_FIRST_CONSERVATIVE,ADVERSE_BOUNDARY_FIRST_AND_STOP_AT_EXIT,True,False,False,2,3.804821,30.0,3.504821,0.738046,-2.068341,3.804821,True,HEALTHY
AFDI,2017-05-24,2017-05-25,2017-06-12,10.7,9.9817,11.55,,11.55,TARGET_1,TARGET_1,False,STOP_FIRST_CONSERVATIVE,ADVERSE_BOUNDARY_FIRST_AND_STOP_AT_EXIT,True,False,False,10,7.943925,30.0,7.643925,1.138661,-5.233645,7.943925,True,HEALTHY
AIND,2021-01-03,2021-01-04,2021-01-25,0.65,0.614,0.77,,0.614,STOP,STOP,False,STOP_FIRST_CONSERVATIVE,ADVERSE_BOUNDARY_FIRST_AND_STOP_AT_EXIT,False,False,True,15,-5.538462,30.0,-5.838462,-1.054167,-5.538462,10.769231,True,HEALTHY
AJWA,2014-10-15,2014-10-16,2014-10-16,28.5,25.866,30.25,,25.866,STOP_SAME_BAR_AMBIGUOUS,STOP_CONSERVATIVE,True,STOP_FIRST_CONSERVATIVE,ADVERSE_BOUNDARY_FIRST_AND_STOP_AT_EXIT,False,False,True,1,-9.242105,30.0,-9.542105,-1.03246,-9.242105,0.0,True,HEALTHY
AJWA,2021-05-27,2021-05-30,2021-06-02,28.6,25.2886,33.45,,33.45,TARGET_1,TARGET_1,False,STOP_FIRST_CONSERVATIVE,ADVERSE_BOUNDARY_FIRST_AND_STOP_AT_EXIT,True,False,False,4,16.958042,30.0,16.658042,1.438727,-7.517483,16.958042,True,HEALTHY
AJWA,2026-06-23,2026-06-24,2026-07-21,179.0,167.1568,198.0,,167.1568,STOP,STOP,False,STOP_FIRST_CONSERVATIVE,ADVERSE_BOUNDARY_FIRST_AND_STOP_AT_EXIT,False,False,True,19,-6.616313,30.0,-6.916313,-1.045342,-6.616313,7.26257,True,HEALTHY
ALCN,2013-10-29,2013-10-30,2013-11-04,0.85833,0.8215,0.8841,0.8878,0.8841,TARGET_1,TARGET_1,False,STOP_FIRST_CONSERVATIVE,ADVERSE_BOUNDARY_FIRST_AND_STOP_AT_EXIT,True,True,False,3,3.002353,30.0,2.702353,0.62979,-1.941748,3.002353,True,HEALTHY
ALCN,2014-02-24,2014-02-25,2014-03-27,1.023579,0.9691,1.0658,,0.9691,STOP,STOP,False,STOP_FIRST_CONSERVATIVE,ADVERSE_BOUNDARY_FIRST_AND_STOP_AT_EXIT,False,False,True,17,-5.322426,30.0,-5.622426,-1.056365,-5.322426,3.223968,True,HEALTHY
ALRA,2024-11-27,2024-11-28,2024-11-28,0.81,0.7919,0.85,,0.85,TARGET_1,TARGET_1,False,STOP_FIRST_CONSERVATIVE,ADVERSE_BOUNDARY_FIRST_AND_STOP_AT_EXIT,True,False,False,1,4.938272,30.0,4.638272,2.075691,0.0,4.938272,True,HEALTHY
ALUM,2017-08-23,2017-08-24,2017-09-13,4.013333,3.5372,4.3787,4.4253,4.3787,TARGET_1,TARGET_1,False,STOP_FIRST_CONSERVATIVE,ADVERSE_BOUNDARY_FIRST_AND_STOP_AT_EXIT,True,False,False,10,9.103821,30.0,8.803821,0.742075,-6.478405,9.103821,True,HEALTHY
ALUM,2021-08-10,2021-08-11,2021-08-17,6.398667,5.7413,7.4653,,5.7413,STOP,STOP,False,STOP_FIRST_CONSERVATIVE,ADVERSE_BOUNDARY_FIRST_AND_STOP_AT_EXIT,False,False,True,3,-10.273494,30.0,-10.573494,-1.029201,-10.273494,7.314024,True,HEALTHY
ALUM,2023-02-08,2023-02-09,2023-02-15,6.118667,5.2694,6.5333,,6.5333,TARGET_1,TARGET_1,False,STOP_FIRST_CONSERVATIVE,ADVERSE_BOUNDARY_FIRST_AND_STOP_AT_EXIT,True,False,False,4,6.776531,30.0,6.476531,0.466611,-1.372848,6.776531,True,HEALTHY
AMER,2014-03-25,2014-03-26,2014-03-27,2.248485,2.118,2.4439,,2.118,STOP_SAME_BAR_AMBIGUOUS,STOP_CONSERVATIVE,True,STOP_FIRST_CONSERVATIVE,ADVERSE_BOUNDARY_FIRST_AND_STOP_AT_EXIT,False,False,True,2,-5.803235,30.0,-6.103235,-1.051695,-5.803235,1.078167,True,HEALTHY
AMER,2014-04-22,2014-04-23,2014-05-15,2.150606,2.027,2.4439,2.4561,2.4439,TARGET_1,TARGET_1,False,STOP_FIRST_CONSERVATIVE,ADVERSE_BOUNDARY_FIRST_AND_STOP_AT_EXIT,True,True,False,12,13.637734,30.0,13.337734,2.320615,-5.114837,13.637734,True,HEALTHY
AMIA,2018-01-18,2018-01-22,2018-02-06,1.235219,1.0933,1.573,,1.0933,STOP,STOP,False,STOP_FIRST_CONSERVATIVE,ADVERSE_BOUNDARY_FIRST_AND_STOP_AT_EXIT,False,False,True,9,-11.489395,30.0,-11.789395,-1.026111,-11.489395,0.0,True,DEEP
AMOC,2016-12-20,2016-12-21,2016-12-22,4.200002,4.0085,4.5587,,4.5587,TARGET_1,TARGET_1,False,STOP_FIRST_CONSERVATIVE,ADVERSE_BOUNDARY_FIRST_AND_STOP_AT_EXIT,True,False,False,2,8.540417,30.0,8.240417,1.807277,0.0,8.540417,True,HEALTHY
APSW,2012-10-10,2012-10-11,2012-10-24,3.31,2.9825,3.67,,3.67,TARGET_1,TARGET_1,False,STOP_FIRST_CONSERVATIVE,ADVERSE_BOUNDARY_FIRST_AND_STOP_AT_EXIT,True,False,False,8,10.876133,30.0,10.576133,1.068916,-7.250755,10.876133,True,HEALTHY
ARAB,2022-08-31,2022-09-01,2022-09-01,0.036987,0.0355,0.0426,,0.0355,STOP,STOP,False,STOP_FIRST_CONSERVATIVE,ADVERSE_BOUNDARY_FIRST_AND_STOP_AT_EXIT,False,False,True,1,-4.020397,30.0,-4.320397,-1.07462,-4.020397,0.0,True,DEEP
AREH,2016-03-01,2016-03-02,2016-03-03,0.1236,0.1168,0.134,0.1358,0.1168,STOP,STOP,False,STOP_FIRST_CONSERVATIVE,ADVERSE_BOUNDARY_FIRST_AND_STOP_AT_EXIT,False,False,True,2,-5.501618,30.0,-5.801618,-1.054529,-5.501618,1.618123,True,HEALTHY
ASCM,2012-02-23,2012-02-27,2012-03-01,10.01,9.5825,10.65,11.19,10.65,TARGET_1,TARGET_1,False,STOP_FIRST_CONSERVATIVE,ADVERSE_BOUNDARY_FIRST_AND_STOP_AT_EXIT,True,False,False,4,6.393606,30.0,6.093606,1.42683,-2.597403,6.393606,True,HEALTHY
ASCM,2023-04-04,2023-04-05,2023-04-13,13.91,12.7131,15.03,,12.7131,STOP,STOP,False,STOP_FIRST_CONSERVATIVE,ADVERSE_BOUNDARY_FIRST_AND_STOP_AT_EXIT,False,False,True,6,-8.604601,30.0,-8.904601,-1.034865,-8.604601,1.725377,True,HEALTHY
AXPH,2018-04-02,2018-04-03,2018-04-03,167.85,159.7609,194.05,,159.7609,STOP,STOP,False,STOP_FIRST_CONSERVATIVE,ADVERSE_BOUNDARY_FIRST_AND_STOP_AT_EXIT,False,False,True,1,-4.819243,30.0,-5.119243,-1.06225,-4.819243,0.0,True,HEALTHY
BINV,2026-06-09,2026-06-10,2026-06-11,46.99,45.232,49.5,,45.232,STOP,STOP,False,STOP_FIRST_CONSERVATIVE,ADVERSE_BOUNDARY_FIRST_AND_STOP_AT_EXIT,False,False,True,2,-3.741222,30.0,-4.041222,-1.080188,-3.741222,0.063843,True,HEALTHY
BINV,2026-06-14,2026-06-15,2026-06-29,47.5,45.1753,49.5,,45.1753,STOP,STOP,False,STOP_FIRST_CONSERVATIVE,ADVERSE_BOUNDARY_FIRST_AND_STOP_AT_EXIT,False,False,True,10,-4.894105,30.0,-5.194105,-1.061298,-4.894105,2.926316,True,HEALTHY
CANA,2024-01-15,2024-01-16,2024-01-21,6.44,6.1581,6.9,,6.9,TARGET_1,TARGET_1,False,STOP_FIRST_CONSERVATIVE,ADVERSE_BOUNDARY_FIRST_AND_STOP_AT_EXIT,True,False,False,4,7.142857,30.0,6.842857,1.563249,-0.714286,7.142857,True,HEALTHY
CCAP,2024-03-04,2024-03-05,2024-03-06,3.35,3.1486,3.66,,3.1486,STOP,STOP,False,STOP_FIRST_CONSERVATIVE,ADVERSE_BOUNDARY_FIRST_AND_STOP_AT_EXIT,False,False,True,2,-6.01194,30.0,-6.31194,-1.049901,-6.01194,4.776119,True,HEALTHY
CCAP,2026-06-01,2026-06-02,2026-06-07,5.44,5.0632,5.66,,5.66,TARGET_1,TARGET_1,False,STOP_FIRST_CONSERVATIVE,ADVERSE_BOUNDARY_FIRST_AND_STOP_AT_EXIT,True,False,False,4,4.044118,30.0,3.744118,0.540552,-3.308824,4.044118,True,HEALTHY
CICH,2021-09-12,2021-09-13,2021-09-15,5.07,4.7271,5.61,,4.7271,STOP,STOP,False,STOP_FIRST_CONSERVATIVE,ADVERSE_BOUNDARY_FIRST_AND_STOP_AT_EXIT,False,False,True,3,-6.763314,30.0,-7.063314,-1.044357,-6.763314,1.577909,True,HEALTHY
CIEB,2013-10-29,2013-10-30,2013-11-12,2.906779,2.813,3.0445,,3.0445,TARGET_1,TARGET_1,False,STOP_FIRST_CONSERVATIVE,ADVERSE_BOUNDARY_FIRST_AND_STOP_AT_EXIT,True,False,False,7,4.737939,30.0,4.437939,1.375592,-1.263813,4.737939,True,HEALTHY
CIEB,2017-01-30,2017-01-31,2017-02-01,9.705608,9.5268,10.5588,,9.5268,STOP,STOP,False,STOP_FIRST_CONSERVATIVE,ADVERSE_BOUNDARY_FIRST_AND_STOP_AT_EXIT,False,False,True,2,-1.842312,30.0,-2.142312,-1.162839,-1.842312,0.0,True,HEALTHY
CLHO,2022-11-22,2022-11-23,2022-12-05,4.45,4.3349,4.8,4.98,4.8,TARGET_1,TARGET_1,False,STOP_FIRST_CONSERVATIVE,ADVERSE_BOUNDARY_FIRST_AND_STOP_AT_EXIT,True,False,False,9,7.865169,30.0,7.565169,2.924848,-1.123596,7.865169,True,HEALTHY
CLHO,2022-11-27,2022-11-28,2022-12-01,4.66,4.4179,4.8,4.98,4.4179,STOP,STOP,False,STOP_FIRST_CONSERVATIVE,ADVERSE_BOUNDARY_FIRST_AND_STOP_AT_EXIT,False,False,True,4,-5.195279,30.0,-5.495279,-1.057745,-5.195279,0.858369,True,HEALTHY
COMI,2012-09-10,2012-09-11,2012-09-17,6.358105,6.1223,6.7216,,6.7216,TARGET_1,TARGET_1,False,STOP_FIRST_CONSERVATIVE,ADVERSE_BOUNDARY_FIRST_AND_STOP_AT_EXIT,True,False,False,4,5.717041,30.0,5.417041,1.460621,-1.096094,5.717041,True,HEALTHY
COMI,2014-02-18,2014-02-19,2014-02-19,10.656628,10.0403,10.677,,10.677,TARGET_1,TARGET_1,False,STOP_FIRST_CONSERVATIVE,ADVERSE_BOUNDARY_FIRST_AND_STOP_AT_EXIT,True,False,False,1,0.191168,30.0,-0.108832,-0.018818,-3.102349,0.191168,True,HEALTHY
COMI,2016-08-24,2016-08-25,2016-10-04,17.907368,17.2031,19.18,,18.233681,TIME_EXIT,NONE,False,STOP_FIRST_CONSERVATIVE,ADVERSE_BOUNDARY_FIRST_AND_STOP_AT_EXIT,False,False,False,21,1.822228,30.0,1.522228,0.387056,-3.503131,3.05709,True,HEALTHY
COMI,2016-09-05,2016-09-06,2016-09-22,17.954465,17.3207,19.18,,17.3207,STOP,STOP,False,STOP_FIRST_CONSERVATIVE,ADVERSE_BOUNDARY_FIRST_AND_STOP_AT_EXIT,False,False,True,9,-3.529849,30.0,-3.829849,-1.084989,-3.529849,0.747375,True,HEALTHY
COMI,2023-02-06,2023-02-07,2023-02-09,48.072727,45.4098,52.4,,52.4,TARGET_1,TARGET_1,False,STOP_FIRST_CONSERVATIVE,ADVERSE_BOUNDARY_FIRST_AND_STOP_AT_EXIT,True,False,False,3,9.001513,30.0,8.701513,1.570848,0.0,9.001513,True,HEALTHY
COPR,2009-06-29,2009-06-30,2009-07-02,0.105118,0.0927,0.1239,,0.1239,TARGET_1,TARGET_1,False,STOP_FIRST_CONSERVATIVE,ADVERSE_BOUNDARY_FIRST_AND_STOP_AT_EXIT,True,False,False,2,17.867645,30.0,17.567645,1.487106,-3.368552,17.867645,True,HEALTHY
COPR,2009-10-26,2009-10-27,2009-10-28,0.277715,0.2443,0.4167,,0.2443,STOP,STOP,False,STOP_FIRST_CONSERVATIVE,ADVERSE_BOUNDARY_FIRST_AND_STOP_AT_EXIT,False,False,True,2,-12.032161,30.0,-12.332161,-1.024933,-12.032161,3.871865,True,DEEP
CPCI,2017-03-30,2017-04-03,2017-04-03,21.264,19.0355,21.624,,21.624,TARGET_1,TARGET_1,False,STOP_FIRST_CONSERVATIVE,ADVERSE_BOUNDARY_FIRST_AND_STOP_AT_EXIT,True,False,False,1,1.693002,30.0,1.393002,0.132918,-2.182092,1.693002,True,HEALTHY
CPCI,2017-07-20,2017-07-24,2017-08-02,29.592,28.6816,31.192,,31.192,TARGET_1,TARGET_1,False,STOP_FIRST_CONSERVATIVE,ADVERSE_BOUNDARY_FIRST_AND_STOP_AT_EXIT,True,False,False,7,5.406867,30.0,5.106867,1.659956,-2.676399,5.406867,True,HEALTHY
CPCI,2025-08-25,2025-08-26,2025-09-03,215.48,209.0999,230.0,,230.0,TARGET_1,TARGET_1,False,STOP_FIRST_CONSERVATIVE,ADVERSE_BOUNDARY_FIRST_AND_STOP_AT_EXIT,True,False,False,6,6.738444,30.0,6.438444,2.174505,-0.686839,6.738444,True,HEALTHY
CSAG,2022-08-25,2022-08-29,2022-09-01,8.373333,8.2524,9.0,9.26,8.2524,STOP,STOP,False,STOP_FIRST_CONSERVATIVE,ADVERSE_BOUNDARY_FIRST_AND_STOP_AT_EXIT,False,False,True,4,-1.444268,30.0,-1.744268,-1.207718,-1.444268,3.025478,True,HEALTHY
DSCW,2022-12-04,2022-12-05,2022-12-07,0.26,0.2526,0.2867,,0.2867,TARGET_1,TARGET_1,False,STOP_FIRST_CONSERVATIVE,ADVERSE_BOUNDARY_FIRST_AND_STOP_AT_EXIT,True,False,False,3,10.269231,30.0,9.969231,3.502703,-2.564103,10.269231,True,DEEP
DSCW,2023-10-04,2023-10-08,2023-10-25,0.42,0.3987,0.4267,,0.4267,TARGET_1,TARGET_1,False,STOP_FIRST_CONSERVATIVE,ADVERSE_BOUNDARY_FIRST_AND_STOP_AT_EXIT,True,False,False,14,1.595238,30.0,1.295238,0.255399,-4.761905,1.595238,True,HEALTHY
DTPP,2020-08-26,2020-08-27,2020-08-27,14.08,13.6017,15.45,15.88,13.6017,STOP,STOP,False,STOP_FIRST_CONSERVATIVE,ADVERSE_BOUNDARY_FIRST_AND_STOP_AT_EXIT,False,False,True,1,-3.397017,30.0,-3.697017,-1.088313,-3.397017,0.0,True,DEEP
DTPP,2020-08-27,2020-08-30,2020-08-30,14.08,13.6024,15.45,15.88,13.6024,STOP,STOP,False,STOP_FIRST_CONSERVATIVE,ADVERSE_BOUNDARY_FIRST_AND_STOP_AT_EXIT,False,False,True,1,-3.392045,30.0,-3.692045,-1.088442,-3.392045,0.0,True,DEEP
DTPP,2020-08-30,2020-08-31,2020-09-06,14.08,13.6031,15.45,15.88,15.45,TARGET_1,TARGET_1,False,STOP_FIRST_CONSERVATIVE,ADVERSE_BOUNDARY_FIRST_AND_STOP_AT_EXIT,True,False,False,5,9.730114,30.0,9.430114,2.784148,-0.284091,9.730114,True,DEEP
DTPP,2020-08-31,2020-09-01,2020-09-06,14.84,13.588,15.45,15.88,15.45,TARGET_1,TARGET_1,False,STOP_FIRST_CONSERVATIVE,ADVERSE_BOUNDARY_FIRST_AND_STOP_AT_EXIT,True,False,False,4,4.110512,30.0,3.810512,0.451661,-5.390836,4.110512,True,HEALTHY
EALR,2013-10-22,2013-10-23,2013-10-28,16.34,15.3748,18.375,,14.48,STOP,STOP,False,STOP_FIRST_CONSERVATIVE,ADVERSE_BOUNDARY_FIRST_AND_STOP_AT_EXIT,False,False,True,3,-11.383109,30.0,-11.683109,-1.977849,-11.383109,4.95716,True,HEALTHY
EALR,2013-10-23,2013-10-24,2013-10-28,15.825,15.3617,18.375,,14.48,STOP,STOP,False,STOP_FIRST_CONSERVATIVE,ADVERSE_BOUNDARY_FIRST_AND_STOP_AT_EXIT,False,False,True,2,-8.49921,30.0,-8.79921,-3.005558,-8.49921,1.895735,True,HEALTHY
EALR,2014-02-26,2014-02-27,2014-03-05,15.905,14.9285,16.96,17.15,14.385,STOP,STOP,False,STOP_FIRST_CONSERVATIVE,ADVERSE_BOUNDARY_FIRST_AND_STOP_AT_EXIT,False,False,True,4,-9.556743,30.0,-9.856743,-1.605443,-9.556743,3.395159,True,HEALTHY
EALR,2020-11-10,2020-11-11,2020-11-18,21.3,18.6851,24.2,,18.65,STOP,STOP,False,STOP_FIRST_CONSERVATIVE,ADVERSE_BOUNDARY_FIRST_AND_STOP_AT_EXIT,False,False,True,5,-12.441315,30.0,-12.741315,-1.03786,-12.441315,12.441315,True,HEALTHY
EAST,2018-03-05,2018-03-06,2018-03-06,18.473961,17.865,19.8133,,19.8133,TARGET_1,TARGET_1,False,STOP_FIRST_CONSERVATIVE,ADVERSE_BOUNDARY_FIRST_AND_STOP_AT_EXIT,True,False,False,1,7.249872,30.0,6.949872,2.108371,0.0,7.249872,True,HEALTHY
EAST,2025-08-24,2025-08-25,2025-09-18,37.84,35.7349,39.2,,39.2,TARGET_1,TARGET_1,False,STOP_FIRST_CONSERVATIVE,ADVERSE_BOUNDARY_FIRST_AND_STOP_AT_EXIT,True,False,False,18,3.59408,30.0,3.29408,0.592124,-3.012685,3.59408,True,HEALTHY
EBSC,2023-11-20,2023-11-21,2023-11-29,0.39,0.3551,0.5,,0.3551,STOP,STOP,False,STOP_FIRST_CONSERVATIVE,ADVERSE_BOUNDARY_FIRST_AND_STOP_AT_EXIT,False,False,True,7,-8.948718,30.0,-9.248718,-1.033524,-8.948718,5.128205,True,HEALTHY
EDFM,2018-07-31,2018-08-01,2018-08-06,133.0,129.3844,143.5,,143.5,TARGET_1,TARGET_1,False,STOP_FIRST_CONSERVATIVE,ADVERSE_BOUNDARY_FIRST_AND_STOP_AT_EXIT,True,False,False,3,7.894737,30.0,7.594737,2.793727,-0.330827,7.894737,True,HEALTHY
EDFM,2018-08-01,2018-08-02,2018-08-06,138.52,131.9464,143.5,,143.5,TARGET_1,TARGET_1,False,STOP_FIRST_CONSERVATIVE,ADVERSE_BOUNDARY_FIRST_AND_STOP_AT_EXIT,True,False,False,2,3.595149,30.0,3.295149,0.694359,-4.165463,3.595149,True,HEALTHY
EDFM,2026-05-17,2026-05-18,2026-05-20,342.04,332.726,378.0,390.0,332.726,STOP,STOP,False,STOP_FIRST_CONSERVATIVE,ADVERSE_BOUNDARY_FIRST_AND_STOP_AT_EXIT,False,False,True,3,-2.723073,30.0,-3.023073,-1.11017,-2.723073,0.573032,True,DEEP
EFID,2025-11-12,2025-11-13,2025-11-17,23.99,23.1994,25.39,,23.1994,STOP,STOP,False,STOP_FIRST_CONSERVATIVE,ADVERSE_BOUNDARY_FIRST_AND_STOP_AT_EXIT,False,False,True,3,-3.29554,30.0,-3.59554,-1.091032,-3.29554,1.667361,True,HEALTHY
EGAL,2016-11-30,2016-12-01,2016-12-15,4.224273,3.8781,4.4182,,3.8781,STOP,STOP,False,STOP_FIRST_CONSERVATIVE,ADVERSE_BOUNDARY_FIRST_AND_STOP_AT_EXIT,False,False,True,9,-8.194848,30.0,-8.494848,-1.036608,-8.194848,0.357243,True,HEALTHY
EGBE,2026-01-19,2026-01-20,2026-01-25,0.342683,0.3229,0.3525,,0.3525,TARGET_1,TARGET_1,False,STOP_FIRST_CONSERVATIVE,ADVERSE_BOUNDARY_FIRST_AND_STOP_AT_EXIT,True,False,False,4,2.864769,30.0,2.564769,0.444273,0.0,2.864769,True,HEALTHY
EGCH,2017-03-02,2017-03-06,2017-04-10,4.564412,4.2083,5.0647,,4.27957,TIME_EXIT,NONE,False,STOP_FIRST_CONSERVATIVE,ADVERSE_BOUNDARY_FIRST_AND_STOP_AT_EXIT,False,False,False,21,-6.240487,30.0,-6.540487,-0.838317,-7.458143,5.631659,True,HEALTHY
EGCH,2023-11-08,2023-11-09,2023-11-28,10.591721,9.8969,12.1251,,9.8969,STOP,STOP,False,STOP_FIRST_CONSERVATIVE,ADVERSE_BOUNDARY_FIRST_AND_STOP_AT_EXIT,False,False,True,11,-6.560035,30.0,-6.860035,-1.045731,-6.560035,2.761194,True,HEALTHY
EGCH,2023-11-09,2023-11-13,2023-11-28,10.552199,9.9078,12.1251,,9.9078,STOP,STOP,False,STOP_FIRST_CONSERVATIVE,ADVERSE_BOUNDARY_FIRST_AND_STOP_AT_EXIT,False,False,True,10,-6.106777,30.0,-6.406777,-1.049126,-6.106777,1.872659,True,HEALTHY
EGTS,2018-04-16,2018-04-17,2018-05-24,2.22,2.0846,2.55,,2.15,TIME_EXIT,NONE,False,STOP_FIRST_CONSERVATIVE,ADVERSE_BOUNDARY_FIRST_AND_STOP_AT_EXIT,False,False,False,21,-3.153153,30.0,-3.453153,-0.566174,-4.504505,11.261261,True,HEALTHY
ELNA,2019-09-30,2019-10-01,2019-10-07,40.67,35.9045,44.52,,35.9045,STOP,STOP,False,STOP_FIRST_CONSERVATIVE,ADVERSE_BOUNDARY_FIRST_AND_STOP_AT_EXIT,False,False,True,4,-11.717482,30.0,-12.017482,-1.025603,-11.717482,2.778461,True,HEALTHY
ELSH,2017-11-14,2017-11-15,2017-11-16,3.424,3.1758,3.7227,,3.7227,TARGET_1,TARGET_1,False,STOP_FIRST_CONSERVATIVE,ADVERSE_BOUNDARY_FIRST_AND_STOP_AT_EXIT,True,False,False,2,8.723715,30.0,8.423715,1.162079,0.0,8.723715,True,HEALTHY
ELSH,2023-01-03,2023-01-04,2023-01-04,7.37,7.1245,7.81,7.83,7.1245,STOP,STOP,False,STOP_FIRST_CONSERVATIVE,ADVERSE_BOUNDARY_FIRST_AND_STOP_AT_EXIT,False,False,True,1,-3.331072,30.0,-3.631072,-1.090061,-3.331072,0.0,True,HEALTHY
EMFD,2023-11-05,2023-11-06,2023-11-08,3.54,3.4018,3.75,,3.75,TARGET_1,TARGET_1,False,STOP_FIRST_CONSERVATIVE,ADVERSE_BOUNDARY_FIRST_AND_STOP_AT_EXIT,True,False,False,3,5.932203,30.0,5.632203,1.442692,0.0,5.932203,True,HEALTHY
EMFD,2025-03-23,2025-03-24,2025-03-24,8.8,8.5312,9.5,,8.5312,STOP,STOP,False,STOP_FIRST_CONSERVATIVE,ADVERSE_BOUNDARY_FIRST_AND_STOP_AT_EXIT,False,False,True,1,-3.054545,30.0,-3.354545,-1.098214,-3.054545,0.0,True,HEALTHY
EPCO,2014-07-03,2014-07-07,2014-08-04,4.03,3.7004,4.49,,3.7004,STOP,STOP,False,STOP_FIRST_CONSERVATIVE,ADVERSE_BOUNDARY_FIRST_AND_STOP_AT_EXIT,False,False,True,13,-8.17866,30.0,-8.47866,-1.036681,-8.17866,0.744417,True,HEALTHY
EPCO,2020-07-13,2020-07-14,2020-07-15,1.88,1.8255,2.19,2.25,1.8255,STOP,STOP,False,STOP_FIRST_CONSERVATIVE,ADVERSE_BOUNDARY_FIRST_AND_STOP_AT_EXIT,False,False,True,2,-2.898936,30.0,-3.198936,-1.103486,-2.898936,0.0,True,HEALTHY
EPCO,2020-10-15,2020-10-19,2020-10-21,3.7,3.2749,4.16,,4.16,TARGET_1,TARGET_1,False,STOP_FIRST_CONSERVATIVE,ADVERSE_BOUNDARY_FIRST_AND_STOP_AT_EXIT,True,False,False,3,12.432432,30.0,12.132432,1.055987,-1.891892,12.432432,True,HEALTHY
ETEL,2017-01-03,2017-01-04,2017-01-09,12.41,11.625,13.54,,13.54,TARGET_1,TARGET_1,False,STOP_FIRST_CONSERVATIVE,ADVERSE_BOUNDARY_FIRST_AND_STOP_AT_EXIT,True,False,False,3,9.10556,30.0,8.80556,1.392064,0.0,9.10556,True,HEALTHY
ETEL,2021-07-12,2021-07-13,2021-07-14,13.46,13.0733,13.95,14.42,13.95,TARGET_1,TARGET_1,False,STOP_FIRST_CONSERVATIVE,ADVERSE_BOUNDARY_FIRST_AND_STOP_AT_EXIT,True,False,False,2,3.640416,30.0,3.340416,1.16271,-0.445765,3.640416,True,HEALTHY
EXPA,2014-03-05,2014-03-06,2014-03-31,2.525505,2.4531,2.691,,2.4531,STOP,STOP,False,STOP_FIRST_CONSERVATIVE,ADVERSE_BOUNDARY_FIRST_AND_STOP_AT_EXIT,False,False,True,14,-2.866937,30.0,-3.166937,-1.104641,-2.866937,4.332174,True,HEALTHY
EXPA,2014-03-10,2014-03-11,2014-03-31,2.598323,2.4515,2.691,,2.4515,STOP,STOP,False,STOP_FIRST_CONSERVATIVE,ADVERSE_BOUNDARY_FIRST_AND_STOP_AT_EXIT,False,False,True,12,-5.650667,30.0,-5.950667,-1.053091,-5.650667,1.297032,True,HEALTHY
FAIT,2022-12-27,2022-12-28,2023-01-04,22.971429,21.9292,26.5619,,21.9292,STOP,STOP,False,STOP_FIRST_CONSERVATIVE,ADVERSE_BOUNDARY_FIRST_AND_STOP_AT_EXIT,False,False,True,5,-4.537065,30.0,-4.837065,-1.066122,-4.537065,10.281924,True,DEEP
FAIT,2022-12-28,2022-12-29,2023-01-04,23.914286,21.916,26.5619,,21.916,STOP,STOP,False,STOP_FIRST_CONSERVATIVE,ADVERSE_BOUNDARY_FIRST_AND_STOP_AT_EXIT,False,False,True,4,-8.356033,30.0,-8.656033,-1.035902,-8.356033,5.933891,True,HEALTHY
FAITA,2013-01-14,2013-01-15,2013-01-15,0.683077,0.6781,0.7315,,0.6781,STOP,STOP,False,STOP_FIRST_CONSERVATIVE,ADVERSE_BOUNDARY_FIRST_AND_STOP_AT_EXIT,False,False,True,1,-0.728643,30.0,-1.028643,-1.411724,-0.728643,0.0,True,HEALTHY
FWRY,2025-05-15,2025-05-18,2025-05-21,10.14,9.7315,10.91,11.07,10.91,TARGET_1,TARGET_1,False,STOP_FIRST_CONSERVATIVE,ADVERSE_BOUNDARY_FIRST_AND_STOP_AT_EXIT,True,True,False,4,7.593688,30.0,7.293688,1.810477,-2.366864,7.593688,True,HEALTHY
FWRY,2026-02-05,2026-02-08,2026-02-16,19.0,18.167,20.75,,20.75,TARGET_1,TARGET_1,False,STOP_FIRST_CONSERVATIVE,ADVERSE_BOUNDARY_FIRST_AND_STOP_AT_EXIT,True,False,False,7,9.210526,30.0,8.910526,2.032413,0.0,9.210526,True,HEALTHY
GGCC,2025-05-22,2025-05-25,2025-06-15,0.359999,0.3438,0.4,,0.3438,STOP,STOP,False,STOP_FIRST_CONSERVATIVE,ADVERSE_BOUNDARY_FIRST_AND_STOP_AT_EXIT,False,False,True,13,-4.499764,30.0,-4.799764,-1.06667,-4.499764,9.259259,True,HEALTHY
GGCC,2025-05-25,2025-05-26,2025-06-15,0.359999,0.3442,0.4,,0.3442,STOP,STOP,False,STOP_FIRST_CONSERVATIVE,ADVERSE_BOUNDARY_FIRST_AND_STOP_AT_EXIT,False,False,True,12,-4.388652,30.0,-4.688652,-1.068358,-4.388652,9.259259,True,HEALTHY
GIHD,2023-11-06,2023-11-07,2023-12-04,23.05,21.0118,25.78,,25.78,TARGET_1,TARGET_1,False,STOP_FIRST_CONSERVATIVE,ADVERSE_BOUNDARY_FIRST_AND_STOP_AT_EXIT,True,False,False,16,11.843818,30.0,11.543818,1.30549,-8.416486,11.843818,True,HEALTHY
GSSC,2014-02-18,2014-02-19,2014-02-24,11.028571,10.3054,12.1314,,10.3054,STOP,STOP,False,STOP_FIRST_CONSERVATIVE,ADVERSE_BOUNDARY_FIRST_AND_STOP_AT_EXIT,False,False,True,3,-6.557254,30.0,-6.857254,-1.045751,-6.557254,3.88601,True,HEALTHY
GSSC,2023-11-08,2023-11-09,2023-11-14,90.5715,80.8011,92.8572,,92.8572,TARGET_1,TARGET_1,False,STOP_FIRST_CONSERVATIVE,ADVERSE_BOUNDARY_FIRST_AND_STOP_AT_EXIT,True,False,False,3,2.523642,30.0,2.223642,0.206131,-3.785486,2.523642,True,HEALTHY
HRHO,2010-12-09,2010-12-13,2011-01-17,7.500123,7.1347,7.9321,8.2187,7.1347,STOP,STOP,False,STOP_FIRST_CONSERVATIVE,ADVERSE_BOUNDARY_FIRST_AND_STOP_AT_EXIT,False,False,True,21,-4.872224,30.0,-5.172224,-1.061574,-4.872224,4.849252,True,HEALTHY
HRHO,2016-07-11,2016-07-12,2016-07-27,4.497111,4.2162,4.732,,4.732,TARGET_1,TARGET_1,False,STOP_FIRST_CONSERVATIVE,ADVERSE_BOUNDARY_FIRST_AND_STOP_AT_EXIT,True,False,False,10,5.223106,30.0,4.923106,0.788141,-3.959085,5.223106,True,HEALTHY
HRHO,2016-09-01,2016-09-05,2016-09-07,4.910044,4.6568,5.1109,5.2017,4.6568,STOP,STOP,False,STOP_FIRST_CONSERVATIVE,ADVERSE_BOUNDARY_FIRST_AND_STOP_AT_EXIT,False,False,True,3,-5.157681,30.0,-5.457681,-1.058166,-5.157681,1.080778,True,HEALTHY
HRHO,2016-09-05,2016-09-06,2016-09-06,4.894889,4.7664,5.1109,5.2017,4.7664,STOP,STOP,False,STOP_FIRST_CONSERVATIVE,ADVERSE_BOUNDARY_FIRST_AND_STOP_AT_EXIT,False,False,True,1,-2.62496,30.0,-2.92496,-1.114287,-2.62496,0.0,True,HEALTHY
ICID,2015-12-22,2015-12-24,2015-12-29,0.716277,0.6893,0.8302,,0.6893,STOP,STOP,False,STOP_FIRST_CONSERVATIVE,ADVERSE_BOUNDARY_FIRST_AND_STOP_AT_EXIT,False,False,True,3,-3.76626,30.0,-4.06626,-1.079655,-3.76626,2.326468,True,HEALTHY
IFAP,2024-09-23,2024-09-24,2024-10-02,4.996181,4.7492,5.3347,5.4235,4.7492,STOP,STOP,False,STOP_FIRST_CONSERVATIVE,ADVERSE_BOUNDARY_FIRST_AND_STOP_AT_EXIT,False,False,True,6,-4.943401,30.0,-5.243401,-1.060687,-4.943401,0.986836,True,HEALTHY
IFAP,2025-04-16,2025-04-17,2025-05-27,11.350625,10.6219,12.4826,,12.4826,TARGET_1,TARGET_1,False,STOP_FIRST_CONSERVATIVE,ADVERSE_BOUNDARY_FIRST_AND_STOP_AT_EXIT,True,False,False,20,9.972802,30.0,9.672802,1.506637,-1.30674,9.972802,True,HEALTHY
INFI,2020-03-05,2020-03-08,2020-03-11,11.022021,10.0453,12.987,,10.0453,STOP,STOP,False,STOP_FIRST_CONSERVATIVE,ADVERSE_BOUNDARY_FIRST_AND_STOP_AT_EXIT,False,False,True,4,-8.861546,30.0,-9.161546,-1.033854,-8.861546,17.571721,True,HEALTHY
IRON,2012-10-01,2012-10-02,2012-10-15,3.810082,3.4923,4.8769,,3.320436,STOP,STOP,False,STOP_FIRST_CONSERVATIVE,ADVERSE_BOUNDARY_FIRST_AND_STOP_AT_EXIT,False,False,True,5,-12.851322,30.0,-13.151322,-1.576791,-12.851322,8.510083,True,DEEP
ISMA,2020-03-26,2020-03-30,2020-05-05,4.0,3.282,5.1,,4.01,TIME_EXIT,NONE,False,STOP_FIRST_CONSERVATIVE,ADVERSE_BOUNDARY_FIRST_AND_STOP_AT_EXIT,False,False,False,21,0.25,30.0,-0.05,-0.002786,-9.0,16.5,True,DEEP
ISMA,2020-03-30,2020-03-31,2020-04-02,4.31,3.8725,5.1,,3.8725,STOP,STOP,False,STOP_FIRST_CONSERVATIVE,ADVERSE_BOUNDARY_FIRST_AND_STOP_AT_EXIT,False,False,True,3,-10.150812,30.0,-10.450812,-1.029554,-10.150812,6.032483,True,HEALTHY
ISMA,2020-03-31,2020-04-01,2020-04-02,4.47,3.8742,5.1,,3.8742,STOP,STOP,False,STOP_FIRST_CONSERVATIVE,ADVERSE_BOUNDARY_FIRST_AND_STOP_AT_EXIT,False,False,True,2,-13.328859,30.0,-13.628859,-1.022508,-13.328859,0.671141,True,HEALTHY
ISMA,2023-11-02,2023-11-06,2023-11-13,12.81,11.7428,14.26,,11.7428,STOP,STOP,False,STOP_FIRST_CONSERVATIVE,ADVERSE_BOUNDARY_FIRST_AND_STOP_AT_EXIT,False,False,True,5,-8.330991,30.0,-8.630991,-1.03601,-8.330991,3.434817,True,HEALTHY
ISPH,2023-12-13,2023-12-14,2023-12-21,3.34,3.1538,3.7,,3.1538,STOP,STOP,False,STOP_FIRST_CONSERVATIVE,ADVERSE_BOUNDARY_FIRST_AND_STOP_AT_EXIT,False,False,True,6,-5.57485,30.0,-5.87485,-1.053813,-5.57485,2.39521,True,HEALTHY
JUFO,2017-11-27,2017-11-28,2017-12-06,7.856,7.6193,8.536,,7.6193,STOP,STOP,False,STOP_FIRST_CONSERVATIVE,ADVERSE_BOUNDARY_FIRST_AND_STOP_AT_EXIT,False,False,True,5,-3.012984,30.0,-3.312984,-1.099569,-3.012984,3.869654,True,HEALTHY
KABO,2012-10-10,2012-10-11,2012-10-15,0.694412,0.6819,0.8128,,0.662848,STOP,STOP,False,STOP_FIRST_CONSERVATIVE,ADVERSE_BOUNDARY_FIRST_AND_STOP_AT_EXIT,False,False,True,2,-4.545455,30.0,-4.845455,-2.689191,-4.545455,2.272727,True,HEALTHY
KABO,2025-05-06,2025-05-07,2025-06-16,6.24,5.6731,6.9,,5.89,TIME_EXIT,NONE,False,STOP_FIRST_CONSERVATIVE,ADVERSE_BOUNDARY_FIRST_AND_STOP_AT_EXIT,False,False,False,21,-5.608974,30.0,-5.908974,-0.650415,-6.730769,2.884615,True,HEALTHY
LCSW,2023-11-22,2023-11-23,2023-12-04,17.5104,16.2877,19.296,,19.296,TARGET_1,TARGET_1,False,STOP_FIRST_CONSERVATIVE,ADVERSE_BOUNDARY_FIRST_AND_STOP_AT_EXIT,True,False,False,6,10.197368,30.0,9.897368,1.417411,-5.427632,10.197368,True,HEALTHY
MAAL,2023-10-01,2023-10-02,2023-10-02,0.91,0.8616,0.99,,0.8616,STOP,STOP,False,STOP_FIRST_CONSERVATIVE,ADVERSE_BOUNDARY_FIRST_AND_STOP_AT_EXIT,False,False,True,1,-5.318681,30.0,-5.618681,-1.056405,-5.318681,0.0,True,HEALTHY
MASR,2005-02-24,2005-02-28,2005-03-02,0.577061,0.543,0.5894,0.5935,0.5894,TARGET_1,TARGET_1,False,STOP_FIRST_CONSERVATIVE,ADVERSE_BOUNDARY_FIRST_AND_STOP_AT_EXIT,True,True,False,3,2.138225,30.0,1.838225,0.311431,-2.766028,2.138225,True,HEALTHY
MASR,2012-10-11,2012-10-15,2012-10-30,1.395471,1.2567,1.4873,,1.4873,TARGET_1,TARGET_1,False,STOP_FIRST_CONSERVATIVE,ADVERSE_BOUNDARY_FIRST_AND_STOP_AT_EXIT,True,False,False,9,6.580488,30.0,6.280488,0.631561,-5.52496,6.580488,True,HEALTHY
MASR,2023-12-18,2023-12-19,2023-12-20,4.34,4.1531,4.65,,4.1531,STOP,STOP,False,STOP_FIRST_CONSERVATIVE,ADVERSE_BOUNDARY_FIRST_AND_STOP_AT_EXIT,False,False,True,2,-4.306452,30.0,-4.606452,-1.069663,-4.306452,1.843318,True,HEALTHY
MASR,2026-06-01,2026-06-02,2026-06-07,7.13,6.8076,7.5,,6.8076,STOP,STOP,False,STOP_FIRST_CONSERVATIVE,ADVERSE_BOUNDARY_FIRST_AND_STOP_AT_EXIT,False,False,True,4,-4.521739,30.0,-4.821739,-1.066346,-4.521739,0.981767,True,HEALTHY
MBEG,2026-01-18,2026-01-19,2026-01-25,4.25,3.8182,4.99,,3.8182,STOP,STOP,False,STOP_FIRST_CONSERVATIVE,ADVERSE_BOUNDARY_FIRST_AND_STOP_AT_EXIT,False,False,True,5,-10.16,30.0,-10.46,-1.029528,-10.16,4.0,True,HEALTHY
MCQE,2025-06-16,2025-06-17,2025-06-18,42.54,39.0335,47.89,,47.89,TARGET_1,TARGET_1,False,STOP_FIRST_CONSERVATIVE,ADVERSE_BOUNDARY_FIRST_AND_STOP_AT_EXIT,True,False,False,2,12.576399,30.0,12.276399,1.489343,0.0,12.576399,True,HEALTHY
MCQE,2025-08-13,2025-08-14,2025-08-24,79.1,71.4312,88.99,,88.99,TARGET_1,TARGET_1,False,STOP_FIRST_CONSERVATIVE,ADVERSE_BOUNDARY_FIRST_AND_STOP_AT_EXIT,True,False,False,7,12.503161,30.0,12.203161,1.258698,-2.022756,12.503161,True,HEALTHY
MEDP,2024-03-04,2024-03-05,2024-03-05,2.21,1.9638,2.45,,2.45,TARGET_1,TARGET_1,False,STOP_FIRST_CONSERVATIVE,ADVERSE_BOUNDARY_FIRST_AND_STOP_AT_EXIT,True,False,False,1,10.859729,30.0,10.559729,0.947888,-0.452489,10.859729,True,HEALTHY
MEDP,2024-03-17,2024-03-18,2024-03-18,2.49,2.2661,2.88,,2.2661,STOP,STOP,False,STOP_FIRST_CONSERVATIVE,ADVERSE_BOUNDARY_FIRST_AND_STOP_AT_EXIT,False,False,True,1,-8.991968,30.0,-9.291968,-1.033363,-8.991968,0.0,True,HEALTHY
MENA,2017-11-09,2017-11-13,2017-11-27,0.647518,0.6148,0.7541,,0.7541,TARGET_1,TARGET_1,False,STOP_FIRST_CONSERVATIVE,ADVERSE_BOUNDARY_FIRST_AND_STOP_AT_EXIT,True,False,False,9,16.46005,30.0,16.16005,3.198199,-2.444973,16.46005,True,HEALTHY
MEPA,2021-02-21,2021-02-22,2021-02-28,0.742428,0.6983,0.8167,,0.6983,STOP,STOP,False,STOP_FIRST_CONSERVATIVE,ADVERSE_BOUNDARY_FIRST_AND_STOP_AT_EXIT,False,False,True,5,-5.943784,30.0,-6.243784,-1.050473,-5.943784,5.882353,True,HEALTHY
MEPA,2024-03-04,2024-03-05,2024-03-05,2.21,1.9639,2.449,,2.449,TARGET_1,TARGET_1,False,STOP_FIRST_CONSERVATIVE,ADVERSE_BOUNDARY_FIRST_AND_STOP_AT_EXIT,True,False,False,1,10.81448,30.0,10.51448,0.94421,-0.452489,10.81448,True,HEALTHY
MEPA,2024-03-17,2024-03-18,2024-03-18,2.49,2.2664,2.88,,2.2664,STOP,STOP,False,STOP_FIRST_CONSERVATIVE,ADVERSE_BOUNDARY_FIRST_AND_STOP_AT_EXIT,False,False,True,1,-8.97992,30.0,-9.27992,-1.033408,-8.97992,0.0,True,HEALTHY
MFSC,2018-05-16,2018-05-21,2018-05-28,7.09,6.9158,7.52,,6.9158,STOP,STOP,False,STOP_FIRST_CONSERVATIVE,ADVERSE_BOUNDARY_FIRST_AND_STOP_AT_EXIT,False,False,True,5,-2.456982,30.0,-2.756982,-1.122101,-2.456982,2.961918,True,HEALTHY
MICH,2023-11-08,2023-11-09,2023-11-13,25.593307,24.1819,30.3333,,24.1819,STOP,STOP,False,STOP_FIRST_CONSERVATIVE,ADVERSE_BOUNDARY_FIRST_AND_STOP_AT_EXIT,False,False,True,2,-5.514749,30.0,-5.814749,-1.0544,-5.514749,2.370409,True,HEALTHY
MILS,2014-03-04,2014-03-05,2014-03-31,28.38,27.176,32.89,,26.62,STOP,STOP,False,STOP_FIRST_CONSERVATIVE,ADVERSE_BOUNDARY_FIRST_AND_STOP_AT_EXIT,False,False,True,15,-6.20155,30.0,-6.50155,-1.532508,-6.20155,6.765328,True,DEEP
MILS,2014-03-05,2014-03-06,2014-03-31,28.01,27.1872,32.89,,26.62,STOP,STOP,False,STOP_FIRST_CONSERVATIVE,ADVERSE_BOUNDARY_FIRST_AND_STOP_AT_EXIT,False,False,True,14,-4.962513,30.0,-5.262513,-1.79148,-4.962513,8.175652,True,HEALTHY
MILS,2021-08-17,2021-08-18,2021-08-23,33.6,31.8727,40.0,,31.8727,STOP,STOP,False,STOP_FIRST_CONSERVATIVE,ADVERSE_BOUNDARY_FIRST_AND_STOP_AT_EXIT,False,False,True,3,-5.140774,30.0,-5.440774,-1.058357,-5.140774,0.0,True,HEALTHY
MPCI,2026-05-25,2026-06-01,2026-06-07,206.0,198.2052,224.88,,224.88,TARGET_1,TARGET_1,False,STOP_FIRST_CONSERVATIVE,ADVERSE_BOUNDARY_FIRST_AND_STOP_AT_EXIT,True,False,False,5,9.165049,30.0,8.865049,2.342844,-0.796117,9.165049,True,HEALTHY
MPCI,2026-06-01,2026-06-02,2026-06-07,211.0,198.3097,224.88,,224.88,TARGET_1,TARGET_1,False,STOP_FIRST_CONSERVATIVE,ADVERSE_BOUNDARY_FIRST_AND_STOP_AT_EXIT,True,False,False,4,6.578199,30.0,6.278199,1.043868,-3.146919,6.578199,True,HEALTHY
MTIE,2023-05-08,2023-05-09,2023-05-17,3.2,2.9734,3.5635,,2.9734,STOP,STOP,False,STOP_FIRST_CONSERVATIVE,ADVERSE_BOUNDARY_FIRST_AND_STOP_AT_EXIT,False,False,True,7,-7.08125,30.0,-7.38125,-1.042365,-7.08125,8.0,True,HEALTHY
NAHO,2012-10-03,2012-10-04,2012-10-04,0.26296,0.2498,0.308,,0.2498,STOP,STOP,False,STOP_FIRST_CONSERVATIVE,ADVERSE_BOUNDARY_FIRST_AND_STOP_AT_EXIT,False,False,True,1,-5.004629,30.0,-5.304629,-1.059945,-5.004629,0.0,True,DEEP
NAHO,2012-10-10,2012-10-11,2012-10-15,0.26296,0.2497,0.308,,0.247934,STOP,STOP,False,STOP_FIRST_CONSERVATIVE,ADVERSE_BOUNDARY_FIRST_AND_STOP_AT_EXIT,False,False,True,2,-5.714286,30.0,-6.014286,-1.192682,-5.714286,0.0,True,DEEP
NAHO,2012-10-24,2012-10-29,2012-11-01,0.26296,0.2514,0.308,,0.2514,STOP,STOP,False,STOP_FIRST_CONSERVATIVE,ADVERSE_BOUNDARY_FIRST_AND_STOP_AT_EXIT,False,False,True,4,-4.396171,30.0,-4.696171,-1.068241,-4.396171,2.857143,True,DEEP
NINH,2011-05-19,2011-05-23,2011-06-01,0.332067,0.3232,0.3719,0.3934,0.3719,TARGET_1,TARGET_1,False,STOP_FIRST_CONSERVATIVE,ADVERSE_BOUNDARY_FIRST_AND_STOP_AT_EXIT,True,False,False,7,11.995402,30.0,11.695402,4.379801,-1.421396,11.995402,True,DEEP
NINH,2021-02-18,2021-02-21,2021-02-22,19.124974,17.2804,20.1347,,20.1347,TARGET_1,TARGET_1,False,STOP_FIRST_CONSERVATIVE,ADVERSE_BOUNDARY_FIRST_AND_STOP_AT_EXIT,True,False,False,2,5.279619,30.0,4.979619,0.516299,-0.014706,5.279619,True,HEALTHY
NIPH,2019-05-20,2019-05-21,2019-06-03,5.423503,5.0375,6.3556,,5.023575,STOP,STOP,False,STOP_FIRST_CONSERVATIVE,ADVERSE_BOUNDARY_FIRST_AND_STOP_AT_EXIT,False,False,True,8,-7.373987,30.0,-7.673987,-1.078227,-7.373987,7.373011,True,HEALTHY
NIPH,2025-09-23,2025-09-24,2025-10-07,79.16,72.5261,93.88,,93.88,TARGET_1,TARGET_1,False,STOP_FIRST_CONSERVATIVE,ADVERSE_BOUNDARY_FIRST_AND_STOP_AT_EXIT,True,False,False,8,18.59525,30.0,18.29525,2.183108,-1.389591,18.59525,True,DEEP
OBRI,2012-08-13,2012-08-14,2012-09-03,2.15465,2.0431,2.4865,,2.4865,TARGET_1,TARGET_1,False,STOP_FIRST_CONSERVATIVE,ADVERSE_BOUNDARY_FIRST_AND_STOP_AT_EXIT,True,False,False,11,15.401574,30.0,15.101574,2.916953,-5.050441,15.401574,True,HEALTHY
OBRI,2012-08-14,2012-08-15,2012-09-03,2.138273,2.0434,2.4865,,2.4865,TARGET_1,TARGET_1,False,STOP_FIRST_CONSERVATIVE,ADVERSE_BOUNDARY_FIRST_AND_STOP_AT_EXIT,True,False,False,10,16.28545,30.0,15.98545,3.602855,-4.32321,16.28545,True,HEALTHY
ODIN,2022-09-04,2022-09-05,2022-09-14,1.2,1.1019,1.425,1.5167,1.1019,STOP,STOP,False,STOP_FIRST_CONSERVATIVE,ADVERSE_BOUNDARY_FIRST_AND_STOP_AT_EXIT,False,False,True,8,-8.175,30.0,-8.475,-1.036697,-8.175,17.361111,True,DEEP
OLFI,2021-02-11,2021-02-14,2021-02-23,7.45,7.2419,7.96,,7.96,TARGET_1,TARGET_1,False,STOP_FIRST_CONSERVATIVE,ADVERSE_BOUNDARY_FIRST_AND_STOP_AT_EXIT,True,False,False,8,6.845638,30.0,6.545638,2.343345,-2.684564,6.845638,True,HEALTHY
ORAS,2023-06-11,2023-06-12,2023-07-06,119.0,113.95,128.0,,128.0,TARGET_1,TARGET_1,False,STOP_FIRST_CONSERVATIVE,ADVERSE_BOUNDARY_FIRST_AND_STOP_AT_EXIT,True,False,False,14,7.563025,30.0,7.263025,1.711485,-2.521008,7.563025,True,HEALTHY
ORMT,2023-12-04,2023-12-05,2023-12-06,0.46,0.4359,0.52,,0.4359,STOP,STOP,False,STOP_FIRST_CONSERVATIVE,ADVERSE_BOUNDARY_FIRST_AND_STOP_AT_EXIT,False,False,True,2,-5.23913,30.0,-5.53913,-1.057261,-5.23913,4.347826,True,HEALTHY
ORMT,2023-12-05,2023-12-06,2023-12-06,0.46,0.4359,0.52,,0.4359,STOP,STOP,False,STOP_FIRST_CONSERVATIVE,ADVERSE_BOUNDARY_FIRST_AND_STOP_AT_EXIT,False,False,True,1,-5.23913,30.0,-5.53913,-1.057261,-5.23913,0.0,True,HEALTHY
ORMT,2024-12-29,2024-12-30,2025-01-13,0.54,0.5179,0.6,,0.5179,STOP,STOP,False,STOP_FIRST_CONSERVATIVE,ADVERSE_BOUNDARY_FIRST_AND_STOP_AT_EXIT,False,False,True,9,-4.092593,30.0,-4.392593,-1.073303,-4.092593,7.407407,True,HEALTHY
ORWE,2012-10-31,2012-11-01,2012-11-01,3.197343,3.1403,3.3333,3.8667,3.1403,STOP,STOP,False,STOP_FIRST_CONSERVATIVE,ADVERSE_BOUNDARY_FIRST_AND_STOP_AT_EXIT,False,False,True,1,-1.784085,30.0,-2.084085,-1.168153,-1.784085,0.0,True,HEALTHY
ORWE,2016-10-20,2016-10-24,2016-10-24,5.733327,5.6195,6.22,6.2667,5.6195,STOP,STOP,False,STOP_FIRST_CONSERVATIVE,ADVERSE_BOUNDARY_FIRST_AND_STOP_AT_EXIT,False,False,True,1,-1.985363,30.0,-2.285363,-1.151106,-1.985363,0.0,True,HEALTHY
ORWE,2021-07-04,2021-07-05,2021-07-08,8.49,8.1775,8.88,,8.1775,STOP,STOP,False,STOP_FIRST_CONSERVATIVE,ADVERSE_BOUNDARY_FIRST_AND_STOP_AT_EXIT,False,False,True,4,-3.680801,30.0,-3.980801,-1.081504,-3.680801,1.766784,True,HEALTHY
PHAR,2026-06-22,2026-06-23,2026-06-23,89.7,87.6775,92.4,,87.6775,STOP,STOP,False,STOP_FIRST_CONSERVATIVE,ADVERSE_BOUNDARY_FIRST_AND_STOP_AT_EXIT,False,False,True,1,-2.254738,30.0,-2.554738,-1.133053,-2.254738,0.0,True,HEALTHY
PHDC,2014-04-17,2014-04-22,2014-05-06,3.227164,2.9817,3.3688,,3.3688,TARGET_1,TARGET_1,False,STOP_FIRST_CONSERVATIVE,ADVERSE_BOUNDARY_FIRST_AND_STOP_AT_EXIT,True,False,False,7,4.388878,30.0,4.088878,0.537573,-6.826996,4.388878,True,HEALTHY
PHDC,2025-12-29,2025-12-30,2026-01-05,8.49,8.307,8.81,8.91,8.307,STOP,STOP,False,STOP_FIRST_CONSERVATIVE,ADVERSE_BOUNDARY_FIRST_AND_STOP_AT_EXIT,False,False,True,3,-2.155477,30.0,-2.455477,-1.13918,-2.155477,2.120141,True,HEALTHY
PHTV,2014-11-06,2014-11-10,2014-11-17,25.869231,22.5673,28.2846,,22.5673,STOP,STOP,False,STOP_FIRST_CONSERVATIVE,ADVERSE_BOUNDARY_FIRST_AND_STOP_AT_EXIT,False,False,True,5,-12.763931,30.0,-13.063931,-1.023504,-12.763931,0.654178,True,HEALTHY
PHTV,2017-11-22,2017-11-27,2017-11-27,24.561538,23.6514,28.1923,,23.6514,STOP,STOP,False,STOP_FIRST_CONSERVATIVE,ADVERSE_BOUNDARY_FIRST_AND_STOP_AT_EXIT,False,False,True,1,-3.705543,30.0,-4.005543,-1.08096,-3.705543,0.0,True,HEALTHY
POUL,2024-07-31,2024-08-01,2024-08-04,8.8,8.4731,9.22,9.75,8.4731,STOP,STOP,False,STOP_FIRST_CONSERVATIVE,ADVERSE_BOUNDARY_FIRST_AND_STOP_AT_EXIT,False,False,True,2,-3.714773,30.0,-4.014773,-1.080759,-3.714773,1.136364,True,HEALTHY
PRCL,2014-01-22,2014-01-23,2014-01-28,5.91,5.5107,6.47,,6.47,TARGET_1,TARGET_1,False,STOP_FIRST_CONSERVATIVE,ADVERSE_BOUNDARY_FIRST_AND_STOP_AT_EXIT,True,False,False,3,9.475465,30.0,9.175465,1.358052,-0.169205,9.475465,True,HEALTHY
PRCL,2023-09-12,2023-09-13,2023-10-02,7.1,6.5777,8.28,,6.43,STOP,STOP,False,STOP_FIRST_CONSERVATIVE,ADVERSE_BOUNDARY_FIRST_AND_STOP_AT_EXIT,False,False,True,10,-9.43662,30.0,-9.73662,-1.323569,-9.43662,9.014085,True,HEALTHY
PRDC,2022-12-27,2022-12-28,2023-01-03,2.19,2.0675,2.44,2.57,2.44,TARGET_1,TARGET_1,False,STOP_FIRST_CONSERVATIVE,ADVERSE_BOUNDARY_FIRST_AND_STOP_AT_EXIT,True,False,False,4,11.415525,30.0,11.115525,1.987184,-0.913242,11.415525,True,DEEP
PRDC,2026-05-20,2026-05-21,2026-05-21,5.57,5.3635,5.95,6.09,5.3635,STOP,STOP,False,STOP_FIRST_CONSERVATIVE,ADVERSE_BOUNDARY_FIRST_AND_STOP_AT_EXIT,False,False,True,1,-3.707361,30.0,-4.007361,-1.08092,-3.707361,0.0,True,HEALTHY
PRMH,2023-12-14,2023-12-18,2023-12-18,0.801,0.746,0.819,,0.819,TARGET_1,TARGET_1,False,STOP_FIRST_CONSERVATIVE,ADVERSE_BOUNDARY_FIRST_AND_STOP_AT_EXIT,True,False,False,1,2.247191,30.0,1.947191,0.283582,0.0,2.247191,True,HEALTHY
QNBA,2003-09-22,2003-09-23,2003-09-24,0.797201,0.7925,0.8787,,0.7925,STOP,STOP,False,STOP_FIRST_CONSERVATIVE,ADVERSE_BOUNDARY_FIRST_AND_STOP_AT_EXIT,False,False,True,2,-0.589637,30.0,-0.889637,-1.508788,-0.589637,0.106124,True,HEALTHY
QNBA,2010-11-22,2010-11-23,2010-11-23,7.481498,7.3615,7.9084,,7.3615,STOP,STOP,False,STOP_FIRST_CONSERVATIVE,ADVERSE_BOUNDARY_FIRST_AND_STOP_AT_EXIT,False,False,True,1,-1.603931,30.0,-1.903931,-1.18704,-1.603931,0.0,True,HEALTHY
QNBA,2026-05-24,2026-05-25,2026-06-11,54.46,52.201,61.0,,52.201,STOP,STOP,False,STOP_FIRST_CONSERVATIVE,ADVERSE_BOUNDARY_FIRST_AND_STOP_AT_EXIT,False,False,True,10,-4.147999,30.0,-4.447999,-1.072324,-4.147999,3.543885,True,DEEP
QNBE,2008-03-11,2008-03-12,2008-03-18,5.8,5.4166,6.39,,5.4166,STOP,STOP,False,STOP_FIRST_CONSERVATIVE,ADVERSE_BOUNDARY_FIRST_AND_STOP_AT_EXIT,False,False,True,5,-6.610345,30.0,-6.910345,-1.045383,-6.610345,1.206897,True,DEEP
QNBE,2010-11-22,2010-11-23,2010-11-23,7.5,7.3424,7.91,,7.3424,STOP,STOP,False,STOP_FIRST_CONSERVATIVE,ADVERSE_BOUNDARY_FIRST_AND_STOP_AT_EXIT,False,False,True,1,-2.101333,30.0,-2.401333,-1.142766,-2.101333,0.0,True,HEALTHY
QNBE,2013-11-21,2013-11-24,2013-11-24,6.39,6.1981,6.86,,6.1981,STOP,STOP,False,STOP_FIRST_CONSERVATIVE,ADVERSE_BOUNDARY_FIRST_AND_STOP_AT_EXIT,False,False,True,1,-3.00313,30.0,-3.30313,-1.099896,-3.00313,0.0,True,HEALTHY
QNBE,2026-05-24,2026-05-25,2026-06-11,54.6,52.2164,61.0,,52.2164,STOP,STOP,False,STOP_FIRST_CONSERVATIVE,ADVERSE_BOUNDARY_FIRST_AND_STOP_AT_EXIT,False,False,True,10,-4.365568,30.0,-4.665568,-1.06872,-4.365568,3.278388,True,DEEP
RAYA,2014-03-19,2014-03-20,2014-03-27,0.160046,0.1544,0.1696,,0.1544,STOP,STOP,False,STOP_FIRST_CONSERVATIVE,ADVERSE_BOUNDARY_FIRST_AND_STOP_AT_EXIT,False,False,True,5,-3.527462,30.0,-3.827462,-1.085047,-3.527462,5.132412,True,HEALTHY
RREI,2024-01-03,2024-01-04,2024-01-08,0.956,0.9146,1.037,,1.037,TARGET_1,TARGET_1,False,STOP_FIRST_CONSERVATIVE,ADVERSE_BOUNDARY_FIRST_AND_STOP_AT_EXIT,True,False,False,2,8.472803,30.0,8.172803,1.887246,-2.719665,8.472803,True,HEALTHY
RREI,2025-05-14,2025-05-15,2025-06-16,2.4,2.1759,2.8,,2.03,STOP,STOP,False,STOP_FIRST_CONSERVATIVE,ADVERSE_BOUNDARY_FIRST_AND_STOP_AT_EXIT,False,False,True,16,-15.416667,30.0,-15.716667,-1.683177,-15.416667,1.25,True,DEEP
RTVC,2023-01-03,2023-01-04,2023-01-04,2.91,2.7804,3.09,,2.7804,STOP,STOP,False,STOP_FIRST_CONSERVATIVE,ADVERSE_BOUNDARY_FIRST_AND_STOP_AT_EXIT,False,False,True,1,-4.453608,30.0,-4.753608,-1.067361,-4.453608,0.0,True,HEALTHY
RTVC,2023-12-14,2023-12-18,2023-12-19,2.76,2.594,2.99,,2.99,TARGET_1,TARGET_1,False,STOP_FIRST_CONSERVATIVE,ADVERSE_BOUNDARY_FIRST_AND_STOP_AT_EXIT,True,False,False,2,8.333333,30.0,8.033333,1.335663,0.0,8.333333,True,HEALTHY
SAUD,2017-01-26,2017-01-30,2017-02-08,2.259705,2.1562,2.4366,,2.1562,STOP,STOP,False,STOP_FIRST_CONSERVATIVE,ADVERSE_BOUNDARY_FIRST_AND_STOP_AT_EXIT,False,False,True,7,-4.580456,30.0,-4.880456,-1.065496,-4.580456,4.081599,True,HEALTHY
SAUD,2020-11-23,2020-11-24,2020-12-15,3.533457,3.4086,3.9497,,3.4086,STOP,STOP,False,STOP_FIRST_CONSERVATIVE,ADVERSE_BOUNDARY_FIRST_AND_STOP_AT_EXIT,False,False,True,16,-3.533553,30.0,-3.833553,-1.0849,-3.533553,7.394669,True,DEEP
SAUD,2020-12-03,2020-12-06,2020-12-15,3.68233,3.5187,3.9497,,3.5187,STOP,STOP,False,STOP_FIRST_CONSERVATIVE,ADVERSE_BOUNDARY_FIRST_AND_STOP_AT_EXIT,False,False,True,8,-4.443644,30.0,-4.743644,-1.067512,-4.443644,3.052805,True,HEALTHY
SAUD,2022-01-19,2022-01-20,2022-01-24,4.684944,4.5518,4.8976,,4.5518,STOP,STOP,False,STOP_FIRST_CONSERVATIVE,ADVERSE_BOUNDARY_FIRST_AND_STOP_AT_EXIT,False,False,True,3,-2.841957,30.0,-3.141957,-1.105561,-2.841957,0.194553,True,HEALTHY
SAUD,2022-01-20,2022-01-23,2022-01-24,4.684944,4.5518,4.8976,,4.5518,STOP,STOP,False,STOP_FIRST_CONSERVATIVE,ADVERSE_BOUNDARY_FIRST_AND_STOP_AT_EXIT,False,False,True,2,-2.841957,30.0,-3.141957,-1.105561,-2.841957,0.0,True,HEALTHY
SCTS,2019-12-22,2019-12-23,2019-12-25,41.46,37.5632,47.0,,37.5632,STOP,STOP,False,STOP_FIRST_CONSERVATIVE,ADVERSE_BOUNDARY_FIRST_AND_STOP_AT_EXIT,False,False,True,3,-9.398939,30.0,-9.698939,-1.031918,-9.398939,5.523396,True,HEALTHY
SCTS,2025-05-08,2025-05-11,2025-05-11,124.99,117.7256,160.0,,117.7256,STOP,STOP,False,STOP_FIRST_CONSERVATIVE,ADVERSE_BOUNDARY_FIRST_AND_STOP_AT_EXIT,False,False,True,1,-5.811985,30.0,-6.111985,-1.051617,-5.811985,0.0,True,DEEP
SCTS,2025-05-11,2025-05-12,2025-05-12,124.99,117.7278,160.0,,117.7278,STOP,STOP,False,STOP_FIRST_CONSERVATIVE,ADVERSE_BOUNDARY_FIRST_AND_STOP_AT_EXIT,False,False,True,1,-5.810225,30.0,-6.110225,-1.051633,-5.810225,0.0,True,DEEP
SCTS,2025-05-12,2025-05-13,2025-05-13,124.99,117.6834,160.0,,117.6834,STOP,STOP,False,STOP_FIRST_CONSERVATIVE,ADVERSE_BOUNDARY_FIRST_AND_STOP_AT_EXIT,False,False,True,1,-5.845748,30.0,-6.145748,-1.051319,-5.845748,0.0,True,DEEP
SCTS,2025-05-15,2025-05-18,2025-05-18,124.99,117.5837,160.0,,117.5837,STOP,STOP,False,STOP_FIRST_CONSERVATIVE,ADVERSE_BOUNDARY_FIRST_AND_STOP_AT_EXIT,False,False,True,1,-5.925514,30.0,-6.225514,-1.050629,-5.925514,0.0,True,DEEP
SCTS,2025-05-18,2025-05-19,2025-06-19,124.99,117.6526,160.0,,131.66,TIME_EXIT,NONE,False,STOP_FIRST_CONSERVATIVE,ADVERSE_BOUNDARY_FIRST_AND_STOP_AT_EXIT,False,False,False,21,5.336427,30.0,5.036427,0.857937,-5.384431,16.009281,True,DEEP
SCTS,2025-05-19,2025-05-20,2025-06-22,124.99,117.6368,160.0,,131.66,TIME_EXIT,NONE,False,STOP_FIRST_CONSERVATIVE,ADVERSE_BOUNDARY_FIRST_AND_STOP_AT_EXIT,False,False,False,21,5.336427,30.0,5.036427,0.856094,-5.208417,16.009281,True,DEEP
SEIG,2020-12-10,2020-12-13,2020-12-21,71.48,63.0103,83.69,,63.0103,STOP,STOP,False,STOP_FIRST_CONSERVATIVE,ADVERSE_BOUNDARY_FIRST_AND_STOP_AT_EXIT,False,False,True,7,-11.849049,30.0,-12.149049,-1.025318,-11.849049,4.784555,True,HEALTHY
SKPC,2013-10-29,2013-10-30,2013-10-31,7.592593,7.34,7.6851,,7.6851,TARGET_1,TARGET_1,False,STOP_FIRST_CONSERVATIVE,ADVERSE_BOUNDARY_FIRST_AND_STOP_AT_EXIT,True,False,False,2,1.21839,30.0,0.91839,0.276056,-0.610366,1.21839,True,HEALTHY
SKPC,2021-06-30,2021-07-05,2021-07-26,5.606528,5.2762,5.8796,,5.8796,TARGET_1,TARGET_1,False,STOP_FIRST_CONSERVATIVE,ADVERSE_BOUNDARY_FIRST_AND_STOP_AT_EXIT,True,False,False,9,4.870612,30.0,4.570612,0.775753,-5.037944,4.870612,True,HEALTHY
SNFC,2020-12-01,2020-12-02,2020-12-21,0.91,0.8502,1.05,,0.8502,STOP,STOP,False,STOP_FIRST_CONSERVATIVE,ADVERSE_BOUNDARY_FIRST_AND_STOP_AT_EXIT,False,False,True,11,-6.571429,30.0,-6.871429,-1.045652,-6.571429,15.274725,True,HEALTHY
SNFC,2024-03-04,2024-03-05,2024-03-06,1.453,1.3262,1.59,,1.59,TARGET_1,TARGET_1,False,STOP_FIRST_CONSERVATIVE,ADVERSE_BOUNDARY_FIRST_AND_STOP_AT_EXIT,True,False,False,2,9.428768,30.0,9.128768,1.046065,-3.165864,9.428768,True,HEALTHY
SNFC,2024-04-16,2024-04-17,2024-04-29,1.948,1.7427,2.17,,2.17,TARGET_1,TARGET_1,False,STOP_FIRST_CONSERVATIVE,ADVERSE_BOUNDARY_FIRST_AND_STOP_AT_EXIT,True,False,False,6,11.396304,30.0,11.096304,1.052879,-7.597536,11.396304,True,HEALTHY
SPIN,2016-12-08,2016-12-12,2016-12-13,1.04,0.991,1.1556,,0.991,STOP,STOP,False,STOP_FIRST_CONSERVATIVE,ADVERSE_BOUNDARY_FIRST_AND_STOP_AT_EXIT,False,False,True,2,-4.711538,30.0,-5.011538,-1.063673,-4.711538,2.564103,True,HEALTHY
SUGR,2017-05-25,2017-05-29,2017-07-05,19.98,18.8473,22.51,,22.51,TARGET_1,TARGET_1,False,STOP_FIRST_CONSERVATIVE,ADVERSE_BOUNDARY_FIRST_AND_STOP_AT_EXIT,True,False,False,20,12.662663,30.0,12.362663,2.180683,-4.904905,12.662663,True,HEALTHY
SUGR,2017-05-30,2017-05-31,2017-07-05,20.0,18.8783,22.51,,22.51,TARGET_1,TARGET_1,False,STOP_FIRST_CONSERVATIVE,ADVERSE_BOUNDARY_FIRST_AND_STOP_AT_EXIT,True,False,False,18,12.55,30.0,12.25,2.184185,-5.0,12.55,True,HEALTHY
SVCE,2020-09-13,2020-09-14,2020-09-22,1.677443,1.5493,1.8376,,1.5493,STOP,STOP,False,STOP_FIRST_CONSERVATIVE,ADVERSE_BOUNDARY_FIRST_AND_STOP_AT_EXIT,False,False,True,7,-7.639174,30.0,-7.939174,-1.039271,-7.639174,4.020101,True,HEALTHY
SVCE,2026-05-14,2026-05-17,2026-06-11,9.0,8.2516,10.15,,8.2516,STOP,STOP,False,STOP_FIRST_CONSERVATIVE,ADVERSE_BOUNDARY_FIRST_AND_STOP_AT_EXIT,False,False,True,16,-8.315556,30.0,-8.615556,-1.036077,-8.315556,9.666667,True,HEALTHY
SWDY,2014-10-02,2014-10-08,2014-10-14,4.632,4.4141,4.94,,4.4141,STOP,STOP,False,STOP_FIRST_CONSERVATIVE,ADVERSE_BOUNDARY_FIRST_AND_STOP_AT_EXIT,False,False,True,4,-4.704231,30.0,-5.004231,-1.063772,-4.704231,2.547496,True,HEALTHY
TALM,2024-10-02,2024-10-03,2024-10-08,10.5,9.709,11.5,,9.709,STOP,STOP,False,STOP_FIRST_CONSERVATIVE,ADVERSE_BOUNDARY_FIRST_AND_STOP_AT_EXIT,False,False,True,3,-7.533333,30.0,-7.833333,-1.039823,-7.533333,3.809524,True,HEALTHY
TMGH,2014-01-21,2014-01-22,2014-01-23,6.82,6.5855,7.08,,7.08,TARGET_1,TARGET_1,False,STOP_FIRST_CONSERVATIVE,ADVERSE_BOUNDARY_FIRST_AND_STOP_AT_EXIT,True,False,False,2,3.812317,30.0,3.512317,1.021493,0.0,3.812317,True,HEALTHY
TMGH,2016-12-07,2016-12-08,2016-12-20,8.56,8.0003,9.28,,9.28,TARGET_1,TARGET_1,False,STOP_FIRST_CONSERVATIVE,ADVERSE_BOUNDARY_FIRST_AND_STOP_AT_EXIT,True,False,False,7,8.411215,30.0,8.111215,1.240522,-2.570093,8.411215,True,HEALTHY
TMGH,2024-03-10,2024-03-11,2024-03-18,77.11,70.0538,91.4,,70.0538,STOP,STOP,False,STOP_FIRST_CONSERVATIVE,ADVERSE_BOUNDARY_FIRST_AND_STOP_AT_EXIT,False,False,True,6,-9.150823,30.0,-9.450823,-1.032784,-9.150823,5.044741,True,HEALTHY
UNIP,2018-01-02,2018-01-03,2018-02-06,0.115844,0.1034,0.1273,,0.1034,STOP,STOP,False,STOP_FIRST_CONSERVATIVE,ADVERSE_BOUNDARY_FIRST_AND_STOP_AT_EXIT,False,False,True,18,-10.742059,30.0,-11.042059,-1.027928,-10.742059,3.139013,True,HEALTHY
UNIT,2022-12-29,2023-01-02,2023-01-02,3.89,3.733,4.14,,4.14,TARGET_1,TARGET_1,False,STOP_FIRST_CONSERVATIVE,ADVERSE_BOUNDARY_FIRST_AND_STOP_AT_EXIT,True,False,False,1,6.426735,30.0,6.126735,1.518025,0.0,6.426735,True,HEALTHY
WCDF,2010-08-16,2010-08-17,2010-09-08,29.1675,28.6064,30.2775,31.125,28.6064,STOP,STOP,False,STOP_FIRST_CONSERVATIVE,ADVERSE_BOUNDARY_FIRST_AND_STOP_AT_EXIT,False,False,True,12,-1.923716,30.0,-2.223716,-1.155948,-1.923716,2.854204,True,HEALTHY
WCDF,2025-05-21,2025-05-22,2025-07-02,296.385,280.5306,321.0,,300.135,TIME_EXIT,NONE,False,STOP_FIRST_CONSERVATIVE,ADVERSE_BOUNDARY_FIRST_AND_STOP_AT_EXIT,False,False,False,21,1.265246,30.0,0.965246,0.180445,-1.614454,6.280682,True,HEALTHY
ZEOT,2014-01-21,2014-01-22,2014-02-03,1.088019,1.0303,1.2016,,1.2016,TARGET_1,TARGET_1,False,STOP_FIRST_CONSERVATIVE,ADVERSE_BOUNDARY_FIRST_AND_STOP_AT_EXIT,True,False,False,7,10.439199,30.0,10.139199,1.911252,0.0,10.439199,True,HEALTHY
