symbol,signal_date,horizon_bars,signal_close,horizon_close,close_to_close_return_percent,mae_percent,mfe_percent,managed_exit_applied
ACAP,2024-09-18,3,2.02,1.99,-1.485149,-3.960396,3.465347,False
ACAP,2024-09-18,5,2.02,2.13,5.445545,-3.960396,9.405941,False
ACAP,2024-09-18,10,2.02,2.35,16.336634,-3.960396,38.613861,False
ACAP,2024-09-18,20,2.02,2.79,38.118812,-3.960396,50.990099,False
ACGC,2012-10-09,3,3.765,3.747,-0.478088,-2.151394,5.742364,False
ACGC,2012-10-09,5,3.765,3.72,-1.195219,-5.500664,5.742364,False
ACGC,2012-10-09,10,3.765,4.0713,8.135458,-5.500664,11.00664,False
ACGC,2012-10-09,20,3.765,3.6209,-3.827357,-11.243028,11.00664,False
ACGC,2022-11-29,3,3.17,3.15,-0.630915,-2.523659,2.523659,False
ACGC,2022-11-29,5,3.17,3.37,6.309148,-2.523659,7.255521,False
ACGC,2022-11-29,10,3.17,3.49,10.094637,-2.523659,12.933754,False
ACGC,2022-11-29,20,3.17,3.22,1.577287,-2.523659,12.933754,False
ACGC,2024-01-02,3,6.35,6.17,-2.834646,-3.937008,1.574803,False
ACGC,2024-01-02,5,6.35,6.3,-0.787402,-3.937008,1.574803,False
ACGC,2024-01-02,10,6.35,8.19,28.976378,-3.937008,29.76378,False
ACGC,2024-01-02,20,6.35,7.77,22.362205,-3.937008,40.15748,False
ADCI,2010-11-22,3,14.518935,13.99198,-3.629437,-5.554442,1.243232,False
ADCI,2010-11-22,5,14.518935,13.977423,-3.729697,-5.554442,1.243232,False
ADCI,2010-11-22,10,14.518935,14.210331,-2.125526,-5.554442,1.243232,False
ADCI,2010-11-22,20,14.518935,14.492733,-0.180469,-5.734911,12.231803,False
ADIB,2023-10-10,3,9.822762,10.885993,10.82416,-2.068341,11.562246,False
ADIB,2023-10-10,5,9.822762,11.974589,21.906539,-2.068341,25.600296,False
ADIB,2023-10-10,10,9.822762,12.51885,27.447359,-2.068341,34.835611,False
ADIB,2023-10-10,20,9.822762,12.732904,29.626524,-2.068341,40.007388,False
AFDI,2017-05-24,3,10.58,10.39,-1.795841,-2.457467,5.293006,False
AFDI,2017-05-24,5,10.58,10.43,-1.417769,-3.402647,5.293006,False
AFDI,2017-05-24,10,10.58,11.77,11.247637,-4.15879,15.311909,False
AFDI,2017-05-24,20,10.58,11.42,7.939509,-4.15879,17.958412,False
AIND,2021-01-03,3,0.65,0.67,3.076923,-1.538462,6.153846,False
AIND,2021-01-03,5,0.65,0.7,7.692308,-1.538462,9.230769,False
AIND,2021-01-03,10,0.65,0.7,7.692308,-1.538462,10.769231,False
AIND,2021-01-03,20,0.65,0.64,-1.538462,-7.692308,10.769231,False
AJWA,2014-10-15,3,28.5,24.95,-12.45614,-16.315789,10.0,False
AJWA,2014-10-15,5,28.5,25.65,-10.0,-19.122807,10.0,False
AJWA,2014-10-15,10,28.5,25.0,-12.280702,-19.122807,10.0,False
AJWA,2014-10-15,20,28.5,22.15,-22.280702,-23.508772,10.0,False
AJWA,2021-05-27,3,28.6,29.4,2.797203,-7.517483,7.692308,False
AJWA,2021-05-27,5,28.6,39.1,36.713287,-7.517483,41.783217,False
AJWA,2021-05-27,10,28.6,34.0,18.881119,-7.517483,43.881119,False
AJWA,2021-05-27,20,28.6,25.09,-12.272727,-14.335664,43.881119,False
AJWA,2026-06-23,3,179.0,178.05,-0.530726,-2.50838,0.558659,False
AJWA,2026-06-23,5,179.0,176.0,-1.675978,-2.50838,6.145251,False
AJWA,2026-06-23,10,179.0,173.58,-3.027933,-3.854749,6.145251,False
AJWA,2026-06-23,20,179.0,170.03,-5.011173,-10.055866,7.26257,False
ALCN,2013-10-29,3,0.849163,0.89133,4.965653,-0.883219,5.299313,False
ALCN,2013-10-29,5,0.849163,0.882246,3.895976,-0.883219,5.299313,False
ALCN,2013-10-29,10,0.849163,0.86333,1.668302,-0.883219,5.299313,False
ALCN,2013-10-29,20,0.849163,0.836747,-1.462218,-4.808636,5.917566,False
ALCN,2014-02-24,3,1.023579,0.990746,-3.207685,-3.728731,3.223968,False
ALCN,2014-02-24,5,1.023579,0.999996,-2.303997,-3.728731,3.223968,False
ALCN,2014-02-24,10,1.023579,1.016663,-0.675731,-4.721973,3.223968,False
ALCN,2014-02-24,20,1.023579,0.921246,-9.997558,-16.136123,3.223968,False
ALRA,2024-11-27,3,0.81,0.88,8.641975,0.0,16.049383,False
ALRA,2024-11-27,5,0.81,0.93,14.814815,0.0,19.753086,False
ALRA,2024-11-27,10,0.81,1.13,39.506173,0.0,56.790123,False
ALRA,2024-11-27,20,0.81,1.02,25.925926,0.0,56.790123,False
ALUM,2017-08-23,3,3.964,3.868,-2.421796,-4.809956,6.121763,False
ALUM,2017-08-23,5,3.964,3.861333,-2.589976,-4.809956,6.121763,False
ALUM,2017-08-23,10,3.964,4.265333,7.601749,-5.314497,10.931719,False
ALUM,2017-08-23,20,3.964,3.801333,-4.103599,-8.678103,10.931719,False
ALUM,2021-08-10,3,6.268,5.861333,-6.487981,-10.444586,9.551159,False
ALUM,2021-08-10,5,6.268,5.598667,-10.678579,-12.656882,9.551159,False
ALUM,2021-08-10,10,6.268,6.582667,5.020208,-12.656882,9.551159,False
ALUM,2021-08-10,20,6.268,5.761333,-8.083387,-12.656882,11.359285,False
ALUM,2023-02-08,3,6.118667,6.190667,1.176727,-1.372848,5.513184,False
ALUM,2023-02-08,5,6.118667,7.890667,28.960558,-1.372848,29.265635,False
ALUM,2023-02-08,10,6.118667,9.608,57.027675,-1.372848,74.329919,False
ALUM,2023-02-08,20,6.118667,9.025333,47.504903,-1.372848,74.329919,False
AMER,2014-03-25,3,2.248485,1.906061,-15.229111,-17.938005,9.231806,False
AMER,2014-03-25,5,2.248485,1.881818,-16.307278,-22.291105,9.231806,False
AMER,2014-03-25,10,2.248485,1.857273,-17.398922,-29.3531,9.231806,False
AMER,2014-03-25,20,2.248485,2.285152,1.630728,-29.3531,9.231806,False
AMER,2014-04-22,3,2.150606,2.077273,-3.409892,-5.114837,0.563618,False
AMER,2014-04-22,5,2.150606,2.285152,6.256165,-5.114837,7.94702,False
AMER,2014-04-22,10,2.150606,2.309545,7.390447,-5.114837,12.498239,False
AMER,2014-04-22,20,2.150606,2.400909,11.638721,-5.114837,27.82866,False
AMIA,2018-01-18,3,1.198438,1.158187,-3.358619,-5.299146,3.069097,False
AMIA,2018-01-18,5,1.198438,1.157198,-3.441109,-5.664284,3.069097,False
AMIA,2018-01-18,10,1.198438,1.148044,-4.204946,-9.827176,3.069097,False
AMIA,2018-01-18,20,1.198438,1.239096,3.392586,-12.050351,9.180199,False
AMOC,2016-12-20,3,4.196002,5.067328,20.765617,0.095329,22.258941,False
AMOC,2016-12-20,5,4.196002,4.948662,17.937531,0.095329,25.516165,False
AMOC,2016-12-20,10,4.196002,4.938662,17.699209,0.095329,25.516165,False
AMOC,2016-12-20,20,4.196002,5.627327,34.111639,0.095329,36.31993,False
APSW,2012-10-10,3,3.31,3.17,-4.229607,-7.250755,0.302115,False
APSW,2012-10-10,5,3.31,3.39,2.416918,-7.250755,5.740181,False
APSW,2012-10-10,10,3.31,4.02,21.450151,-7.250755,26.888218,False
APSW,2012-10-10,20,3.31,3.55,7.250755,-7.250755,33.534743,False
ARAB,2022-08-31,3,0.036987,0.036987,0.0,-6.521739,0.0,False
ARAB,2022-08-31,5,0.036987,0.037791,2.173913,-6.521739,6.521739,False
ARAB,2022-08-31,10,0.036987,0.036183,-2.173913,-6.521739,6.521739,False
ARAB,2022-08-31,20,0.036987,0.032967,-10.869565,-17.391304,6.521739,False
AREH,2016-03-01,3,0.1236,0.1256,1.618123,-5.825243,4.854369,False
AREH,2016-03-01,5,0.1236,0.1242,0.485437,-5.825243,4.854369,False
AREH,2016-03-01,10,0.1236,0.1272,2.912621,-5.825243,5.177994,False
AREH,2016-03-01,20,0.1236,0.1278,3.398058,-5.825243,8.414239,False
ASCM,2012-02-23,3,10.11,9.99,-1.186944,-3.560831,-0.098912,False
ASCM,2012-02-23,5,10.11,10.94,8.209693,-3.560831,10.385757,False
ASCM,2012-02-23,10,10.11,8.62,-14.737883,-17.012859,10.484669,False
ASCM,2012-02-23,20,10.11,7.53,-25.519288,-27.497527,10.484669,False
ASCM,2023-04-04,3,13.91,13.53,-2.731848,-5.679367,1.725377,False
ASCM,2023-04-04,5,13.91,13.05,-6.182602,-7.189073,1.725377,False
ASCM,2023-04-04,10,13.91,13.22,-4.96046,-11.358735,1.725377,False
ASCM,2023-04-04,20,13.91,10.82,-22.214234,-22.645579,1.725377,False
AXPH,2018-04-02,3,170.54,151.35,-11.252492,-13.803213,-1.577343,False
AXPH,2018-04-02,5,170.54,160.31,-5.998593,-13.803213,-1.577343,False
AXPH,2018-04-02,10,170.54,159.52,-6.461827,-13.803213,-1.577343,False
AXPH,2018-04-02,20,170.54,142.07,-16.694031,-16.735077,-1.577343,False
BINV,2026-06-09,3,46.99,47.5,1.085337,-6.320494,1.191743,False
BINV,2026-06-09,5,46.99,47.25,0.553309,-6.320494,4.043413,False
BINV,2026-06-09,10,46.99,47.37,0.808683,-6.320494,4.043413,False
BINV,2026-06-09,20,46.99,48.09,2.340924,-6.320494,9.342413,False
BINV,2026-06-14,3,47.5,48.0,1.052632,-2.484211,2.926316,False
BINV,2026-06-14,5,47.5,47.75,0.526316,-2.484211,2.926316,False
BINV,2026-06-14,10,47.5,45.09,-5.073684,-5.242105,2.926316,False
BINV,2026-06-14,20,47.5,48.34,1.768421,-5.242105,8.168421,False
CANA,2024-01-15,3,6.44,6.5228,1.285714,-0.714286,6.928571,False
CANA,2024-01-15,5,6.44,6.6746,3.642857,-0.714286,8.571429,False
CANA,2024-01-15,10,6.44,7.3738,14.5,-0.714286,15.428571,False
CANA,2024-01-15,20,6.44,6.9138,7.357143,-0.714286,15.428571,False
CCAP,2024-03-04,3,3.3,3.11,-5.757576,-8.787879,6.363636,False
CCAP,2024-03-04,5,3.3,3.01,-8.787879,-9.69697,6.363636,False
CCAP,2024-03-04,10,3.3,2.56,-22.424242,-25.757576,6.363636,False
CCAP,2024-03-04,20,3.3,2.75,-16.666667,-25.757576,6.363636,False
CCAP,2026-06-01,3,5.44,5.36,-1.470588,-1.470588,2.573529,False
CCAP,2026-06-01,5,5.44,5.58,2.573529,-3.308824,6.25,False
CCAP,2026-06-01,10,5.44,5.03,-7.536765,-9.558824,6.25,False
CCAP,2026-06-01,20,5.44,4.77,-12.316176,-14.522059,6.25,False
CICH,2021-09-12,3,5.07,4.8,-5.325444,-7.29783,1.577909,False
CICH,2021-09-12,5,5.07,4.54,-10.453649,-12.820513,1.577909,False
CICH,2021-09-12,10,5.07,4.63,-8.678501,-20.512821,1.577909,False
CICH,2021-09-12,20,5.07,4.31,-14.990138,-20.512821,1.577909,False
CIEB,2013-10-29,3,2.906779,2.913621,0.235385,-1.263813,2.683233,False
CIEB,2013-10-29,5,2.906779,2.9389,1.105047,-1.263813,2.683233,False
CIEB,2013-10-29,10,2.906779,3.202919,10.187913,-1.263813,10.584435,False
CIEB,2013-10-29,20,2.906779,3.051428,4.976264,-1.263813,14.531481,False
CIEB,2017-01-30,3,9.869772,9.690684,-1.814516,-4.233871,-1.663306,False
CIEB,2017-01-30,5,9.869772,9.683222,-1.890121,-6.577621,-1.663306,False
CIEB,2017-01-30,10,9.869772,9.446924,-4.284274,-6.577621,-1.663306,False
CIEB,2017-01-30,20,9.869772,8.827576,-10.559476,-19.354839,-1.663306,False
CLHO,2022-11-22,3,4.45,4.66,4.719101,-0.224719,6.516854,False
CLHO,2022-11-22,5,4.45,4.64,4.269663,-0.224719,6.516854,False
CLHO,2022-11-22,10,4.45,4.7,5.617978,-1.123596,7.865169,False
CLHO,2022-11-22,20,4.45,5.05,13.483146,-1.123596,14.606742,False
CLHO,2022-11-27,3,4.66,4.55,-2.360515,-3.862661,0.858369,False
CLHO,2022-11-27,5,4.66,4.6,-1.287554,-5.579399,0.858369,False
CLHO,2022-11-27,10,4.66,4.85,4.077253,-5.579399,5.793991,False
CLHO,2022-11-27,20,4.66,4.91,5.364807,-5.579399,9.44206,False
COMI,2012-09-10,3,6.276831,6.410276,2.125995,0.184534,4.744286,False
COMI,2012-09-10,5,6.276831,6.653865,6.006759,0.184534,7.824991,False
COMI,2012-09-10,10,6.276831,6.955523,10.812659,0.184534,12.477164,False
COMI,2012-09-10,20,6.276831,7.266908,15.773519,0.184534,17.005185,False
COMI,2014-02-18,3,10.296958,10.697265,3.887617,0.282254,4.648464,False
COMI,2014-02-18,5,10.296958,10.552266,2.479444,0.282254,4.648464,False
COMI,2014-02-18,10,10.296958,10.674118,3.662827,-0.225071,4.648464,False
COMI,2014-02-18,20,10.296958,11.054063,7.352697,-4.929591,10.986228,False
COMI,2016-08-24,3,17.954465,17.533921,-2.342286,-3.109855,-0.262318,False
COMI,2016-08-24,5,17.954465,17.606435,-1.938409,-3.109855,-0.262318,False
COMI,2016-08-24,10,17.954465,17.849356,-0.58542,-3.109855,0.747375,False
COMI,2016-08-24,20,17.954465,17.954465,0.0,-3.75626,0.88853,False
COMI,2016-09-05,3,17.958055,18.0016,0.24248,-1.271555,0.727237,False
COMI,2016-09-05,5,17.958055,17.443242,-2.866753,-3.492436,0.727237,False
COMI,2016-09-05,10,17.958055,17.776806,-1.009289,-3.775497,0.727237,False
COMI,2016-09-05,20,17.958055,19.317801,7.57179,-3.775497,9.025054,False
COMI,2023-02-06,3,48.072727,53.627273,11.554463,0.0,11.573374,False
COMI,2023-02-06,5,48.072727,50.918182,5.919062,0.0,11.573374,False
COMI,2023-02-06,10,48.072727,48.363636,0.605144,-0.434947,11.573374,False
COMI,2023-02-06,20,48.072727,48.363636,0.605144,-1.626324,11.573374,False
COPR,2009-06-29,3,0.105118,0.143451,36.46708,-3.368552,44.892955,False
COPR,2009-06-29,5,0.105118,0.137755,31.04849,-3.368552,44.892955,False
COPR,2009-06-29,10,0.105118,0.137528,30.831758,-3.368552,44.892955,False
COPR,2009-06-29,20,0.105118,0.173602,65.149492,-3.368552,71.778296,False
COPR,2009-10-26,3,0.290982,0.244413,-16.004227,-20.869316,-0.863983,False
COPR,2009-10-26,5,0.290982,0.219078,-24.710821,-28.592225,-0.863983,False
COPR,2009-10-26,10,0.290982,0.238998,-17.865129,-30.852131,-0.863983,False
COPR,2009-10-26,20,0.290982,0.167557,-42.416545,-46.470786,-0.863983,False
CPCI,2017-03-30,3,20.24,21.2,4.743083,2.766798,9.011858,False
CPCI,2017-03-30,5,20.24,21.568,6.561265,2.766798,9.011858,False
CPCI,2017-03-30,10,20.24,22.264,10.0,2.766798,15.810277,False
CPCI,2017-03-30,20,20.24,23.528,16.245059,2.766798,26.482213,False
CPCI,2017-07-20,3,29.592,29.592,0.0,-2.676399,3.406326,False
CPCI,2017-07-20,5,29.592,29.0,-2.000541,-2.676399,3.406326,False
CPCI,2017-07-20,10,29.592,31.056,4.947283,-2.676399,9.489051,False
CPCI,2017-07-20,20,29.592,27.2,-8.083266,-8.083266,9.489051,False
CPCI,2025-08-25,3,215.48,215.97,0.227399,-0.686839,3.489883,False
CPCI,2025-08-25,5,215.48,216.58,0.510488,-0.686839,3.489883,False
CPCI,2025-08-25,10,215.48,228.83,6.195471,-0.686839,11.379246,False
CPCI,2025-08-25,20,215.48,222.41,3.216076,-0.686839,11.379246,False
CSAG,2022-08-25,3,8.646667,8.353333,-3.392444,-3.623747,-0.231303,False
CSAG,2022-08-25,5,8.646667,8.726667,0.925212,-5.165767,1.387818,False
CSAG,2022-08-25,10,8.646667,9.56,10.562837,-5.165767,13.723978,False
CSAG,2022-08-25,20,8.646667,8.313333,-3.85505,-5.165767,13.723978,False
DSCW,2022-12-04,3,0.26,0.286667,10.25641,-2.564103,12.820513,False
DSCW,2022-12-04,5,0.26,0.293333,12.820513,-2.564103,20.512821,False
DSCW,2022-12-04,10,0.26,0.353333,35.897436,-2.564103,38.461538,False
DSCW,2022-12-04,20,0.26,0.346667,33.333333,-2.564103,38.461538,False
DSCW,2023-10-04,3,0.42,0.413333,-1.587302,-4.761905,0.0,False
DSCW,2023-10-04,5,0.42,0.413333,-1.587302,-4.761905,0.0,False
DSCW,2023-10-04,10,0.42,0.42,0.0,-4.761905,1.587302,False
DSCW,2023-10-04,20,0.42,0.446667,6.349206,-4.761905,7.936508,False
DTPP,2020-08-26,3,14.08,14.84,5.397727,-4.119318,6.534091,False
DTPP,2020-08-26,5,14.08,14.84,5.397727,-4.119318,6.534091,False
DTPP,2020-08-26,10,14.08,15.04,6.818182,-4.119318,9.872159,False
DTPP,2020-08-26,20,14.08,14.56,3.409091,-4.119318,9.872159,False
DTPP,2020-08-27,3,14.08,14.84,5.397727,-4.119318,6.534091,False
DTPP,2020-08-27,5,14.08,15.0,6.534091,-4.119318,6.534091,False
DTPP,2020-08-27,10,14.08,15.04,6.818182,-4.119318,9.872159,False
DTPP,2020-08-27,20,14.08,14.56,3.409091,-4.119318,9.872159,False
DTPP,2020-08-30,3,14.08,14.84,5.397727,-0.284091,6.534091,False
DTPP,2020-08-30,5,14.08,15.07,7.03125,-0.284091,9.872159,False
DTPP,2020-08-30,10,14.08,15.04,6.818182,-0.284091,9.872159,False
DTPP,2020-08-30,20,14.08,14.56,3.409091,-0.568182,9.872159,False
DTPP,2020-08-31,3,14.84,15.0,1.078167,-5.390836,1.078167,False
DTPP,2020-08-31,5,14.84,15.04,1.347709,-5.390836,4.245283,False
DTPP,2020-08-31,10,14.84,15.04,1.347709,-5.660377,4.245283,False
DTPP,2020-08-31,20,14.84,14.56,-1.886792,-5.660377,4.245283,False
EALR,2013-10-22,3,16.34,14.48,-11.383109,-11.413709,4.95716,False
EALR,2013-10-22,5,16.34,14.4,-11.872705,-15.758874,4.95716,False
EALR,2013-10-22,10,16.34,16.155,-1.132191,-15.758874,4.95716,False
EALR,2013-10-22,20,16.34,13.235,-19.002448,-19.828641,4.95716,False
EALR,2013-10-23,3,16.57,14.475,-12.643331,-16.928183,-2.685576,False
EALR,2013-10-23,5,16.57,14.215,-14.212432,-16.928183,-2.685576,False
EALR,2013-10-23,10,16.57,16.335,-1.418226,-16.928183,2.353651,False
EALR,2013-10-23,20,16.57,13.005,-21.514786,-21.544961,2.353651,False
EALR,2014-02-26,3,15.705,14.97,-4.680038,-4.839223,4.711875,False
EALR,2014-02-26,5,15.705,14.53,-7.481694,-10.347023,4.711875,False
EALR,2014-02-26,10,15.705,15.285,-2.674308,-10.665393,4.711875,False
EALR,2014-02-26,20,15.705,12.38,-21.171601,-21.776504,4.775549,False
EALR,2020-11-10,3,20.52,20.43,-0.438596,-4.97076,16.7154,False
EALR,2020-11-10,5,20.52,18.24,-11.111111,-15.838207,16.7154,False
EALR,2020-11-10,10,20.52,18.16,-11.500975,-20.321637,16.7154,False
EALR,2020-11-10,20,20.52,16.16,-21.247563,-28.021442,16.7154,False
EAST,2018-03-05,3,18.473961,21.163834,14.560346,0.0,21.246803,False
EAST,2018-03-05,5,18.473961,19.43699,5.212897,0.0,21.246803,False
EAST,2018-03-05,10,18.473961,20.278112,9.765911,0.0,21.246803,False
EAST,2018-03-05,20,18.473961,18.952998,2.593036,0.0,21.246803,False
EAST,2025-08-24,3,37.84,39.0,3.065539,-2.219873,3.065539,False
EAST,2025-08-24,5,37.84,37.99,0.396406,-2.219873,3.065539,False
EAST,2025-08-24,10,37.84,37.18,-1.744186,-3.012685,3.065539,False
EAST,2025-08-24,20,37.84,42.0,10.993658,-3.012685,10.993658,False
EBSC,2023-11-20,3,0.39,0.39,0.0,-5.128205,5.128205,False
EBSC,2023-11-20,5,0.39,0.39,0.0,-5.128205,5.128205,False
EBSC,2023-11-20,10,0.39,0.37,-5.128205,-12.820513,5.128205,False
EBSC,2023-11-20,20,0.39,0.35,-10.25641,-12.820513,5.128205,False
EDFM,2018-07-31,3,133.0,142.91,7.451128,-0.330827,15.037594,False
EDFM,2018-07-31,5,133.0,138.77,4.338346,-0.330827,15.037594,False
EDFM,2018-07-31,10,133.0,143.36,7.789474,-0.330827,15.037594,False
EDFM,2018-07-31,20,133.0,136.47,2.609023,-2.067669,15.037594,False
EDFM,2018-08-01,3,138.52,142.91,3.169217,-4.165463,10.453364,False
EDFM,2018-08-01,5,138.52,137.28,-0.895178,-4.165463,10.453364,False
EDFM,2018-08-01,10,138.52,143.36,3.49408,-4.165463,10.453364,False
EDFM,2018-08-01,20,138.52,136.47,-1.479931,-5.970257,10.453364,False
EDFM,2026-05-17,3,342.04,333.94,-2.368144,-3.487896,0.573032,False
EDFM,2026-05-17,5,342.04,331.05,-3.213074,-3.520056,0.573032,False
EDFM,2026-05-17,10,342.04,338.32,-1.087592,-6.385218,0.833236,False
EDFM,2026-05-17,20,342.04,332.0,-2.935329,-6.385218,3.789031,False
EFID,2025-11-12,3,23.99,23.5,-2.042518,-14.25594,1.667361,False
EFID,2025-11-12,5,23.99,23.34,-2.709462,-14.25594,1.667361,False
EFID,2025-11-12,10,23.99,22.08,-7.961651,-14.25594,1.667361,False
EFID,2025-11-12,20,23.99,25.3,5.460609,-14.25594,8.336807,False
EGAL,2016-11-30,3,4.224273,4.090909,-3.157079,-3.157079,0.357243,False
EGAL,2016-11-30,5,4.224273,4.045455,-4.233112,-5.668539,0.357243,False
EGAL,2016-11-30,10,4.224273,3.990909,-5.524351,-13.200766,0.357243,False
EGAL,2016-11-30,20,4.224273,4.242455,0.430413,-13.200766,0.430413,False
EGBE,2026-01-19,3,0.342683,0.342683,0.0,0.0,2.857143,False
EGBE,2026-01-19,5,0.342683,0.362265,5.714286,0.0,8.571429,False
EGBE,2026-01-19,10,0.342683,0.391638,14.285714,0.0,14.285714,False
EGBE,2026-01-19,20,0.342683,0.42101,22.857143,0.0,22.857143,False
EGCH,2011-01-24,3,9.021057,5.846526,-35.190232,-35.190232,-3.61556,False
EGCH,2011-01-24,5,9.021057,5.973366,-33.784188,-41.670374,-3.61556,False
EGCH,2011-01-24,10,9.021057,8.49558,-5.825002,-41.670374,4.124789,False
EGCH,2011-01-24,20,9.021057,7.645935,-15.243468,-41.670374,4.124789,False
EGCH,2017-03-02,3,4.619991,4.550517,-1.503759,-5.263158,0.148872,False
EGCH,2017-03-02,5,4.619991,4.501886,-2.556391,-5.263158,3.757895,False
EGCH,2017-03-02,10,4.619991,4.710306,1.954887,-6.015038,4.360902,False
EGCH,2017-03-02,20,4.619991,4.467218,-3.306767,-6.015038,4.360902,False
EGCH,2023-11-08,3,10.591721,10.307167,-2.686567,-2.985075,2.761194,False
EGCH,2023-11-08,5,10.591721,10.378305,-2.014925,-3.507463,2.761194,False
EGCH,2023-11-08,10,10.591721,10.141177,-4.253731,-4.850746,2.761194,False
EGCH,2023-11-08,20,10.591721,9.643208,-8.955224,-17.686567,2.761194,False
EGCH,2023-11-09,3,10.81304,10.27555,-4.97076,-5.482456,-1.315789,False
EGCH,2023-11-09,5,10.81304,10.370401,-4.093567,-5.482456,-0.584795,False
EGCH,2023-11-09,10,10.81304,10.156986,-6.067251,-8.552632,-0.584795,False
EGCH,2023-11-09,20,10.81304,9.524644,-11.915205,-19.371345,-0.584795,False
EGTS,2018-04-16,3,2.22,2.2,-0.900901,-4.054054,3.603604,False
EGTS,2018-04-16,5,2.22,2.41,8.558559,-4.054054,10.810811,False
EGTS,2018-04-16,10,2.22,2.19,-1.351351,-4.054054,11.261261,False
EGTS,2018-04-16,20,2.22,2.18,-1.801802,-4.504505,11.261261,False
ELNA,2019-09-30,3,40.67,37.99,-6.589624,-10.867962,2.778461,False
ELNA,2019-09-30,5,40.67,36.47,-10.327022,-18.834522,2.778461,False
ELNA,2019-09-30,10,40.67,33.03,-18.785345,-25.325793,2.778461,False
ELNA,2019-09-30,20,40.67,35.96,-11.581018,-25.325793,2.778461,False
ELSH,2017-11-14,3,3.381333,3.744,10.725552,1.26183,12.776025,False
ELSH,2017-11-14,5,3.381333,4.229333,25.078864,1.26183,27.287066,False
ELSH,2017-11-14,10,3.381333,4.762667,40.851735,1.26183,52.839117,False
ELSH,2017-11-14,20,3.381333,4.314667,27.602524,1.26183,52.839117,False
ELSH,2023-01-03,3,7.37,7.28,-1.221167,-5.020353,2.849389,False
ELSH,2023-01-03,5,7.37,6.88,-6.648575,-7.191316,2.849389,False
ELSH,2023-01-03,10,7.37,8.45,14.654003,-9.497965,16.689281,False
ELSH,2023-01-03,20,7.37,6.9,-6.377205,-9.497965,20.488467,False
EMFD,2023-11-05,3,3.54,3.67,3.672316,0.0,5.932203,False
EMFD,2023-11-05,5,3.54,3.75,5.932203,0.0,8.757062,False
EMFD,2023-11-05,10,3.54,3.75,5.932203,0.0,8.757062,False
EMFD,2023-11-05,20,3.54,4.14,16.949153,0.0,18.079096,False
EMFD,2025-03-23,3,8.8,8.32,-5.454545,-8.977273,0.681818,False
EMFD,2025-03-23,5,8.8,8.3,-5.681818,-8.977273,0.681818,False
EMFD,2025-03-23,10,8.8,8.32,-5.454545,-13.409091,0.681818,False
EMFD,2025-03-23,20,8.8,8.9,1.136364,-14.318182,3.409091,False
EPCO,2014-07-03,3,3.99,3.92,-1.754386,-4.010025,1.754386,False
EPCO,2014-07-03,5,3.99,3.83,-4.010025,-5.513784,1.754386,False
EPCO,2014-07-03,10,3.99,3.79,-5.012531,-6.516291,1.754386,False
EPCO,2014-07-03,20,3.99,4.42,10.776942,-7.769424,14.536341,False
EPCO,2020-07-13,3,1.926,1.634,-15.160955,-16.874351,0.207684,False
EPCO,2020-07-13,5,1.926,1.803,-6.386293,-18.483904,0.207684,False
EPCO,2020-07-13,10,1.926,2.01,4.361371,-18.483904,7.995846,False
EPCO,2020-07-13,20,1.926,2.2,14.226376,-18.483904,19.937695,False
EPCO,2020-10-15,3,3.6,4.15,15.277778,0.833333,21.666667,False
EPCO,2020-10-15,5,3.6,3.6,0.0,-5.277778,21.666667,False
EPCO,2020-10-15,10,3.6,3.67,1.944444,-11.111111,21.666667,False
EPCO,2020-10-15,20,3.6,3.78,5.0,-11.111111,21.666667,False
ETEL,2017-01-03,3,12.28,13.61,10.830619,1.058632,13.192182,False
ETEL,2017-01-03,5,12.28,13.32,8.469055,1.058632,14.413681,False
ETEL,2017-01-03,10,12.28,12.19,-0.732899,-4.641694,14.413681,False
ETEL,2017-01-03,20,12.28,12.84,4.560261,-4.641694,14.413681,False
ETEL,2021-07-12,3,13.46,13.84,2.82318,-0.445765,4.680535,False
ETEL,2021-07-12,5,13.46,13.82,2.674591,-0.445765,4.680535,False
ETEL,2021-07-12,10,13.46,14.0,4.011887,-0.445765,6.612184,False
ETEL,2021-07-12,20,13.46,14.88,10.549777,-0.445765,14.041605,False
EXPA,2014-03-05,3,2.525505,2.609659,3.332185,-1.446651,4.332174,False
EXPA,2014-03-05,5,2.525505,2.584489,2.33553,-1.446651,4.332174,False
EXPA,2014-03-05,10,2.525505,2.545035,0.773325,-1.446651,4.332174,False
EXPA,2014-03-05,20,2.525505,2.390756,-5.335496,-8.003244,4.332174,False
EXPA,2014-03-10,3,2.598323,2.584489,-0.53242,-2.694501,1.297032,False
EXPA,2014-03-10,5,2.598323,2.556372,-1.614541,-2.694501,1.297032,False
EXPA,2014-03-10,10,2.598323,2.57318,-0.967644,-2.694501,1.297032,False
EXPA,2014-03-10,20,2.598323,2.503056,-3.666465,-10.581451,1.297032,False
FAIT,2022-12-27,3,22.971429,24.742857,7.711443,-0.497512,8.208955,False
FAIT,2022-12-27,5,22.971429,25.6,11.442786,-8.374793,13.598673,False
FAIT,2022-12-27,10,22.971429,25.647619,11.650083,-8.374793,13.723051,False
FAIT,2022-12-27,20,22.971429,26.438095,15.091211,-8.374793,15.878939,False
FAIT,2022-12-28,3,23.914286,25.266667,5.655117,-0.039825,5.933891,False
FAIT,2022-12-28,5,23.914286,25.733333,7.606531,-11.987256,9.239347,False
FAIT,2022-12-28,10,23.914286,25.685714,7.407407,-11.987256,9.239347,False
FAIT,2022-12-28,20,23.914286,26.038095,8.880924,-11.987256,11.310235,False
FAITA,2013-01-14,3,0.69792,0.666289,-4.532181,-5.33088,-1.328053,False
FAITA,2013-01-14,5,0.69792,0.654229,-6.26025,-11.863141,-1.328053,False
FAITA,2013-01-14,10,0.69792,0.67097,-3.861488,-11.863141,-1.328053,False
FAITA,2013-01-14,20,0.69792,0.667229,-4.397509,-11.863141,0.0,False
FWRY,2025-05-15,3,10.14,10.67,5.226824,-2.366864,5.424063,False
FWRY,2025-05-15,5,10.14,11.5,13.412229,-2.366864,14.990138,False
FWRY,2025-05-15,10,10.14,11.41,12.524655,-2.366864,17.850099,False
FWRY,2025-05-15,20,10.14,10.62,4.733728,-2.366864,17.850099,False
FWRY,2026-02-05,3,19.0,19.99,5.210526,0.0,5.526316,False
FWRY,2026-02-05,5,19.0,19.89,4.684211,0.0,5.684211,False
FWRY,2026-02-05,10,19.0,19.59,3.105263,0.0,13.526316,False
FWRY,2026-02-05,20,19.0,18.2,-4.210526,-11.526316,13.526316,False
GGCC,2025-05-22,3,0.359999,0.359999,0.0,-3.703704,1.851852,False
GGCC,2025-05-22,5,0.359999,0.373332,3.703704,-3.703704,5.555556,False
GGCC,2025-05-22,10,0.359999,0.373332,3.703704,-3.703704,9.259259,False
GGCC,2025-05-22,20,0.359999,0.346666,-3.703704,-16.666667,9.259259,False
GGCC,2025-05-25,3,0.359999,0.353332,-1.851852,-3.703704,0.0,False
GGCC,2025-05-25,5,0.359999,0.379999,5.555556,-3.703704,9.259259,False
GGCC,2025-05-25,10,0.359999,0.373332,3.703704,-3.703704,9.259259,False
GGCC,2025-05-25,20,0.359999,0.346666,-3.703704,-16.666667,9.259259,False
GIHD,2023-11-06,3,23.05,22.24,-3.5141,-8.416486,6.724512,False
GIHD,2023-11-06,5,23.05,21.76,-5.596529,-8.416486,6.724512,False
GIHD,2023-11-06,10,23.05,22.78,-1.171367,-8.416486,6.724512,False
GIHD,2023-11-06,20,23.05,22.59,-1.995662,-8.416486,18.872017,False
GSSC,2014-02-18,3,11.028571,10.422857,-5.492228,-6.736269,3.88601,False
GSSC,2014-02-18,5,11.028571,10.125657,-8.187047,-11.91658,3.88601,False
GSSC,2014-02-18,10,11.028571,9.828571,-10.880829,-12.435233,3.88601,False
GSSC,2014-02-18,20,11.028571,10.297143,-6.632124,-12.435233,3.88601,False
GSSC,2023-11-08,3,90.5715,92.957214,2.634067,-3.785486,5.473182,False
GSSC,2023-11-08,5,90.5715,94.400071,4.227126,-3.785486,5.678229,False
GSSC,2023-11-08,10,90.5715,100.042929,10.457405,-3.785486,30.039408,False
GSSC,2023-11-08,20,90.5715,127.63,40.916293,-3.785486,48.887895,False
HRHO,2010-12-09,3,7.486885,7.308383,-2.384192,-2.855574,0.382976,False
HRHO,2010-12-09,5,7.486885,7.293,-2.589666,-4.327046,0.382976,False
HRHO,2010-12-09,10,7.486885,7.515558,0.382976,-4.327046,1.029443,False
HRHO,2010-12-09,20,7.486885,7.667636,2.414236,-4.327046,5.034637,False
HRHO,2016-07-11,3,4.497111,4.557733,1.348026,-3.876069,3.117063,False
HRHO,2016-07-11,5,4.497111,4.485733,-0.253002,-3.876069,3.117063,False
HRHO,2016-07-11,10,4.497111,4.906267,9.098186,-3.959085,13.648268,False
HRHO,2016-07-11,20,4.497111,4.974444,10.614221,-3.959085,15.66833,False
HRHO,2016-09-01,3,4.800133,4.7244,-1.577734,-3.392498,3.395276,False
HRHO,2016-09-01,5,4.800133,4.66,-2.919363,-3.392498,3.395276,False
HRHO,2016-09-01,10,4.800133,4.648667,-3.155468,-4.655426,3.395276,False
HRHO,2016-09-01,20,4.800133,5.137333,7.024805,-4.655426,10.81544,False
HRHO,2016-09-05,3,4.929067,4.678933,-5.074659,-5.919534,-0.693392,False
HRHO,2016-09-05,5,4.929067,4.614578,-6.380293,-7.149427,-0.693392,False
HRHO,2016-09-05,10,4.929067,4.682711,-4.998016,-7.149427,-0.693392,False
HRHO,2016-09-05,20,4.929067,5.391244,9.376578,-7.149427,11.067229,False
ICID,2015-12-22,3,0.735613,0.704277,-4.259809,-7.612949,-0.363211,False
ICID,2015-12-22,5,0.735613,0.71028,-3.443716,-7.612949,-0.363211,False
ICID,2015-12-22,10,0.735613,0.616333,-16.214992,-16.667874,-0.363211,False
ICID,2015-12-22,20,0.735613,0.541002,-26.455563,-34.242419,-0.363211,False
IFAP,2024-09-23,3,4.996181,4.927123,-1.382228,-1.513806,0.986836,False
IFAP,2024-09-23,5,4.996181,4.881106,-2.303274,-2.500641,0.986836,False
IFAP,2024-09-23,10,4.996181,4.743087,-5.065756,-7.23811,0.986836,False
IFAP,2024-09-23,20,4.996181,5.863901,17.367649,-7.23811,21.051835,False
IFAP,2025-04-16,3,11.319399,11.709723,3.448276,-1.034483,4.482759,False
IFAP,2025-04-16,5,11.319399,11.865853,4.827586,-1.034483,6.0,False
IFAP,2025-04-16,10,11.319399,11.452109,1.172414,-1.034483,6.0,False
IFAP,2025-04-16,20,11.319399,12.646501,11.724138,-1.034483,11.724138,False
INFI,2020-03-05,3,11.022021,11.027668,0.05123,-4.098361,17.571721,False
INFI,2020-03-05,5,11.022021,9.683794,-12.141393,-12.141393,17.571721,False
INFI,2020-03-05,10,11.022021,6.166008,-44.057377,-48.053279,17.571721,False
INFI,2020-03-05,20,11.022021,6.06437,-44.979508,-49.385246,17.571721,False
IRON,2012-10-01,3,3.810082,3.878155,1.786647,-6.213214,8.510083,False
IRON,2012-10-01,5,3.810082,3.320436,-12.851322,-16.085049,8.510083,False
IRON,2012-10-01,10,3.810082,3.797144,-0.339567,-18.723226,8.510083,False
IRON,2012-10-01,20,3.810082,3.492277,-8.34117,-18.723226,8.510083,False
ISMA,2020-03-26,3,3.57,4.22,18.207283,12.044818,28.011204,False
ISMA,2020-03-26,5,3.57,4.1,14.845938,6.442577,28.011204,False
ISMA,2020-03-26,10,3.57,4.34,21.568627,6.442577,28.011204,False
ISMA,2020-03-26,20,3.57,3.98,11.484594,1.960784,30.532213,False
ISMA,2020-03-30,3,4.23,3.88,-8.274232,-10.165485,8.037825,False
ISMA,2020-03-30,5,4.23,4.16,-1.654846,-10.165485,8.037825,False
ISMA,2020-03-30,10,4.23,4.31,1.891253,-10.165485,8.037825,False
ISMA,2020-03-30,20,4.23,4.01,-5.200946,-13.947991,10.165485,False
ISMA,2020-03-31,3,4.47,4.1,-8.277405,-14.988814,0.671141,False
ISMA,2020-03-31,5,4.47,4.34,-2.908277,-14.988814,0.894855,False
ISMA,2020-03-31,10,4.47,4.48,0.223714,-14.988814,4.250559,False
ISMA,2020-03-31,20,4.47,3.93,-12.080537,-18.568233,4.250559,False
ISMA,2023-11-02,3,12.7,12.73,0.23622,-0.708661,4.330709,False
ISMA,2023-11-02,5,12.7,11.9,-6.299213,-7.874016,4.330709,False
ISMA,2023-11-02,10,12.7,12.79,0.708661,-10.314961,4.330709,False
ISMA,2023-11-02,20,12.7,12.36,-2.677165,-10.314961,5.11811,False
ISPH,2023-12-13,3,3.34,3.25,-2.694611,-4.191617,2.39521,False
ISPH,2023-12-13,5,3.34,3.18,-4.790419,-5.08982,2.39521,False
ISPH,2023-12-13,10,3.34,3.14,-5.988024,-13.173653,2.39521,False
ISPH,2023-12-13,20,3.34,3.3,-1.197605,-13.173653,2.39521,False
JUFO,2017-11-27,3,7.856,7.76,-1.221996,-2.138493,3.869654,False
JUFO,2017-11-27,5,7.856,7.752,-1.323829,-5.09165,3.869654,False
JUFO,2017-11-27,10,7.856,8.88,13.034623,-5.09165,15.885947,False
JUFO,2017-11-27,20,7.856,8.576,9.164969,-5.09165,17.107943,False
KABO,2012-10-10,3,0.718085,0.670739,-6.593407,-9.89011,-1.098901,False
KABO,2012-10-10,5,0.718085,0.694412,-3.296703,-9.89011,-1.098901,False
KABO,2012-10-10,10,0.718085,0.718085,0.0,-9.89011,3.296703,False
KABO,2012-10-10,20,0.718085,0.615581,-14.274725,-16.494505,5.494505,False
KABO,2025-05-06,3,6.24,5.87,-5.929487,-6.730769,1.282051,False
KABO,2025-05-06,5,6.24,6.02,-3.525641,-6.730769,1.282051,False
KABO,2025-05-06,10,6.24,6.05,-3.044872,-6.730769,2.884615,False
KABO,2025-05-06,20,6.24,6.13,-1.762821,-6.730769,2.884615,False
LCSW,2023-11-22,3,17.5104,16.656,-4.879386,-5.04386,0.60307,False
LCSW,2023-11-22,5,17.5104,17.4624,-0.274123,-5.427632,2.796053,False
LCSW,2023-11-22,10,17.5104,16.1568,-7.730263,-7.894737,14.583333,False
LCSW,2023-11-22,20,17.5104,16.5504,-5.482456,-11.184211,14.583333,False
MAAL,2023-10-01,3,0.91,0.82,-9.89011,-13.186813,0.0,False
MAAL,2023-10-01,5,0.91,0.86,-5.494505,-13.186813,0.0,False
MAAL,2023-10-01,10,0.91,0.88,-3.296703,-13.186813,0.0,False
MAAL,2023-10-01,20,0.91,1.19,30.769231,-13.186813,49.450549,False
MASR,2005-02-24,3,0.584169,0.608318,4.133839,-3.949112,5.841818,False
MASR,2005-02-24,5,0.584169,0.563454,-3.546072,-5.434686,5.841818,False
MASR,2005-02-24,10,0.584169,0.518462,-11.247998,-12.505804,5.841818,False
MASR,2005-02-24,20,0.584169,0.505854,-13.406293,-29.436295,5.841818,False
MASR,2012-10-11,3,1.328457,1.399518,5.34917,-0.759133,7.091341,False
MASR,2012-10-11,5,1.328457,1.378217,3.745713,-0.759133,7.091341,False
MASR,2012-10-11,10,1.328457,1.465857,10.342859,-0.759133,12.756297,False
MASR,2012-10-11,20,1.328457,1.394239,4.951762,-1.827362,12.756297,False
MASR,2023-12-18,3,4.34,4.02,-7.373272,-7.834101,1.843318,False
MASR,2023-12-18,5,4.34,3.85,-11.290323,-13.133641,1.843318,False
MASR,2023-12-18,10,4.34,4.17,-3.917051,-13.133641,1.843318,False
MASR,2023-12-18,20,4.34,4.2,-3.225806,-13.133641,2.073733,False
MASR,2026-06-01,3,7.13,6.95,-2.524544,-2.805049,0.981767,False
MASR,2026-06-01,5,7.13,6.9,-3.225806,-6.030856,0.981767,False
MASR,2026-06-01,10,7.13,7.13,0.0,-8.274895,2.805049,False
MASR,2026-06-01,20,7.13,7.3,2.384292,-8.274895,7.854137,False
MBEG,2026-01-18,3,4.25,4.19,-1.411765,-4.235294,4.0,False
MBEG,2026-01-18,5,4.25,4.11,-3.294118,-12.941176,4.0,False
MBEG,2026-01-18,10,4.25,3.9,-8.235294,-12.941176,4.0,False
MBEG,2026-01-18,20,4.25,4.27,0.470588,-12.941176,14.117647,False
MCQE,2025-06-16,3,42.54,49.47,16.29055,0.0,21.062529,False
MCQE,2025-06-16,5,42.54,49.05,15.303244,0.0,21.062529,False
MCQE,2025-06-16,10,42.54,53.7,26.234133,0.0,39.844852,False
MCQE,2025-06-16,20,42.54,53.8,26.469205,0.0,39.844852,False
MCQE,2025-08-13,3,79.1,86.52,9.380531,-2.022756,11.125158,False
MCQE,2025-08-13,5,79.1,86.5,9.355247,-2.022756,12.389381,False
MCQE,2025-08-13,10,79.1,83.73,5.85335,-2.022756,18.141593,False
MCQE,2025-08-13,20,79.1,75.07,-5.094817,-10.619469,18.141593,False
MEDP,2024-03-04,3,2.21,2.64,19.457014,-0.452489,22.171946,False
MEDP,2024-03-04,5,2.21,2.52,14.027149,-0.452489,30.316742,False
MEDP,2024-03-04,10,2.21,2.44,10.40724,-8.144796,30.316742,False
MEDP,2024-03-04,20,2.21,1.9,-14.027149,-21.266968,30.316742,False
MEDP,2024-03-17,3,2.49,2.35,-5.62249,-10.040161,6.024096,False
MEDP,2024-03-17,5,2.49,2.33,-6.425703,-10.040161,6.024096,False
MEDP,2024-03-17,10,2.49,1.81,-27.309237,-27.710843,6.425703,False
MEDP,2024-03-17,20,2.49,1.57,-36.947791,-41.767068,6.425703,False
MENA,2017-11-09,3,0.667219,0.690907,3.550296,-5.325444,6.508876,False
MENA,2017-11-09,5,0.667219,0.647518,-2.952663,-5.325444,6.508876,False
MENA,2017-11-09,10,0.667219,0.754115,13.023669,-5.325444,18.343195,False
MENA,2017-11-09,20,0.667219,0.872517,30.769231,-5.325444,42.017751,False
MEPA,2021-02-21,3,0.744175,0.762518,2.464789,-3.521127,5.633803,False
MEPA,2021-02-21,5,0.744175,0.708364,-4.812207,-6.455399,5.633803,False
MEPA,2021-02-21,10,0.744175,0.716225,-3.755869,-7.746479,5.633803,False
MEPA,2021-02-21,20,0.744175,0.80619,8.333333,-7.746479,16.784038,False
MEPA,2024-03-04,3,2.21,2.64,19.457014,-0.452489,22.171946,False
MEPA,2024-03-04,5,2.21,2.52,14.027149,-0.452489,30.316742,False
MEPA,2024-03-04,10,2.21,2.44,10.40724,-8.144796,30.316742,False
MEPA,2024-03-04,20,2.21,1.9,-14.027149,-21.266968,30.316742,False
MEPA,2024-03-17,3,2.49,2.35,-5.62249,-10.040161,6.024096,False
MEPA,2024-03-17,5,2.49,2.33,-6.425703,-10.040161,6.024096,False
MEPA,2024-03-17,10,2.49,1.81,-27.309237,-27.710843,6.425703,False
MEPA,2024-03-17,20,2.49,1.567,-37.068273,-41.767068,6.425703,False
MFSC,2018-05-16,3,7.12,7.0,-1.685393,-1.685393,2.52809,False
MFSC,2018-05-16,5,7.12,7.0,-1.685393,-3.089888,2.52809,False
MFSC,2018-05-16,10,7.12,7.0,-1.685393,-10.814607,2.52809,False
MFSC,2018-05-16,20,7.12,7.3,2.52809,-10.814607,3.932584,False
MICH,2023-11-08,3,25.593307,24.713308,-3.438395,-14.040115,2.370409,False
MICH,2023-11-08,5,25.593307,24.546641,-4.089607,-14.040115,2.370409,False
MICH,2023-11-08,10,25.593307,25.873306,1.094035,-14.040115,10.705913,False
MICH,2023-11-08,20,25.593307,25.12664,-1.823392,-14.040115,10.705913,False
MILS,2014-03-04,3,28.38,27.92,-1.62086,-2.219873,3.206483,False
MILS,2014-03-04,5,28.38,28.08,-1.057082,-2.501762,3.206483,False
MILS,2014-03-04,10,28.38,28.92,1.902748,-2.501762,6.765328,False
MILS,2014-03-04,20,28.38,27.51,-3.065539,-8.386187,6.765328,False
MILS,2014-03-05,3,28.93,27.87,-3.664017,-4.251642,-2.4542,False
MILS,2014-03-05,5,28.93,28.08,-2.938127,-4.35534,-1.140684,False
MILS,2014-03-05,10,28.93,28.0,-3.214656,-4.35534,4.735569,False
MILS,2014-03-05,20,28.93,27.78,-3.975112,-10.127895,4.735569,False
MILS,2021-08-17,3,34.04,32.12,-5.640423,-7.902468,-1.292597,False
MILS,2021-08-17,5,34.04,32.99,-3.084606,-7.902468,-1.292597,False
MILS,2021-08-17,10,34.04,36.59,7.491187,-11.86839,11.927145,False
MILS,2021-08-17,20,34.04,27.6,-18.918919,-29.494712,11.927145,False
MPCI,2026-05-25,3,206.0,209.73,1.81068,-0.796117,2.912621,False
MPCI,2026-05-25,5,206.0,220.0,6.796117,-0.796117,9.174757,False
MPCI,2026-05-25,10,206.0,222.75,8.131068,-0.796117,15.912621,False
MPCI,2026-05-25,20,206.0,238.0,15.533981,-0.796117,24.271845,False
MPCI,2026-06-01,3,211.0,219.48,4.018957,-3.146919,4.165877,False
MPCI,2026-06-01,5,211.0,227.0,7.582938,-3.146919,10.663507,False
MPCI,2026-06-01,10,211.0,219.0,3.791469,-3.146919,13.165877,False
MPCI,2026-06-01,20,211.0,238.17,12.876777,-3.146919,21.327014,False
MTIE,2023-05-08,3,3.2,3.2512,1.6,0.0,8.0,False
MTIE,2023-05-08,5,3.2,3.15392,-1.44,-1.6,8.0,False
MTIE,2023-05-08,10,3.2,3.13856,-1.92,-10.4,8.0,False
MTIE,2023-05-08,20,3.2,3.49184,9.12,-10.4,21.44,False
NAHO,2012-10-03,3,0.26296,0.247934,-5.714286,-8.542857,0.0,False
NAHO,2012-10-03,5,0.26296,0.255447,-2.857143,-8.542857,0.0,False
NAHO,2012-10-03,10,0.26296,0.247934,-5.714286,-8.542857,0.0,False
NAHO,2012-10-03,20,0.26296,0.225394,-14.285714,-14.285714,2.857143,False
NAHO,2012-10-10,3,0.26296,0.247934,-5.714286,-5.714286,0.0,False
NAHO,2012-10-10,5,0.26296,0.255447,-2.857143,-5.714286,0.0,False
NAHO,2012-10-10,10,0.26296,0.26296,0.0,-5.714286,2.857143,False
NAHO,2012-10-10,20,0.26296,0.225394,-14.285714,-17.114286,2.857143,False
NAHO,2012-10-24,3,0.26296,0.255447,-2.857143,-2.857143,2.857143,False
NAHO,2012-10-24,5,0.26296,0.240496,-8.542857,-11.428571,2.857143,False
NAHO,2012-10-24,10,0.26296,0.225394,-14.285714,-17.114286,2.857143,False
NAHO,2012-10-24,20,0.26296,0.225394,-14.285714,-17.114286,2.857143,False
NINH,2011-05-19,3,0.337995,0.358591,6.093563,-3.150333,7.049788,False
NINH,2011-05-19,5,0.337995,0.349559,3.421342,-3.150333,8.384715,False
NINH,2011-05-19,10,0.337995,0.357723,5.836755,-3.150333,12.920863,False
NINH,2011-05-19,20,0.337995,0.327475,-3.112463,-5.329057,12.920863,False
NINH,2021-02-18,3,19.124974,19.288099,0.852941,-0.735294,8.235294,False
NINH,2021-02-18,5,19.124974,19.338724,1.117647,-0.735294,8.235294,False
NINH,2021-02-18,10,19.124974,18.978724,-0.764706,-8.823529,8.235294,False
NINH,2021-02-18,20,19.124974,18.022476,-5.764706,-10.647059,8.235294,False
NIPH,2019-05-20,3,5.423503,5.62209,3.661603,-1.855948,7.373011,False
NIPH,2019-05-20,5,5.423503,5.500274,1.41552,-1.855948,7.373011,False
NIPH,2019-05-20,10,5.423503,5.285771,-2.539538,-9.66841,7.373011,False
NIPH,2019-05-20,20,5.423503,5.015683,-7.519495,-11.523381,7.373011,False
NIPH,2025-09-23,3,79.16,81.91,3.473977,-1.389591,5.356241,False
NIPH,2025-09-23,5,79.16,81.96,3.53714,-1.389591,6.101566,False
NIPH,2025-09-23,10,79.16,100.03,26.364325,-1.389591,40.72764,False
NIPH,2025-09-23,20,79.16,119.0,50.328449,-1.389591,88.858009,False
OBRI,2012-08-13,3,2.15465,2.173666,0.882565,-1.895178,4.669133,False
OBRI,2012-08-13,5,2.15465,2.075729,-3.662833,-5.050441,4.669133,False
OBRI,2012-08-13,10,2.15465,2.268883,5.301701,-5.050441,5.80422,False
OBRI,2012-08-13,20,2.15465,3.218359,49.368064,-5.050441,58.07755,False
OBRI,2012-08-14,3,2.214446,2.094718,-5.4067,-6.018501,-0.734653,False
OBRI,2012-08-14,5,2.214446,2.100186,-5.159769,-7.614344,-0.734653,False
OBRI,2012-08-14,10,2.214446,2.481108,12.041917,-7.614344,12.410472,False
OBRI,2012-08-14,20,2.214446,3.063291,38.332166,-7.614344,53.809015,False
ODIN,2006-12-14,3,1.313467,1.071398,-18.429778,-18.429778,-9.683887,False
ODIN,2006-12-14,5,1.313467,0.920354,-29.929438,-29.929438,-9.683887,False
ODIN,2006-12-14,10,1.313467,1.058184,-19.435786,-33.424252,-9.683887,False
ODIN,2006-12-14,20,1.313467,1.075827,-18.092553,-33.424252,-9.683887,False
ODIN,2022-09-04,3,1.2,1.216667,1.388889,-2.083333,6.25,False
ODIN,2022-09-04,5,1.2,1.333333,11.111111,-2.083333,17.361111,False
ODIN,2022-09-04,10,1.2,0.925,-22.916667,-25.0,17.361111,False
ODIN,2022-09-04,20,1.2,1.166667,-2.777778,-31.25,17.361111,False
OLFI,2021-02-11,3,7.45,7.5,0.671141,-2.684564,1.342282,False
OLFI,2021-02-11,5,7.45,7.5,0.671141,-2.684564,2.281879,False
OLFI,2021-02-11,10,7.45,8.1,8.724832,-2.684564,10.469799,False
OLFI,2021-02-11,20,7.45,7.49,0.536913,-2.684564,10.469799,False
ORAS,2023-06-11,3,119.0,122.94,3.310924,-0.327731,6.722689,False
ORAS,2023-06-11,5,119.0,119.12,0.10084,-0.420168,6.722689,False
ORAS,2023-06-11,10,119.0,123.57,3.840336,-2.521008,6.722689,False
ORAS,2023-06-11,20,119.0,117.69,-1.10084,-2.521008,8.403361,False
ORMT,2023-12-04,3,0.46,0.43,-6.521739,-10.869565,4.347826,False
ORMT,2023-12-04,5,0.46,0.4,-13.043478,-15.217391,4.347826,False
ORMT,2023-12-04,10,0.46,0.43,-6.521739,-15.217391,4.347826,False
ORMT,2023-12-04,20,0.46,0.43,-6.521739,-17.391304,4.347826,False
ORMT,2023-12-05,3,0.46,0.4,-13.043478,-13.043478,2.173913,False
ORMT,2023-12-05,5,0.46,0.39,-15.217391,-15.217391,2.173913,False
ORMT,2023-12-05,10,0.46,0.42,-8.695652,-15.217391,2.173913,False
ORMT,2023-12-05,20,0.46,0.41,-10.869565,-17.391304,2.173913,False
ORMT,2024-12-29,3,0.54,0.56,3.703704,0.0,7.407407,False
ORMT,2024-12-29,5,0.54,0.55,1.851852,0.0,7.407407,False
ORMT,2024-12-29,10,0.54,0.51,-5.555556,-11.111111,7.407407,False
ORMT,2024-12-29,20,0.54,0.54,0.0,-11.111111,7.407407,False
ORWE,2012-10-31,3,3.211997,3.133343,-2.448734,-7.430054,-0.373599,False
ORWE,2012-10-31,5,3.211997,3.103997,-3.362391,-7.430054,-0.373599,False
ORWE,2012-10-31,10,3.211997,3.101343,-3.444998,-7.430054,-0.373599,False
ORWE,2012-10-31,20,3.211997,2.813344,-12.411374,-16.853466,-0.373599,False
ORWE,2016-10-20,3,5.866661,5.579994,-4.886364,-6.818182,-2.272727,False
ORWE,2016-10-20,5,5.866661,5.953327,1.477273,-6.818182,5.340909,False
ORWE,2016-10-20,10,5.866661,6.553326,11.704545,-6.818182,18.181818,False
ORWE,2016-10-20,20,5.866661,7.339992,25.113636,-6.818182,30.681818,False
ORWE,2021-07-04,3,8.49,8.29,-2.355713,-3.415783,1.766784,False
ORWE,2021-07-04,5,8.49,7.9,-6.949352,-9.187279,1.766784,False
ORWE,2021-07-04,10,8.49,8.03,-5.418139,-10.482921,1.766784,False
ORWE,2021-07-04,20,8.49,8.2,-3.415783,-10.482921,1.766784,False
PHAR,2026-06-22,3,89.7,88.5,-1.337793,-4.102564,0.3233,False
PHAR,2026-06-22,5,89.7,84.69,-5.585284,-6.800446,0.3233,False
PHAR,2026-06-22,10,89.7,87.49,-2.463768,-6.800446,0.3233,False
PHAR,2026-06-22,20,89.7,90.7,1.114827,-6.800446,3.121516,False
PHDC,2014-04-17,3,3.124915,3.117123,-0.24937,-3.778338,6.04534,False
PHDC,2014-04-17,5,3.124915,3.219371,3.02267,-3.778338,6.04534,False
PHDC,2014-04-17,10,3.124915,3.32957,6.549118,-3.778338,10.078086,False
PHDC,2014-04-17,20,3.124915,3.424026,9.571788,-3.778338,19.143577,False
PHDC,2025-12-29,3,8.49,8.4,-1.060071,-2.709069,2.120141,False
PHDC,2025-12-29,5,8.49,8.2,-3.415783,-3.533569,2.120141,False
PHDC,2025-12-29,10,8.49,8.57,0.942285,-3.533569,7.067138,False
PHDC,2025-12-29,20,8.49,9.05,6.595995,-3.533569,8.36278,False
PHTV,2014-11-06,3,24.946154,23.969231,-3.916127,-6.197965,4.378662,False
PHTV,2014-11-06,5,24.946154,22.846154,-8.418131,-10.453284,4.378662,False
PHTV,2014-11-06,10,24.946154,23.753846,-4.779525,-10.453284,4.378662,False
PHTV,2014-11-06,20,24.946154,25.776923,3.33025,-10.514955,6.999692,False
PHTV,2017-11-22,3,25.323077,24.730769,-2.339004,-8.869988,2.36938,False
PHTV,2017-11-22,5,25.323077,22.076923,-12.818955,-14.064399,2.36938,False
PHTV,2017-11-22,10,25.323077,20.792308,-17.891859,-17.982989,2.36938,False
PHTV,2017-11-22,20,25.323077,23.661538,-6.561361,-17.982989,2.36938,False
POUL,2024-07-31,3,8.8,7.51,-14.659091,-17.613636,1.136364,False
POUL,2024-07-31,5,8.8,7.93,-9.886364,-17.613636,1.136364,False
POUL,2024-07-31,10,8.8,8.61,-2.159091,-17.613636,11.363636,False
POUL,2024-07-31,20,8.8,9.5,7.954545,-17.613636,11.931818,False
PRCL,2014-01-22,3,5.91,6.47,9.475465,-0.169205,11.844332,False
PRCL,2014-01-22,5,5.91,7.31,23.688663,-0.169205,28.426396,False
PRCL,2014-01-22,10,5.91,8.17,38.240271,-0.169205,42.639594,False
PRCL,2014-01-22,20,5.91,9.27,56.852792,-0.169205,61.590525,False
PRCL,2023-09-12,3,7.1,7.23,1.830986,-3.380282,4.084507,False
PRCL,2023-09-12,5,7.1,6.88,-3.098592,-3.380282,9.014085,False
PRCL,2023-09-12,10,7.1,6.3,-11.267606,-13.098592,9.014085,False
PRCL,2023-09-12,20,7.1,11.0,54.929577,-13.098592,58.309859,False
PRDC,2022-12-27,3,2.19,2.34,6.849315,-0.913242,7.762557,False
PRDC,2022-12-27,5,2.19,2.35,7.305936,-0.913242,11.415525,False
PRDC,2022-12-27,10,2.19,2.17,-0.913242,-4.56621,11.415525,False
PRDC,2022-12-27,20,2.19,2.27,3.652968,-4.56621,11.415525,False
PRDC,2026-05-20,3,5.57,5.7,2.333932,-4.48833,5.206463,False
PRDC,2026-05-20,5,5.57,6.03,8.258528,-4.48833,9.156194,False
PRDC,2026-05-20,10,5.57,6.14,10.233393,-4.48833,13.824057,False
PRDC,2026-05-20,20,5.57,7.16,28.545781,-4.48833,61.579892,False
PRMH,2023-12-14,3,0.779,0.772,-0.898588,-1.155327,5.263158,False
PRMH,2023-12-14,5,0.779,0.73,-6.290116,-8.85751,5.263158,False
PRMH,2023-12-14,10,0.779,0.801,2.824134,-8.85751,6.546855,False
PRMH,2023-12-14,20,0.779,0.822,5.519897,-8.85751,7.445443,False
QNBA,2003-09-22,3,0.814496,0.817117,0.321764,-2.776389,1.182406,False
QNBA,2003-09-22,5,0.814496,0.794815,-2.416357,-3.0552,1.182406,False
QNBA,2003-09-22,10,0.814496,0.871237,6.966355,-4.05017,8.276061,False
QNBA,2003-09-22,20,0.814496,0.91107,11.856862,-4.05017,23.223267,False
QNBA,2010-11-22,3,7.583629,7.5733,-0.136203,-4.421656,0.941576,False
QNBA,2010-11-22,5,7.583629,8.323583,9.757253,-4.421656,14.399499,False
QNBA,2010-11-22,10,7.583629,8.226504,8.477144,-4.421656,14.399499,False
QNBA,2010-11-22,20,7.583629,8.362617,10.271961,-4.421656,14.399499,False
QNBA,2026-05-24,3,54.46,55.1,1.175174,-2.460521,1.909658,False
QNBA,2026-05-24,5,54.46,53.58,-1.615865,-2.460521,3.543885,False
QNBA,2026-05-24,10,54.46,51.57,-5.306647,-5.435182,3.543885,False
QNBA,2026-05-24,20,54.46,51.82,-4.847595,-5.435182,3.543885,False
QNBE,2008-03-11,3,5.77,5.62,-2.599653,-2.599653,1.733102,False
QNBE,2008-03-11,5,5.77,5.49,-4.852686,-6.932409,1.733102,False
QNBE,2008-03-11,10,5.77,5.73,-0.693241,-6.932409,1.733102,False
QNBE,2008-03-11,20,5.77,5.87,1.733102,-6.932409,2.253033,False
QNBE,2010-11-22,3,7.58,7.57,-0.131926,-4.353562,0.923483,False
QNBE,2010-11-22,5,7.58,7.64,0.791557,-4.353562,2.110818,False
QNBE,2010-11-22,10,7.58,8.04,6.068602,-4.353562,14.511873,False
QNBE,2010-11-22,20,7.58,8.51,12.269129,-4.353562,14.511873,False
QNBE,2013-11-21,3,6.42,6.07,-5.451713,-7.476636,0.0,False
QNBE,2013-11-21,5,6.42,6.16,-4.049844,-7.476636,0.0,False
QNBE,2013-11-21,10,6.42,6.27,-2.336449,-7.476636,0.0,False
QNBE,2013-11-21,20,6.42,6.82,6.23053,-7.476636,9.501558,False
QNBE,2026-05-24,3,54.46,55.1,1.175174,-2.460521,1.909658,False
QNBE,2026-05-24,5,54.46,53.58,-1.615865,-2.460521,3.543885,False
QNBE,2026-05-24,10,54.46,51.57,-5.306647,-5.435182,3.543885,False
QNBE,2026-05-24,20,54.46,51.82,-4.847595,-5.435182,3.543885,False
RAYA,2014-03-19,3,0.160046,0.160871,0.515585,-3.257558,1.24209,False
RAYA,2014-03-19,5,0.160046,0.160308,0.16405,-3.655964,5.226154,False
RAYA,2014-03-19,10,0.160046,0.140166,-12.420905,-16.404968,5.226154,False
RAYA,2014-03-19,20,0.160046,0.14538,-9.163347,-16.404968,5.226154,False
RREI,2024-01-03,3,0.956,1.065,11.401674,-2.719665,17.154812,False
RREI,2024-01-03,5,0.956,1.062,11.087866,-2.719665,17.154812,False
RREI,2024-01-03,10,0.956,1.215,27.09205,-2.719665,34.937238,False
RREI,2024-01-03,20,0.956,1.194,24.895397,-2.719665,42.050209,False
RREI,2025-05-14,3,2.4,2.24,-6.666667,-6.666667,0.833333,False
RREI,2025-05-14,5,2.4,2.3,-4.166667,-7.083333,0.833333,False
RREI,2025-05-14,10,2.4,2.34,-2.5,-9.166667,0.833333,False
RREI,2025-05-14,20,2.4,1.91,-20.416667,-27.083333,1.25,False
RTVC,2023-01-03,3,2.91,2.57,-11.683849,-11.683849,0.0,False
RTVC,2023-01-03,5,2.91,2.33,-19.931271,-19.931271,0.0,False
RTVC,2023-01-03,10,2.91,2.68,-7.90378,-23.71134,0.0,False
RTVC,2023-01-03,20,2.91,2.44,-16.151203,-23.71134,0.343643,False
RTVC,2023-12-14,3,2.71,3.0,10.701107,1.845018,11.070111,False
RTVC,2023-12-14,5,2.71,3.15,16.236162,1.845018,22.878229,False
RTVC,2023-12-14,10,2.71,4.2,54.98155,1.845018,54.98155,False
RTVC,2023-12-14,20,2.71,4.47,64.944649,1.845018,107.01107,False
SAUD,2017-01-26,3,2.259705,2.195714,-2.831807,-4.247294,4.081599,False
SAUD,2017-01-26,5,2.259705,2.223899,-1.584513,-4.247294,4.081599,False
SAUD,2017-01-26,10,2.259705,2.131667,-5.666112,-6.330558,4.081599,False
SAUD,2017-01-26,20,2.259705,2.077284,-8.072773,-15.644005,4.081599,False
SAUD,2020-11-23,3,3.533457,3.487883,-1.289768,-2.66552,1.977644,False
SAUD,2020-11-23,5,3.533457,3.594221,1.71969,-2.66552,3.181427,False
SAUD,2020-11-23,10,3.533457,3.691444,4.471195,-2.66552,7.2227,False
SAUD,2020-11-23,20,3.533457,3.381545,-4.299226,-6.27687,7.394669,False
SAUD,2020-12-03,3,3.68233,3.737018,1.485149,-0.990099,3.052805,False
SAUD,2020-12-03,5,3.68233,3.670177,-0.330033,-0.990099,3.052805,False
SAUD,2020-12-03,10,3.68233,3.542571,-3.79538,-10.066007,3.052805,False
SAUD,2020-12-03,20,3.68233,3.606374,-2.062706,-10.066007,3.052805,False
SAUD,2022-01-19,3,4.684944,4.548224,-2.918288,-3.631647,0.194553,False
SAUD,2022-01-19,5,4.684944,4.526956,-3.372244,-3.631647,0.518807,False
SAUD,2022-01-19,10,4.684944,4.46923,-4.60441,-6.614786,0.518807,False
SAUD,2022-01-19,20,4.684944,4.687982,0.064851,-9.143969,1.55642,False
SAUD,2022-01-20,3,4.684944,4.526956,-3.372244,-3.631647,0.0,False
SAUD,2022-01-20,5,4.684944,4.454039,-4.928664,-4.928664,0.518807,False
SAUD,2022-01-20,10,4.684944,4.46923,-4.60441,-6.614786,0.518807,False
SAUD,2022-01-20,20,4.684944,4.687982,0.064851,-9.143969,1.55642,False
SCTS,2019-12-22,3,41.46,41.46,0.0,-13.289918,5.523396,False
SCTS,2019-12-22,5,41.46,35.69,-13.917028,-14.134105,5.523396,False
SCTS,2019-12-22,10,41.46,35.69,-13.917028,-14.254703,5.523396,False
SCTS,2019-12-22,20,41.46,35.36,-14.712976,-22.455379,5.523396,False
SCTS,2025-05-08,3,124.99,124.99,0.0,-9.912793,0.0,False
SCTS,2025-05-08,5,124.99,124.99,0.0,-9.912793,0.0,False
SCTS,2025-05-08,10,124.99,139.18,11.352908,-9.912793,16.009281,False
SCTS,2025-05-08,20,124.99,131.97,5.584447,-9.912793,16.009281,False
SCTS,2025-05-11,3,124.99,124.99,0.0,-9.912793,0.0,False
SCTS,2025-05-11,5,124.99,124.99,0.0,-9.912793,0.0,False
SCTS,2025-05-11,10,124.99,131.04,4.840387,-9.912793,16.009281,False
SCTS,2025-05-11,20,124.99,131.97,5.584447,-9.912793,16.009281,False
SCTS,2025-05-12,3,124.99,124.99,0.0,-9.912793,0.0,False
SCTS,2025-05-12,5,124.99,124.99,0.0,-9.912793,2.208177,False
SCTS,2025-05-12,10,124.99,132.63,6.112489,-9.912793,16.009281,False
SCTS,2025-05-12,20,124.99,131.97,5.584447,-9.912793,16.009281,False
SCTS,2025-05-15,3,124.99,124.99,0.0,-6.216497,2.208177,False
SCTS,2025-05-15,5,124.99,139.18,11.352908,-6.216497,16.009281,False
SCTS,2025-05-15,10,124.99,130.03,4.032323,-6.216497,16.009281,False
SCTS,2025-05-15,20,124.99,132.06,5.656453,-6.216497,16.009281,False
SCTS,2025-05-18,3,124.99,124.99,0.0,-5.384431,2.208177,False
SCTS,2025-05-18,5,124.99,131.04,4.840387,-5.384431,16.009281,False
SCTS,2025-05-18,10,124.99,130.03,4.032323,-5.384431,16.009281,False
SCTS,2025-05-18,20,124.99,133.01,6.416513,-5.384431,16.009281,False
SCTS,2025-05-19,3,124.99,139.18,11.352908,-5.208417,16.009281,False
SCTS,2025-05-19,5,124.99,132.63,6.112489,-5.208417,16.009281,False
SCTS,2025-05-19,10,124.99,131.97,5.584447,-5.208417,16.009281,False
SCTS,2025-05-19,20,124.99,131.66,5.336427,-5.208417,16.009281,False
SEIG,2020-12-10,3,71.48,71.19,-0.405708,-1.091214,4.784555,False
SEIG,2020-12-10,5,71.48,69.51,-2.756016,-7.66648,4.784555,False
SEIG,2020-12-10,10,71.48,70.26,-1.706771,-15.486849,4.784555,False
SEIG,2020-12-10,20,71.48,76.85,7.512591,-15.486849,20.173475,False
SKPC,2013-10-29,3,7.513889,7.736111,2.957486,0.430684,3.820086,False
SKPC,2013-10-29,5,7.513889,7.847222,4.436229,0.430684,4.744301,False
SKPC,2013-10-29,10,7.513889,7.736111,2.957486,-0.739372,4.744301,False
SKPC,2013-10-29,20,7.513889,7.990741,6.346272,-0.739372,10.289587,False
SKPC,2021-06-30,3,5.527778,5.472222,-1.005025,-3.685092,5.193467,False
SKPC,2021-06-30,5,5.527778,5.527778,0.0,-3.685092,5.193467,False
SKPC,2021-06-30,10,5.527778,5.879583,6.364322,-3.685092,8.79397,False
SKPC,2021-06-30,20,5.527778,5.106528,-7.620603,-8.79397,9.379397,False
SNFC,2020-12-01,3,0.91,0.949,4.285714,-1.098901,9.67033,False
SNFC,2020-12-01,5,0.91,0.987,8.461538,-1.098901,13.736264,False
SNFC,2020-12-01,10,0.91,0.909,-0.10989,-2.197802,15.274725,False
SNFC,2020-12-01,20,0.91,0.989,8.681319,-15.934066,18.571429,False
SNFC,2024-03-04,3,1.453,1.495,2.890571,-3.165864,10.805231,False
SNFC,2024-03-04,5,1.453,1.471,1.238816,-10.461115,10.805231,False
SNFC,2024-03-04,10,1.453,1.898,30.62629,-10.461115,34.893324,False
SNFC,2024-03-04,20,1.453,1.855,27.666896,-10.461115,49.34618,False
SNFC,2024-04-16,3,1.948,2.01,3.182752,-5.030801,6.724846,False
SNFC,2024-04-16,5,1.948,2.13,9.342916,-7.597536,10.882957,False
SNFC,2024-04-16,10,1.948,2.26,16.016427,-7.597536,17.043121,False
SNFC,2024-04-16,20,1.948,2.17,11.396304,-7.597536,21.663244,False
SPIN,2016-12-08,3,1.04,0.977778,-5.982906,-6.837607,2.564103,False
SPIN,2016-12-08,5,1.04,0.986667,-5.128205,-10.25641,2.564103,False
SPIN,2016-12-08,10,1.04,1.111111,6.837607,-10.25641,11.111111,False
SPIN,2016-12-08,20,1.04,1.235556,18.803419,-10.25641,24.786325,False
SUGR,2017-05-25,3,20.33,19.39,-4.623709,-6.542056,3.295622,False
SUGR,2017-05-25,5,20.33,19.96,-1.81997,-6.542056,3.295622,False
SUGR,2017-05-25,10,20.33,20.12,-1.032956,-6.542056,8.116085,False
SUGR,2017-05-25,20,20.33,22.29,9.640925,-6.542056,12.297098,False
SUGR,2017-05-30,3,20.35,19.96,-1.916462,-6.633907,0.0,False
SUGR,2017-05-30,5,20.35,19.6,-3.685504,-6.633907,0.0,False
SUGR,2017-05-30,10,20.35,19.93,-2.063882,-6.633907,8.009828,False
SUGR,2017-05-30,20,20.35,25.65,26.044226,-6.633907,35.036855,False
SVCE,2020-09-13,3,1.677443,1.652155,-1.507538,-5.025126,0.502513,False
SVCE,2020-09-13,5,1.677443,1.685872,0.502513,-5.025126,4.020101,False
SVCE,2020-09-13,10,1.677443,1.643725,-2.01005,-8.040201,4.020101,False
SVCE,2020-09-13,20,1.677443,1.542573,-8.040201,-11.055276,4.020101,False
SVCE,2026-05-14,3,9.0,9.54,6.0,0.0,9.444444,False
SVCE,2026-05-14,5,9.0,9.19,2.111111,0.0,9.444444,False
SVCE,2026-05-14,10,9.0,9.32,3.555556,0.0,9.666667,False
SVCE,2026-05-14,20,9.0,9.39,4.333333,-9.888889,9.666667,False
SWDY,2014-10-02,3,4.632,4.599,-0.712435,-1.83506,2.547496,False
SWDY,2014-10-02,5,4.632,4.343,-6.239206,-10.146805,2.547496,False
SWDY,2014-10-02,10,4.632,4.331,-6.498273,-10.146805,2.547496,False
SWDY,2014-10-02,20,4.632,4.7,1.468048,-11.48532,3.605354,False
SWDY,2016-09-20,3,5.297,5.099,-3.737965,-4.663017,-2.133283,False
SWDY,2016-09-20,5,5.297,5.093,-3.851237,-4.663017,-2.133283,False
SWDY,2016-09-20,10,5.297,5.945,12.23334,-4.663017,15.89579,False
SWDY,2016-09-20,20,5.297,6.017,13.5926,-4.663017,20.823107,False
TALM,2024-10-02,3,10.5,10.0,-4.761905,-8.47619,3.809524,False
TALM,2024-10-02,5,10.5,9.58,-8.761905,-9.52381,3.809524,False
TALM,2024-10-02,10,10.5,9.35,-10.952381,-16.190476,3.809524,False
TALM,2024-10-02,20,10.5,9.84,-6.285714,-16.190476,3.809524,False
TMGH,2014-01-21,3,6.82,6.99,2.492669,0.0,4.83871,False
TMGH,2014-01-21,5,6.82,7.16,4.985337,0.0,6.891496,False
TMGH,2014-01-21,10,6.82,7.16,4.985337,0.0,6.891496,False
TMGH,2014-01-21,20,6.82,7.84,14.956012,0.0,18.621701,False
TMGH,2016-12-07,3,8.56,8.8,2.803738,-2.570093,4.205607,False
TMGH,2016-12-07,5,8.56,8.67,1.285047,-2.570093,4.205607,False
TMGH,2016-12-07,10,8.56,9.5,10.981308,-2.570093,13.317757,False
TMGH,2016-12-07,20,8.56,9.34,9.11215,-2.570093,13.317757,False
TMGH,2024-03-10,3,77.11,77.98,1.128258,-8.559201,5.044741,False
TMGH,2024-03-10,5,77.11,76.0,-1.439502,-8.559201,5.044741,False
TMGH,2024-03-10,10,77.11,59.8,-22.44845,-26.079627,5.044741,False
TMGH,2024-03-10,20,77.11,63.5,-17.65011,-27.908183,5.044741,False
UNIP,2018-01-02,3,0.115844,0.115428,-0.358744,-4.215247,1.61435,False
UNIP,2018-01-02,5,0.115844,0.114805,-0.896861,-4.215247,3.139013,False
UNIP,2018-01-02,10,0.115844,0.115325,-0.44843,-4.215247,3.139013,False
UNIP,2018-01-02,20,0.115844,0.1131,-2.368834,-16.266816,3.139013,False
UNIT,2022-12-29,3,3.89,4.24,8.997429,0.0,14.652956,False
UNIT,2022-12-29,5,3.89,4.07,4.627249,0.0,14.652956,False
UNIT,2022-12-29,10,3.89,3.95,1.542416,-2.056555,14.652956,False
UNIT,2022-12-29,20,3.89,4.32,11.053985,-2.056555,33.161954,False
WCDF,2010-08-16,3,29.1675,29.3325,0.565698,-0.591412,2.854204,False
WCDF,2010-08-16,5,29.1675,29.19,0.077141,-1.002828,2.854204,False
WCDF,2010-08-16,10,29.1675,29.4,0.79712,-1.311391,2.854204,False
WCDF,2010-08-16,20,29.1675,30.075,3.11134,-2.365647,7.945487,False
WCDF,2025-05-21,3,296.385,308.565,4.10952,-0.298598,4.10952,False
WCDF,2025-05-21,5,296.385,308.565,4.10952,-0.298598,4.10952,False
WCDF,2025-05-21,10,296.385,307.1475,3.631257,-0.298598,6.280682,False
WCDF,2025-05-21,20,296.385,300.135,1.265246,-1.614454,6.280682,False
ZEOT,2014-01-21,3,1.088019,1.163708,6.956522,0.0,8.695652,False
ZEOT,2014-01-21,5,1.088019,1.125864,3.478261,0.0,9.565217,False
ZEOT,2014-01-21,10,1.088019,1.248857,14.782609,0.0,20.869565,False
ZEOT,2014-01-21,20,1.088019,1.352929,24.347826,0.0,28.695652,False
