scope,gate,pass_count,fail_count,skipped_count,evaluated_count,individual_pass_rate,cumulative_pass_count,cumulative_pass_rate
CUMULATIVE_FUNNEL_GATE,valid_completed_eodhd_observation,557151,3991,0,561142,0.992888,557151.0,0.992888
CUMULATIVE_FUNNEL_GATE,valid_prior_uptrend,35593,471950,53599,507543,0.070128,35593.0,0.06343
CUMULATIVE_FUNNEL_GATE,confirmed_swing_high_found,510628,46523,3991,557151,0.916498,35593.0,0.06343
CUMULATIVE_FUNNEL_GATE,valid_impulse_low_found,507543,3085,50514,510628,0.993958,35593.0,0.06343
CUMULATIVE_FUNNEL_GATE,correction_detected,510628,46523,3991,557151,0.916498,35593.0,0.06343
CUMULATIVE_FUNNEL_GATE,support_zone_identified,507543,0,53599,507543,1.0,35593.0,0.06343
CUMULATIVE_FUNNEL_GATE,support_reached_or_approached,447694,59849,53599,507543,0.882081,30357.0,0.054099
CUMULATIVE_FUNNEL_GATE,volume_acceptable,294613,200981,65548,495594,0.594464,20358.0,0.03628
CUMULATIVE_FUNNEL_GATE,reversal_confirmation_detected,198363,309180,53599,507543,0.39083,7423.0,0.013228
CUMULATIVE_FUNNEL_GATE,entry_trigger_crossed,32709,474834,53599,507543,0.064446,1518.0,0.002705
CUMULATIVE_FUNNEL_GATE,acceptable_available_upside,502441,5102,53599,507543,0.989948,1518.0,0.002705
CUMULATIVE_FUNNEL_GATE,acceptable_reward_risk,26582,480961,53599,507543,0.052374,227.0,0.000405
CUMULATIVE_FUNNEL_GATE,confirmed_pullback_entry,210,507333,53599,507543,0.000414,210.0,0.000374
INDEPENDENT_RULE,pivot_confirmed_with_configured_radius,510628,50514,0,561142,0.90998,,
INDEPENDENT_RULE,minimum_impulse_duration,202946,304597,53599,507543,0.39986,,
INDEPENDENT_RULE,minimum_impulse_atr_size,275023,232520,53599,507543,0.541871,,
INDEPENDENT_RULE,ema20_slope_threshold,258279,249246,53617,507525,0.508899,,
INDEPENDENT_RULE,ema50_slope_threshold,265242,241932,53968,507174,0.52298,,
INDEPENDENT_RULE,correction_minimum,507543,0,53599,507543,1.0,,
INDEPENDENT_RULE,healthy_retracement_maximum,259565,247978,53599,507543,0.511415,,
INDEPENDENT_RULE,failed_retracement_limit,319581,187962,53599,507543,0.629663,,
INDEPENDENT_RULE,healthy_atr_depth_maximum,436688,70855,53599,507543,0.860396,,
INDEPENDENT_RULE,failed_atr_depth_limit,485357,22186,53599,507543,0.956287,,
INDEPENDENT_RULE,support_cluster_has_confluence,405702,104926,50514,510628,0.794516,,
INDEPENDENT_RULE,support_reached_or_approached,447694,59849,53599,507543,0.882081,,
INDEPENDENT_RULE,correction_volume_contracts_at_threshold,305346,190002,65794,495348,0.616427,,
INDEPENDENT_RULE,aggressive_volume_limit,359329,151299,50514,510628,0.7037,,
INDEPENDENT_RULE,bullish_rejection_candle,15091,495537,50514,510628,0.029554,,
INDEPENDENT_RULE,support_zone_reclaim,32476,478152,50514,510628,0.0636,,
INDEPENDENT_RULE,ema20_reclaim,29531,481097,50514,510628,0.057833,,
INDEPENDENT_RULE,close_above_previous_high,81738,428890,50514,510628,0.160073,,
INDEPENDENT_RULE,correction_trendline_break,165489,345139,50514,510628,0.324089,,
INDEPENDENT_RULE,strong_confirmation_or,198363,309180,53599,507543,0.39083,,
INDEPENDENT_RULE,entry_trigger_crossed,32709,474834,53599,507543,0.064446,,
INDEPENDENT_RULE,structural_stop_below_trigger,507528,15,53599,507543,0.99997,,
INDEPENDENT_RULE,nearest_minor_target_available,502441,8187,50514,510628,0.983967,,
INDEPENDENT_RULE,meaningful_structural_target_available,475986,34642,50514,510628,0.932158,,
INDEPENDENT_RULE,broader_structural_target_available,502441,8187,50514,510628,0.983967,,
INDEPENDENT_RULE,rr_minor_target,26733,475708,58701,502441,0.053206,,
INDEPENDENT_RULE,rr_meaningful_target,59183,416803,85156,475986,0.124338,,
INDEPENDENT_RULE,rr_broader_target,383622,118819,58701,502441,0.763517,,
INDEPENDENT_RULE,ema50_current_slope_not_invalidated,271314,239314,50514,510628,0.531334,,
