reason,all_contributing_count,primary_count
REWARD_RISK_BELOW_THRESHOLD,475859,0
ENTRY_TRIGGER_NOT_CROSSED,474834,3100
PRIOR_TREND_STRUCTURE_NOT_DESCENDING_FAILED,368676,0
MINOR_PIVOT_BEFORE_MEANINGFUL_TARGET,347465,0
NO_STRONG_REVERSAL_CONFIRMATION,309180,8801
PRIOR_TREND_IMPULSE_DURATION_VALID_FAILED,304597,0
PRIOR_TREND_EMA20_SLOPE_POSITIVE_FAILED,249301,0
PRIOR_TREND_EMA50_SLOPE_POSITIVE_FAILED,242319,0
EMA50_SLOPE_INVALIDATED,239314,0
PRIOR_TREND_EMA20_ABOVE_EMA50_AT_SWING_FAILED,236097,0
PRIOR_TREND_IMPULSE_STRENGTH_VALID_FAILED,233526,0
RETRACEMENT_TOO_DEEP,190724,0
PRIOR_TREND_PRICE_ABOVE_EMA20_AT_SWING_FAILED,182177,0
AGGRESSIVE_VOLUME_EXPANSION,151299,0
CLOSE_BELOW_STRUCTURAL_SUPPORT,96870,1934
PULLBACK_DID_NOT_REACH_SUPPORT,59849,3233
SELLING_VOLUME_EXPANDING,49682,1515
NO_CONFIRMED_SWING_HIGH,46523,46523
ESTABLISHED_DESCENDING_CHANNEL,16919,979
VOLUME_UNAVAILABLE,11949,398
NO_AVAILABLE_UPSIDE_TARGET,5102,0
ATR_UNAVAILABLE,3991,3991
NO_VALID_IMPULSE_LOW,3085,3085
AGGRESSIVE_SELLING_VOLUME_EXPANSION,0,6041
CORRECTION_EXCEEDS_RESEARCH_DEPTH_LIMIT,0,3974
DEEP_PULLBACK_REQUIRES_STRONGER_CONFIRMATION,0,3615
EMA50_DECLINING_MATERIALLY,0,212
INVALID_PRIOR_UPTREND,0,471950
REWARD_RISK_BELOW_RESEARCH_THRESHOLD,0,1512
SELLING_VOLUME_NOT_SUPPORTIVE,0,47
VOLUME_BEHAVIOUR_UNAVAILABLE,0,22
